entry_time,exit_time,net_pnl,return_pct,pnl,entry_i,exit_i,side,units,entry_reference,entry_price,exit_reference,exit_price,stop_reference,bars_held,exit_reason,reference_pnl,price_pnl,spread_slippage_cost,commission_cost,costs,cash_after,fold_id,candidate_id
2023-01-06 20:00:00+00:00,2023-01-10 13:00:00+00:00,-116.69760000000299,-0.11669760000000298,-116.69760000000299,351,501,1,0.24,11060.409,11061.759,11039.097,11037.747,10695.81975,150,signal_exit,-102.29759999999952,-115.257600000003,12.960000000003475,1.44,14.400000000003475,99883.3024,0,TREND_09_SLOW_LONG
2023-01-10 19:00:00+00:00,2023-01-12 15:00:00+00:00,637.0719999999966,0.6378163163335663,637.0719999999966,525,687,1,0.29,11169.269,11170.619,11282.109,11280.759,10843.34375,162,signal_exit,654.4720000000009,638.8119999999966,15.660000000004288,1.7399999999999998,17.400000000004287,100520.3744,0,TREND_09_SLOW_LONG
2023-01-13 20:00:00+00:00,2023-01-16 10:00:00+00:00,-365.45520000000084,-0.3635633096090029,-365.45520000000084,796,845,1,0.33,11497.999,11499.349,11445.627,11444.277,11119.040874999999,49,signal_exit,-345.655199999996,-363.4752000000008,17.820000000004825,1.98,19.800000000004825,100154.91919999999,0,TREND_09_SLOW_LONG
2023-01-17 19:00:00+00:00,2023-01-18 18:00:00+00:00,-1024.3280000000107,-1.0227435738373707,-1024.3280000000107,957,1042,1,0.38,11577.419,11578.769,11445.639,11444.288999999999,11376.269937500001,85,signal_exit,-1001.528000000005,-1022.0480000000107,20.520000000005666,2.2800000000000002,22.800000000005667,99130.59119999998,0,TREND_09_SLOW_LONG
2023-01-20 18:00:00+00:00,2023-01-25 04:00:00+00:00,2720.5667999999982,2.7444270906355683,2720.5667999999982,1216,1427,1,0.47000000000000003,11471.587,11472.937,11764.009,11762.659,11206.047999999999,211,signal_exit,2748.766800000005,2723.386799999998,25.38000000000693,2.8200000000000003,28.20000000000693,101851.15799999998,0,TREND_09_SLOW_LONG
2023-01-26 00:00:00+00:00,2023-01-30 09:00:00+00:00,1377.5100000000054,1.3524735771781855,1377.5100000000054,1500,1714,1,0.37,11847.229,11848.579,12036.379,12035.029,11524.99375,214,signal_exit,1399.710000000011,1379.7300000000052,19.980000000005703,2.2199999999999998,22.2000000000057,103228.66799999999,0,TREND_09_SLOW_LONG
2023-02-01 07:00:00+00:00,2023-02-01 15:00:00+00:00,292.8239999999835,0.2836653864408901,292.8239999999835,1884,1916,1,0.42,12057.699,12059.049,12095.559,12094.208999999999,11814.174,32,signal_exit,318.02399999998966,295.3439999999835,22.680000000006146,2.52,25.200000000006145,103521.49199999998,0,TREND_09_SLOW_LONG
2023-02-01 20:00:00+00:00,2023-02-06 01:00:00+00:00,1644.3759999999932,1.5884392392644355,1644.3759999999932,1936,2127,1,0.34,12288.579,12289.929,12533.399,12532.048999999999,11985.271875,191,signal_exit,1664.7759999999982,1646.4159999999931,18.36000000000513,2.04,20.40000000000513,105165.86799999997,0,TREND_09_SLOW_LONG
2023-02-07 21:00:00+00:00,2023-02-08 15:00:00+00:00,-275.81160000000403,-0.2622634180131563,-275.81160000000403,2296,2361,1,0.19,12725.379,12726.729000000001,12655.797,12654.447,12313.489125,65,signal_exit,-264.4116000000013,-274.67160000000405,10.260000000002776,1.1400000000000001,11.400000000002777,104890.05639999996,0,TREND_09_SLOW_LONG
2023-02-09 11:00:00+00:00,2023-02-09 19:00:00+00:00,-1114.0896000000018,-1.062149872197039,-1114.0896000000018,2434,2466,1,0.26,12672.497,12673.847,12461.249,12459.899,12412.655374999998,32,signal_exit,-1098.4895999999978,-1112.529600000002,14.040000000004056,1.56,15.600000000004057,103775.96679999995,0,TREND_09_SLOW_LONG
2023-02-13 17:00:00+00:00,2023-02-14 16:00:00+00:00,-246.97120000000845,-0.23798496666957436,-246.97120000000845,2636,2721,1,0.28,12488.849,12490.199,12447.747,12446.396999999999,12176.5835,85,signal_exit,-230.17120000000438,-245.29120000000844,15.120000000004069,1.6800000000000002,16.80000000000407,103528.99559999995,0,TREND_09_SLOW_LONG
2023-02-14 20:00:00+00:00,2023-02-15 07:00:00+00:00,-663.5616000000066,-0.6409427582624079,-663.5616000000066,2737,2774,1,0.39,12576.709,12578.059000000001,12494.637,12493.287,12190.048375,37,signal_exit,-640.161600000001,-661.2216000000067,21.06000000000563,2.34,23.40000000000563,102865.43399999995,0,TREND_09_SLOW_LONG
2023-02-16 19:00:00+00:00,2023-02-17 05:00:00+00:00,-1937.240000000003,-1.88327597004063,-1937.240000000003,2911,2944,1,0.38,12624.589,12625.939,12372.689,12371.339,12319.144374999998,33,signal_exit,-1914.4399999999973,-1934.9600000000028,20.52000000000544,2.2800000000000002,22.80000000000544,100928.19399999994,0,TREND_09_SLOW_LONG
2023-03-03 20:00:00+00:00,2023-03-07 20:00:00+00:00,-1032.3192000000067,-1.0228253960434557,-1032.3192000000067,3642,3767,1,0.33,12284.659,12286.009,12131.247,12129.896999999999,12013.859875,125,signal_exit,-1012.519200000002,-1030.3392000000067,17.82000000000471,1.98,19.80000000000471,99895.87479999993,0,TREND_09_SLOW_LONG
2023-03-09 17:00:00+00:00,2023-03-10 00:00:00+00:00,-1998.2952000000107,-2.0003780976949934,-1998.2952000000107,3887,3900,1,0.33,12274.109,12275.459,11974.337,11972.987,12008.376499999998,13,catastrophe_stop,-1978.4952000000058,-1996.3152000000107,17.82000000000494,1.98,19.80000000000494,97897.57959999991,0,TREND_09_SLOW_LONG
2023-03-14 16:00:00+00:00,2023-03-15 18:00:00+00:00,-199.72800000000626,-0.20401730136340004,-199.72800000000626,4085,4146,1,0.24,12196.289,12197.639000000001,12157.679,12156.329,11711.095625000002,61,signal_exit,-185.3280000000028,-198.28800000000626,12.960000000003475,1.44,14.400000000003475,97697.8515999999,0,TREND_09_SLOW_LONG
2023-03-21 08:00:00+00:00,2023-03-22 22:00:00+00:00,-128.4780000000047,-0.13150545062753952,-128.4780000000047,4384,4480,1,0.23,12593.949,12595.299,12569.019,12567.669,12270.0975,96,signal_exit,-114.67800000000135,-127.09800000000469,12.420000000003341,1.3800000000000001,13.800000000003342,97569.3735999999,0,TREND_09_SLOW_LONG
2023-03-27 01:00:00+00:00,2023-03-27 20:00:00+00:00,-482.8199999999962,-0.49484790378934707,-482.8199999999962,4614,4670,1,0.26,12824.899,12826.249,12735.049,12733.699,12497.928999999998,56,signal_exit,-467.21999999999247,-481.25999999999624,14.040000000003772,1.56,15.600000000003773,97086.55359999991,0,TREND_09_SLOW_LONG
2023-03-30 00:00:00+00:00,2023-04-04 23:00:00+00:00,1473.1307999999947,1.5173376182136884,1473.1307999999947,4804,5062,1,0.27,12832.457,12833.807,13108.259,13106.909,12623.333375,258,signal_exit,1489.3307999999986,1474.7507999999946,14.58000000000402,1.62,16.20000000000402,98559.68439999991,0,TREND_09_SLOW_LONG
2023-04-10 08:00:00+00:00,2023-04-11 15:00:00+00:00,-12.080000000007566,-0.012256532753272063,-12.080000000007566,5252,5336,1,0.4,12996.329,12997.679,12997.819,12996.469,12805.565374999998,84,signal_exit,11.919999999998254,-9.680000000007567,21.60000000000582,2.4000000000000004,24.00000000000582,98547.60439999991,0,TREND_09_SLOW_LONG
2023-04-14 01:00:00+00:00,2023-04-14 20:00:00+00:00,-142.7840000000131,-0.1448883520501014,-142.7840000000131,5482,5538,1,0.32,13087.029,13088.379,13067.719,13066.368999999999,12813.59175,56,signal_exit,-123.5840000000084,-140.86400000001308,17.280000000004677,1.92,19.200000000004678,98404.8203999999,0,TREND_09_SLOW_LONG
2023-04-18 11:00:00+00:00,2023-04-19 03:00:00+00:00,-668.9920000000088,-0.6798366149957523,-668.9920000000088,5651,5684,1,0.32,13172.797,13174.147,13071.267,13069.917,12941.71075,33,signal_exit,-649.7920000000042,-667.0720000000088,17.28000000000452,1.92,19.200000000004522,97735.82839999988,0,TREND_09_SLOW_LONG
2023-04-27 20:00:00+00:00,2023-05-02 17:00:00+00:00,-759.7640000000144,-0.777364874721843,-759.7640000000144,6128,6318,1,0.34,13158.369,13159.719000000001,13049.639,13048.288999999999,12908.615249999999,190,signal_exit,-739.3640000000095,-757.7240000000145,18.360000000005016,2.04,20.400000000005015,96976.06439999986,0,TREND_09_SLOW_LONG
2023-05-08 01:00:00+00:00,2023-05-09 23:00:00+00:00,-333.43200000000155,-0.34382917275822344,-333.43200000000155,6521,6645,1,0.36,13236.219,13237.569,13192.909,13191.559,12995.750624999999,124,signal_exit,-311.83199999999636,-331.2720000000016,19.440000000005227,2.16,21.600000000005227,96642.63239999986,0,TREND_09_SLOW_LONG
2023-05-10 18:00:00+00:00,2023-05-12 20:00:00+00:00,82.57919999999935,0.08544800358728584,82.57919999999935,6701,6838,1,0.33,13270.787,13272.137,13286.299,13284.949,13098.29825,137,signal_exit,102.37920000000413,84.55919999999934,17.820000000004796,1.98,19.800000000004797,96725.21159999985,0,TREND_09_SLOW_LONG
2023-05-15 20:00:00+00:00,2023-05-23 20:00:00+00:00,2378.8799999999997,2.45942082798194,2378.8799999999997,6902,7288,1,0.4,13391.409,13392.759,13691.769,13690.419,13208.076000000001,386,signal_exit,2402.8800000000047,2381.2799999999993,21.600000000005366,2.4000000000000004,24.000000000005365,99104.09159999985,0,TREND_09_SLOW_LONG
2023-05-25 17:00:00+00:00,2023-05-31 04:00:00+00:00,2614.1879999999974,2.6378204550335647,2614.1879999999974,7412,7626,1,0.3,13904.109,13905.459,14342.807,14341.457,13645.091625000001,214,signal_exit,2632.188000000002,2615.9879999999976,16.200000000004366,1.7999999999999998,18.000000000004366,101718.27959999986,0,TREND_09_SLOW_LONG
2023-06-01 21:00:00+00:00,2023-06-06 16:00:00+00:00,671.9551999999971,0.6606041732542222,671.9551999999971,7739,7924,1,0.28,14440.877,14442.227,14563.869,14562.519,14196.645499999999,185,signal_exit,688.7552000000011,673.6351999999972,15.12000000000387,1.6800000000000002,16.80000000000387,102390.23479999986,0,TREND_09_SLOW_LONG
2023-06-09 18:00:00+00:00,2023-06-19 16:00:00+00:00,3733.415999999986,3.646261781987818,3733.415999999986,8125,8506,1,0.36,14539.289,14540.639000000001,15060.819,15059.469,14292.0670625,381,signal_exit,3755.0159999999914,3735.575999999986,19.44000000000551,2.16,21.60000000000551,106123.65079999984,0,TREND_09_SLOW_LONG
2023-06-29 02:00:00+00:00,2023-06-29 19:00:00+00:00,-617.8855999999997,-0.5822317601610447,-617.8855999999997,8968,9020,1,0.29,15007.749,15009.099,14904.217,14902.867,14747.387625,52,signal_exit,-600.4855999999955,-616.1455999999997,15.660000000004175,1.7399999999999998,17.400000000004173,105505.76519999985,0,TREND_09_SLOW_LONG
2023-06-30 12:00:00+00:00,2023-06-30 20:45:00+00:00,943.8383999999955,0.8945846686300293,943.8383999999955,9069,9088,1,0.31,15015.797,15017.147,15171.029,15169.679,14778.194000000001,19,end_of_test,962.4383999999999,945.6983999999954,16.740000000004443,1.8599999999999999,18.600000000004442,106449.60359999986,0,TREND_09_SLOW_LONG
2023-07-03 03:00:00+00:00,2023-07-05 08:00:00+00:00,-383.8800000000062,-0.38388000000000616,-383.8800000000062,8,85,1,0.35000000000000003,15183.409,15184.759,15131.569,15130.219,14973.179499999998,77,signal_exit,-362.8800000000011,-381.78000000000617,18.900000000005093,2.1,21.000000000005095,99616.12,1,TREND_09_SLOW_LONG
2023-07-07 19:00:00+00:00,2023-07-10 07:00:00+00:00,-1868.2320000000038,-1.8754314060816704,-1868.2320000000038,241,274,1,0.38,15186.009,15187.359,14943.189,14941.839,14956.064999999999,33,catastrophe_stop,-1845.4319999999977,-1865.9520000000036,20.520000000005894,2.2800000000000002,22.800000000005895,97747.88799999999,1,TREND_09_SLOW_LONG
2023-07-12 02:00:00+00:00,2023-07-20 15:00:00+00:00,4301.290000000004,4.4003917506637125,4301.290000000004,383,817,1,0.35000000000000003,15120.889,15122.239,15738.359,15737.009,14877.9115,434,signal_exit,4322.290000000009,4303.390000000004,18.900000000005093,2.1,21.000000000005095,102049.17799999999,1,TREND_09_SLOW_LONG
2023-07-26 01:00:00+00:00,2023-07-26 17:00:00+00:00,-411.1200000000158,-0.4028645875031113,-411.1200000000158,1029,1081,1,0.4,15526.609,15527.959,15478.219,15476.868999999999,15329.194375,52,signal_exit,-387.12000000000995,-408.72000000001583,21.600000000005878,2.4000000000000004,24.000000000005876,101638.05799999998,1,TREND_09_SLOW_LONG
2023-07-27 03:00:00+00:00,2023-07-28 01:00:00+00:00,-792.7040000000039,-0.7799283217316137,-792.7040000000039,1102,1158,1,0.4,15581.247,15582.597,15485.159,15483.809,15371.386312499999,56,signal_exit,-768.7039999999979,-790.3040000000038,21.600000000005934,2.4000000000000004,24.000000000005933,100845.35399999998,1,TREND_09_SLOW_LONG
2023-07-28 15:00:00+00:00,2023-08-01 09:00:00+00:00,219.26519999999357,0.2174271707152653,219.26519999999357,1206,1347,1,0.33,15690.207,15691.557,15726.429,15725.079,15356.747625,141,signal_exit,239.06519999999838,221.2451999999936,17.820000000004796,1.98,19.800000000004797,101064.61919999997,1,TREND_09_SLOW_LONG
2023-08-04 17:00:00+00:00,2023-08-07 03:00:00+00:00,-1098.786000000012,-1.087211339336855,-1098.786000000012,1646,1679,1,0.39,15487.449,15488.799,15349.579,15348.229,15129.646875,33,signal_exit,-1075.3860000000063,-1096.446000000012,21.06000000000563,2.34,23.40000000000563,99965.83319999996,1,TREND_09_SLOW_LONG
2023-08-15 00:00:00+00:00,2023-08-15 10:00:00+00:00,-526.2000000000087,-0.5263798471496247,-526.2000000000087,2201,2241,1,0.3,15244.099,15245.449,15159.399,15158.048999999999,14900.3455,40,signal_exit,-508.2000000000043,-524.4000000000087,16.200000000004422,1.7999999999999998,18.000000000004423,99439.63319999997,1,TREND_09_SLOW_LONG
2023-08-21 11:00:00+00:00,2023-08-24 17:00:00+00:00,993.1839999999858,0.9987808362108741,993.1839999999858,2601,2892,1,0.41000000000000003,14781.099,14782.449,14905.219,14903.868999999999,14527.239,291,signal_exit,1017.7839999999918,995.6439999999858,22.14000000000601,2.46,24.600000000006013,100432.81719999996,1,TREND_09_SLOW_LONG
2023-08-28 11:00:00+00:00,2023-09-01 16:00:00+00:00,2564.5984000000008,2.5535462127811366,2564.5984000000008,3046,3422,1,0.26,14970.607,14971.957,15466.799,15465.449,14656.526875,376,signal_exit,2580.198400000005,2566.158400000001,14.040000000004056,1.56,15.600000000004057,102997.41559999996,1,TREND_09_SLOW_LONG
2023-09-04 11:00:00+00:00,2023-09-05 01:00:00+00:00,-362.82400000000257,-0.35226514945682064,-362.82400000000257,3491,3527,1,0.44,15536.989,15538.339,15498.759,15497.409,15331.7425,36,signal_exit,-336.42399999999617,-360.1840000000026,23.760000000006414,2.64,26.400000000006415,102634.59159999996,1,TREND_09_SLOW_LONG
2023-09-11 05:00:00+00:00,2023-09-12 17:00:00+00:00,348.7679999999923,0.33981525581477784,348.7679999999923,3899,4036,1,0.48,15306.857,15308.207,15346.187,15344.837,15061.75925,137,signal_exit,377.5679999999993,351.6479999999923,25.920000000007008,2.88,28.800000000007007,102983.35959999995,1,TREND_09_SLOW_LONG
2023-09-13 19:00:00+00:00,2023-09-15 15:00:00+00:00,-818.382800000006,-0.7946747932663155,-818.382800000006,4133,4295,1,0.47000000000000003,15401.749,15403.099,15317.687,15316.337,15140.943625,162,signal_exit,-790.1827999999991,-815.5628000000061,25.38000000000693,2.8200000000000003,28.20000000000693,102164.97679999995,1,TREND_09_SLOW_LONG
2023-09-28 18:00:00+00:00,2023-10-02 14:00:00+00:00,-269.72640000001496,-0.26401063108743844,-269.72640000001496,5105,5267,1,0.36,14738.029,14739.379,14703.567,14702.216999999999,14397.380875,162,signal_exit,-248.12640000000977,-267.566400000015,19.440000000005227,2.16,21.600000000005227,101895.25039999993,1,TREND_09_SLOW_LONG
2023-10-03 06:00:00+00:00,2023-10-03 14:00:00+00:00,-731.0100000000072,-0.7174132230210484,-731.0100000000072,5324,5356,1,0.35000000000000003,14800.089,14801.439,14698.659,14697.309,14478.941437500001,32,signal_exit,-710.010000000002,-728.9100000000072,18.900000000005207,2.1,21.00000000000521,101164.24039999992,1,TREND_09_SLOW_LONG
2023-10-05 05:00:00+00:00,2023-10-05 15:00:00+00:00,-572.1120000000114,-0.5655278957642546,-572.1120000000114,5498,5538,1,0.29,14793.289,14794.639000000001,14697.649,14696.298999999999,14478.33625,40,signal_exit,-554.7120000000072,-570.3720000000114,15.660000000004288,1.7399999999999998,17.400000000004287,100592.12839999991,1,TREND_09_SLOW_LONG
2023-10-06 18:00:00+00:00,2023-10-12 19:00:00+00:00,1142.6879999999942,1.135961648466318,1142.6879999999942,5639,5999,1,0.24,14909.329,14910.679,15150.389,15149.038999999999,14535.249624999999,360,signal_exit,1157.0879999999975,1144.1279999999942,12.96000000000322,1.44,14.40000000000322,101734.81639999991,1,TREND_09_SLOW_LONG
2023-10-17 05:00:00+00:00,2023-10-17 13:00:00+00:00,-231.4959999999989,-0.22754845213442493,-231.4959999999989,6210,6242,1,0.38,15150.719,15152.069,15123.259,15121.909,14880.833,32,signal_exit,-208.69599999999338,-229.21599999999893,20.520000000005552,2.2800000000000002,22.800000000005554,101503.32039999991,1,TREND_09_SLOW_LONG
2023-10-24 09:00:00+00:00,2023-10-24 18:00:00+00:00,-427.1520000000005,-0.42082564227130537,-427.1520000000005,6671,6707,1,0.33,14685.719,14687.069,14623.999,14622.649,14406.207875,36,signal_exit,-407.35199999999577,-425.1720000000005,17.82000000000471,1.98,19.80000000000471,101076.16839999991,1,TREND_09_SLOW_LONG
2023-10-30 19:00:00+00:00,2023-10-31 05:00:00+00:00,-564.0880000000018,-0.5580820968278832,-564.0880000000018,7067,7100,1,0.28,14352.819,14354.169,14255.089,14253.739,14024.122125,33,signal_exit,-547.2879999999976,-562.4080000000017,15.120000000004097,1.6800000000000002,16.800000000004097,100512.0803999999,1,TREND_09_SLOW_LONG
2023-10-31 19:00:00+00:00,2023-11-07 08:00:00+00:00,3959.7599999999984,3.939586151477173,3959.7599999999984,7156,7553,1,0.28,14401.899,14403.249,15111.999,15110.649,14078.349375,397,signal_exit,3976.5600000000027,3961.4399999999987,15.120000000003984,1.6800000000000002,16.800000000003983,104471.8403999999,1,TREND_09_SLOW_LONG
2023-11-10 18:00:00+00:00,2023-11-16 03:00:00+00:00,2991.2447999999904,2.8632067632264984,2991.2447999999904,7860,8156,1,0.48,15452.849,15454.199,15767.437,15766.087,15191.838125,296,signal_exit,3020.0447999999974,2994.1247999999905,25.920000000006894,2.88,28.800000000006893,107463.08519999988,1,TREND_09_SLOW_LONG
2023-11-17 11:00:00+00:00,2023-11-20 00:00:00+00:00,-350.6156000000045,-0.3262660841604098,-350.6156000000045,8277,8322,1,0.41000000000000003,15844.287,15845.637,15804.529,15803.179,15667.14525,45,signal_exit,-326.0155999999985,-348.1556000000045,22.140000000005955,2.46,24.600000000005956,107112.46959999988,1,TREND_09_SLOW_LONG
2023-11-20 16:00:00+00:00,2023-11-22 03:00:00+00:00,-149.68199999999544,-0.1397428334525074,-149.68199999999544,8386,8512,1,0.39,15941.819,15943.169,15925.629,15924.279,15747.7715,126,signal_exit,-126.2819999999898,-147.34199999999547,21.060000000005672,2.34,23.400000000005672,106962.78759999988,1,TREND_09_SLOW_LONG
2023-11-22 11:00:00+00:00,2023-11-24 04:00:00+00:00,541.4399999999815,0.5061947357101061,541.4399999999815,8544,8677,1,0.64,15973.967,15975.317000000001,16019.267,16017.917,15816.551750000002,133,signal_exit,579.8399999999907,545.2799999999814,34.56000000000927,3.84,38.40000000000927,107504.22759999987,1,TREND_09_SLOW_LONG
2023-11-28 21:00:00+00:00,2023-11-30 09:00:00+00:00,-175.86400000000663,-0.16358798525985302,-175.86400000000663,8907,9037,1,0.76,16007.559,16008.909,15998.989,15997.639,15791.778375,130,signal_exit,-130.26399999999558,-171.30400000000662,41.04000000001105,4.5600000000000005,45.60000000001105,107328.36359999987,1,TREND_09_SLOW_LONG
2023-12-06 03:00:00+00:00,2023-12-06 17:00:00+00:00,-463.9200000000041,-0.43224361616932794,-463.9200000000041,9369,9425,1,0.4,15944.419,15945.769,15889.429,15888.079,15671.241250000001,56,signal_exit,-439.91999999999825,-461.52000000000413,21.600000000005878,2.4000000000000004,24.000000000005876,106864.44359999987,1,TREND_09_SLOW_LONG
2023-12-07 15:00:00+00:00,2023-12-15 10:00:00+00:00,5785.3460000000005,5.4137239713284835,5785.3460000000005,9506,10020,1,0.41000000000000003,15886.789,15888.139000000001,16595.319,16593.969,15656.531875000002,514,signal_exit,5809.945999999991,5787.806,22.139999999991232,2.46,24.599999999991233,112649.78959999987,1,TREND_09_SLOW_LONG
2023-12-22 11:00:00+00:00,2023-12-29 03:00:00+00:00,1653.2160000000194,1.4675713162628234,1653.2160000000194,10469,10793,1,0.48,16733.269,16734.619,16908.479,16907.129,16544.030875,324,signal_exit,1682.0159999999917,1656.0960000000196,25.919999999972106,2.88,28.799999999972105,114303.00559999989,1,TREND_09_SLOW_LONG
2024-01-02 08:00:00+00:00,2024-01-02 15:00:00+00:00,-1817.495999999981,-1.817495999999981,-1817.495999999981,35,63,1,0.36,16829.269,16830.619,16579.839,16578.489,16608.654625000003,28,catastrophe_stop,-1795.8960000000018,-1815.3359999999811,19.439999999979364,2.16,21.599999999979364,98182.50400000002,2,TREND_09_SLOW_LONG
2024-01-08 16:00:00+00:00,2024-01-11 17:00:00+00:00,873.7320000000308,0.8899060060640037,873.7320000000308,419,685,1,0.34,16501.369,16502.718999999997,16632.859,16631.509000000002,16215.112375,266,signal_exit,894.132000000011,875.7720000000307,18.359999999980232,2.04,20.39999999998023,99056.23600000005,2,TREND_09_SLOW_LONG
2024-01-15 05:00:00+00:00,2024-01-16 00:00:00+00:00,-431.82699999997527,-0.4359412566413033,-431.82699999997527,815,871,1,0.37,16852.909,16854.259,16797.554,16796.204,16594.08025,56,signal_exit,-409.62699999999677,-429.60699999997524,19.979999999978475,2.2199999999999998,22.199999999978473,98624.40900000007,2,TREND_09_SLOW_LONG
2024-01-18 14:00:00+00:00,2024-01-23 09:00:00+00:00,3494.1348000000253,3.5428702036632966,3494.1348000000253,1105,1352,1,0.39,16858.553,16859.903,17309.519,17308.169,16572.4986875,247,signal_exit,3517.5348000000035,3496.4748000000254,21.059999999978118,2.34,23.399999999978117,102118.5438000001,2,TREND_09_SLOW_LONG
2024-01-24 00:00:00+00:00,2024-01-25 19:00:00+00:00,12.472200000009762,0.012213452656000124,12.472200000009762,1405,1570,1,0.39,17451.254,17452.604,17455.853,17454.503,17198.4790625,165,signal_exit,35.87219999998706,14.812200000009762,21.0599999999773,2.34,23.3999999999773,102131.01600000012,2,TREND_09_SLOW_LONG
2024-01-26 17:00:00+00:00,2024-01-29 03:00:00+00:00,-630.0305999999658,-0.6168846885846754,-630.0305999999658,1651,1684,1,0.41000000000000003,17495.62,17496.969999999998,17421.787,17420.437,17179.6796875,33,signal_exit,-605.4305999999896,-627.5705999999658,22.139999999976226,2.46,24.599999999976227,101500.98540000017,2,TREND_09_SLOW_LONG
2024-01-29 18:00:00+00:00,2024-01-30 15:00:00+00:00,586.6800000000163,0.5780042407351992,586.6800000000163,1744,1821,1,0.4,17486.775,17488.125,17563.11,17561.760000000002,17221.3565625,77,signal_exit,610.679999999993,589.0800000000164,21.599999999976603,2.4000000000000004,23.999999999976602,102087.66540000019,2,TREND_09_SLOW_LONG
2024-02-02 00:00:00+00:00,2024-02-05 16:00:00+00:00,26.052400000002525,0.025519635401518817,26.052400000002525,2028,2181,1,0.31,17496.719,17498.069,17503.921,17502.571,17136.566187499997,153,signal_exit,44.65239999998448,27.912400000002524,16.739999999981958,1.8599999999999999,18.599999999981957,102113.7178000002,2,TREND_09_SLOW_LONG
2024-02-07 13:00:00+00:00,2024-02-13 03:00:00+00:00,1572.6836000000078,1.5401296063671523,1572.6836000000078,2347,2663,1,0.34,17622.054,17623.404,17856.331,17854.981,17399.538,316,signal_exit,1593.083599999988,1574.7236000000078,18.359999999980346,2.04,20.399999999980345,103686.4014000002,2,TREND_09_SLOW_LONG
2024-02-15 03:00:00+00:00,2024-02-15 15:00:00+00:00,-437.59199999998094,-0.4220341279970201,-437.59199999998094,2841,2889,1,0.4,17804.219,17805.569,17752.52,17751.170000000002,17503.01975,48,signal_exit,-413.5920000000042,-435.19199999998096,21.599999999976774,2.4000000000000004,23.999999999976772,103248.80940000023,2,TREND_09_SLOW_LONG
2024-02-16 08:00:00+00:00,2024-02-16 16:00:00+00:00,-1189.0427999999883,-1.151628582363087,-1189.0427999999883,2950,2982,1,0.38,17898.685,17900.035,17745.232,17743.882,17691.5970625,32,signal_exit,-1166.2428000000102,-1186.7627999999881,20.519999999977927,2.2800000000000002,22.799999999977928,102059.76660000025,2,TREND_09_SLOW_LONG
2024-02-22 02:00:00+00:00,2024-02-26 06:00:00+00:00,1128.2640000000274,1.1054934158550431,1128.2640000000274,3269,3463,1,0.3,17713.51,17714.859999999997,17904.554,17903.204,17345.069124999998,194,signal_exit,1146.2640000000101,1130.0640000000276,16.199999999982538,1.7999999999999998,17.99999999998254,103188.03060000029,2,TREND_09_SLOW_LONG
2024-02-26 18:00:00+00:00,2024-02-27 04:00:00+00:00,-523.2079999999966,-0.5070433043035469,-523.2079999999966,3511,3544,1,0.35000000000000003,17982.775,17984.125,17911.031,17909.681,17726.9768125,33,signal_exit,-502.20800000001697,-521.1079999999967,18.899999999979684,2.1,20.999999999979686,102664.82260000029,2,TREND_09_SLOW_LONG
2024-02-27 12:00:00+00:00,2024-02-28 02:00:00+00:00,11.818000000024332,0.011511245722470375,11.818000000024332,3576,3625,1,0.38,17960.121,17961.470999999998,17964.676,17963.326,17756.8198125,49,signal_exit,34.61800000000221,14.098000000024333,20.519999999977877,2.2800000000000002,22.799999999977878,102676.64060000032,2,TREND_09_SLOW_LONG
2024-02-29 20:00:00+00:00,2024-03-05 05:00:00+00:00,1500.7946000000443,1.4616709226460993,1500.7946000000443,3786,3993,1,0.43,17997.51,17998.859999999997,18175.021,18173.671000000002,17710.013812499998,207,signal_exit,1526.5946000000192,1503.3746000000442,23.219999999975016,2.58,25.799999999975014,104177.43520000037,2,TREND_09_SLOW_LONG
2024-03-07 14:00:00+00:00,2024-03-08 21:00:00+00:00,-850.6445999999544,-0.816534404371621,-850.6445999999544,4207,4324,1,0.39,18128.689,18130.038999999997,18022.632,18021.282000000003,17835.082749999998,117,signal_exit,-827.2445999999771,-848.3045999999545,21.05999999997732,2.34,23.39999999997732,103326.79060000041,2,TREND_09_SLOW_LONG
2024-03-12 16:00:00+00:00,2024-03-13 13:00:00+00:00,8.43900000002701,0.008167291320114782,8.43900000002701,4485,4562,1,0.29,18159.498,18160.847999999998,18163.953,18162.603000000003,17794.2451875,77,signal_exit,25.83900000001013,10.179000000027008,15.659999999983123,1.7399999999999998,17.399999999983123,103335.22960000044,2,TREND_09_SLOW_LONG
2024-03-14 09:00:00+00:00,2024-03-14 17:00:00+00:00,-1017.7795999999786,-0.9849299255826826,-1017.7795999999786,4635,4667,1,0.31,18162.487,18163.837,18001.329,17999.979000000003,17963.204875000003,32,signal_exit,-999.1795999999965,-1015.9195999999787,16.73999999998216,1.8599999999999999,18.59999999998216,102317.45000000048,2,TREND_09_SLOW_LONG
2024-03-18 16:00:00+00:00,2024-03-19 03:00:00+00:00,-718.7333999999892,-0.7024543711751865,-718.7333999999892,4841,4878,1,0.33,18044.308,18045.658,17938.409,17937.059,17734.025125,37,signal_exit,-698.9334000000084,-716.7533999999891,17.819999999980723,1.98,19.799999999980724,101598.71660000048,2,TREND_09_SLOW_LONG
2024-03-19 18:00:00+00:00,2024-03-20 07:00:00+00:00,-93.20519999997676,-0.09173856040616198,-93.20519999997676,4938,4983,1,0.33,18016.254,18017.604,18005.132,18003.782000000003,17677.754249999998,45,signal_exit,-73.40519999999597,-91.22519999997677,17.819999999980794,1.98,19.799999999980795,101505.5114000005,2,TREND_09_SLOW_LONG
2024-03-22 19:00:00+00:00,2024-03-25 05:00:00+00:00,-236.57039999997886,-0.2330616305825318,-236.57039999997886,5209,5242,1,0.36,18360.799,18362.148999999998,18330.942,18329.592,18106.1374375,33,signal_exit,-214.97039999999976,-234.41039999997884,19.43999999997908,2.16,21.59999999997908,101268.94100000052,2,TREND_09_SLOW_LONG
2024-04-01 05:00:00+00:00,2024-04-01 16:00:00+00:00,-874.7199999999553,-0.8637594027965108,-874.7199999999553,5590,5634,1,0.44,18366.242,18367.591999999997,18269.842,18268.492000000002,18135.159125,44,signal_exit,-848.3199999999808,-872.0799999999552,23.75999999997441,2.64,26.399999999974412,100394.22100000056,2,TREND_09_SLOW_LONG
2024-04-04 03:00:00+00:00,2024-04-04 20:00:00+00:00,-1555.7615999999887,-1.5496525442435378,-1555.7615999999887,5849,5917,1,0.36,18236.632,18237.982,18023.554,18022.204,17977.508312500002,68,signal_exit,-1534.1616000000097,-1553.6015999999888,19.439999999979136,2.16,21.599999999979136,98838.45940000057,2,TREND_09_SLOW_LONG
2024-04-10 04:00:00+00:00,2024-04-10 14:00:00+00:00,-1438.7671999999739,-1.4556754614894023,-1438.7671999999739,6209,6249,1,0.26,18190.975,18192.324999999997,17917.289,17915.939000000002,17922.045062499998,40,catastrophe_stop,-1423.167199999989,-1437.207199999974,14.039999999984957,1.56,15.599999999984957,97399.6922000006,2,TREND_09_SLOW_LONG
2024-04-11 20:00:00+00:00,2024-04-12 16:00:00+00:00,-1315.1327999999899,-1.3502432813642729,-1315.1327999999899,6362,6435,1,0.24,18297.14,18298.489999999998,18026.154,18024.804,17874.30575,73,signal_exit,-1300.7328000000039,-1313.6927999999898,12.95999999998594,1.44,14.399999999985939,96084.55940000061,2,TREND_09_SLOW_LONG
2024-04-15 15:00:00+00:00,2024-04-15 19:00:00+00:00,-1844.7407999999855,-1.919913887849887,-1844.7407999999855,6520,6536,1,0.24,18132.631,18133.981,17751.31,17749.960000000003,17822.546125,16,catastrophe_stop,-1830.3407999999997,-1843.3007999999854,12.959999999985712,1.44,14.399999999985711,94239.81860000062,2,TREND_09_SLOW_LONG
2024-04-23 10:00:00+00:00,2024-04-25 03:00:00+00:00,420.840000000022,0.4465628290163317,420.840000000022,7034,7184,1,0.25,17241.297,17242.646999999997,17328.465,17327.115,16949.46825,150,signal_exit,435.8400000000074,422.340000000022,13.499999999985448,1.5,14.999999999985448,94660.65860000065,2,TREND_09_SLOW_LONG
2024-04-26 00:00:00+00:00,2024-04-30 11:00:00+00:00,414.9600000000092,0.4383658492737408,414.9600000000092,7261,7480,1,0.21,17646.965,17648.315,17748.765,17747.415,17196.850625000003,219,signal_exit,427.55999999999693,416.2200000000092,11.339999999987754,1.26,12.599999999987753,95075.61860000066,2,TREND_09_SLOW_LONG
2024-05-02 21:00:00+00:00,2024-05-03 08:00:00+00:00,337.4406000000154,0.354918121984234,337.4406000000154,7698,7735,1,0.21,17543.554,17544.904,17626.897,17625.547000000002,17102.8440625,37,signal_exit,350.04060000000317,338.7006000000154,11.339999999987754,1.26,12.599999999987753,95413.05920000067,2,TREND_09_SLOW_LONG
2024-05-10 01:00:00+00:00,2024-05-10 16:00:00+00:00,-122.66879999995697,-0.12856604853516332,-122.66879999995697,8152,8212,1,0.48,18132.999,18134.349,18123.221,18121.871000000003,17890.8448125,60,signal_exit,-93.86879999998492,-119.78879999995698,25.919999999972063,2.88,28.799999999972062,95290.39040000072,2,TREND_09_SLOW_LONG
2024-05-14 11:00:00+00:00,2024-05-17 07:00:00+00:00,3531.6848000000314,3.7062339499031003,3531.6848000000314,8370,8621,1,0.49,18206.553,18207.903,18569.929,18568.579,18076.0749375,251,signal_exit,3561.0848000000024,3534.624800000031,26.459999999971387,2.94,29.39999999997139,98822.07520000075,2,TREND_09_SLOW_LONG
2024-05-20 13:00:00+00:00,2024-05-21 14:00:00+00:00,356.6530000000596,0.3609041798386125,356.6530000000596,8734,8827,1,0.55,18594.976,18596.325999999997,18630.399,18629.049000000003,18453.3289375,93,signal_exit,389.65300000002753,359.95300000005955,29.699999999967986,3.3000000000000003,32.99999999996798,99178.72820000081,2,TREND_09_SLOW_LONG
2024-05-21 20:00:00+00:00,2024-05-22 20:00:00+00:00,-402.1299999999683,-0.4054599280493344,-402.1299999999683,8851,8940,1,0.5,18684.132,18685.482,18646.919,18645.569000000003,18505.1685,89,signal_exit,-372.1299999999974,-399.1299999999683,26.999999999970896,3.0,29.999999999970896,98776.59820000085,2,TREND_09_SLOW_LONG
2024-05-24 17:00:00+00:00,2024-05-28 14:00:00+00:00,127.72980000003766,0.12931180292462893,127.72980000003766,9106,9259,1,0.33,18824.689,18826.038999999997,18847.042,18845.692000000003,18527.812,153,signal_exit,147.52980000001844,129.70980000003766,17.81999999998078,1.98,19.79999999998078,98904.32800000088,2,TREND_09_SLOW_LONG
2024-06-03 11:00:00+00:00,2024-06-03 19:00:00+00:00,-599.261599999976,-0.6059002797127044,-599.261599999976,9603,9635,1,0.28,18614.198,18615.548,18510.187,18508.837000000003,18265.3814375,32,signal_exit,-582.4615999999922,-597.581599999976,15.119999999983747,1.6800000000000002,16.799999999983747,98305.06640000091,2,TREND_09_SLOW_LONG
2024-06-05 01:00:00+00:00,2024-06-07 14:00:00+00:00,1256.515000000014,1.278179290258841,1256.515000000014,9741,9971,1,0.25,18689.886,18691.235999999997,18944.189,18942.839,18326.445,230,signal_exit,1271.5149999999994,1258.015000000014,13.499999999985448,1.5,14.999999999985448,99561.58140000093,2,TREND_09_SLOW_LONG
2024-06-10 18:00:00+00:00,2024-06-11 11:00:00+00:00,-559.6727999999968,-0.5621373145444951,-559.6727999999968,10076,10137,1,0.46,19071.631,19072.981,19013.797,19012.447,18792.627062500003,61,signal_exit,-532.0728000000236,-556.9127999999968,24.8399999999732,2.7600000000000002,27.599999999973203,99001.90860000093,2,TREND_09_SLOW_LONG
2024-06-11 20:00:00+00:00,2024-06-14 11:00:00+00:00,2957.7996000000135,2.9876187659678974,2957.7996000000135,10173,10404,1,0.42,19177.089,19178.439,19532.208,19530.858,18927.3796875,231,signal_exit,2982.9995999999896,2960.319600000014,22.679999999975735,2.52,25.199999999975734,101959.70820000094,2,TREND_09_SLOW_LONG
2024-06-17 00:00:00+00:00,2024-06-19 07:00:00+00:00,1753.152800000021,1.7194564705511828,1753.152800000021,10449,10655,1,0.38,19699.219,19700.569,19932.897,19931.547000000002,19422.8940625,206,signal_exit,1775.9527999999991,1755.4328000000212,20.519999999977927,2.2800000000000002,22.799999999977928,103712.86100000096,2,TREND_09_SLOW_LONG
2024-06-26 05:00:00+00:00,2024-06-26 14:00:00+00:00,-462.79739999996735,-0.4462295182465008,-462.79739999996735,11079,11115,1,0.39,19727.297,19728.646999999997,19670.964,19669.614,19459.641125000002,36,signal_exit,-439.39739999999006,-460.4573999999673,21.059999999977265,2.34,23.399999999977265,103250.063600001,2,TREND_09_SLOW_LONG
2024-06-27 15:00:00+00:00,2024-06-28 21:00:00+00:00,-876.1607999999683,-0.8485813659101319,-876.1607999999683,11208,11321,1,0.36,19800.908,19802.257999999998,19682.219,19680.869000000002,19527.82925,113,signal_exit,-854.5607999999891,-874.0007999999682,19.439999999979136,2.16,21.599999999979136,102373.90280000103,2,TREND_09_SLOW_LONG
2024-07-02 16:00:00+00:00,2024-07-11 16:00:00+00:00,4283.9160000000375,4.283916000000038,4283.9160000000375,67,665,1,0.42,19871.886,19873.235999999997,20384.876,20383.526,19566.967874999995,598,signal_exit,4309.116000000014,4286.436000000038,22.679999999975735,2.52,25.199999999975734,104283.91600000004,3,TREND_09_SLOW_LONG
2024-07-15 06:00:00+00:00,2024-07-15 14:00:00+00:00,64.96000000002108,0.06229148510305372,64.96000000002108,803,835,1,0.29,20379.608,20380.958,20393.808,20392.458000000002,20042.20475,32,signal_exit,82.36000000000422,66.70000000002109,15.659999999983128,1.7399999999999998,17.399999999983127,104348.87600000006,3,TREND_09_SLOW_LONG
2024-07-23 05:00:00+00:00,2024-07-23 14:00:00+00:00,166.8654000000247,0.15991106602818086,166.8654000000247,1317,1353,1,0.27,19755.831,19757.180999999997,19789.732,19788.382,19358.803874999998,36,signal_exit,183.06540000000896,168.4854000000247,14.579999999984267,1.62,16.199999999984268,104515.74140000009,3,TREND_09_SLOW_LONG
2024-07-29 09:00:00+00:00,2024-07-29 20:00:00+00:00,-70.89719999999244,-0.06783399232528659,-70.89719999999244,1689,1733,1,0.22,19087.41,19088.76,19074.297,19072.947,18708.529125,44,signal_exit,-57.69720000000525,-69.57719999999244,11.879999999987191,1.32,13.199999999987192,104444.8442000001,3,TREND_09_SLOW_LONG
2024-07-31 14:00:00+00:00,2024-08-01 17:00:00+00:00,-723.7759999999865,-0.6929743689540455,-723.7759999999865,1887,1988,1,0.2,19203.176,19204.525999999998,19025.232,19023.882,18764.0976875,101,signal_exit,-711.775999999998,-722.5759999999865,10.799999999988472,1.2000000000000002,11.999999999988471,103721.0682000001,3,TREND_09_SLOW_LONG
2024-08-07 05:00:00+00:00,2024-08-07 13:00:00+00:00,14.961600000007893,0.014424841798927675,14.961600000007893,2295,2327,1,0.12,18277.708,18279.057999999997,18286.942,18285.592,17444.187625,32,signal_exit,22.161600000000906,15.681600000007892,6.479999999993014,0.72,7.199999999993014,103736.0298000001,3,TREND_09_SLOW_LONG
2024-08-08 17:00:00+00:00,2024-08-12 15:00:00+00:00,350.71920000001086,0.3380881268313302,350.71920000001086,2432,2602,1,0.12,18291.998,18293.347999999998,18441.131,18439.781000000003,17539.476499999997,170,signal_exit,357.9192000000039,351.4392000000109,6.4799999999930264,0.72,7.199999999993026,104086.74900000011,3,TREND_09_SLOW_LONG
2024-08-19 20:00:00+00:00,2024-08-21 09:00:00+00:00,255.42160000000038,0.24539300386834073,255.42160000000038,3066,3200,1,0.28,19677.275,19678.625,19725.886,19724.536,19333.0791875,134,signal_exit,272.22159999998405,257.10160000000036,15.11999999998369,1.6800000000000002,16.79999999998369,104342.17060000011,3,TREND_09_SLOW_LONG
2024-08-21 20:00:00+00:00,2024-08-22 17:00:00+00:00,-1232.345599999982,-1.18106187835044,-1232.345599999982,3244,3321,1,0.32,19814.408,19815.757999999998,19624.854,19623.504,19487.489375,77,signal_exit,-1213.1456000000007,-1230.4255999999818,17.2799999999811,1.92,19.199999999981102,103109.82500000013,3,TREND_09_SLOW_LONG
2024-08-26 10:00:00+00:00,2024-08-26 18:00:00+00:00,-1528.5583999999833,-1.4824565942188164,-1528.5583999999833,3471,3503,1,0.34,19768.608,19769.958,19546.82,19545.47,19437.514124999998,32,signal_exit,-1508.1584000000032,-1526.5183999999833,18.35999999998012,2.04,20.399999999980118,101581.26660000013,3,TREND_09_SLOW_LONG
2024-08-30 15:00:00+00:00,2024-09-02 04:00:00+00:00,15.636600000019678,0.015393192586968252,15.636600000019678,3847,3892,1,0.21,19539.386,19540.735999999997,19546.109,19544.759000000002,19116.562062499997,45,signal_exit,28.236600000007456,16.896600000019678,11.339999999987779,1.26,12.599999999987778,101596.90320000015,3,TREND_09_SLOW_LONG
2024-09-02 11:00:00+00:00,2024-09-03 11:00:00+00:00,-514.1219999999871,-0.5060410148406831,-514.1219999999871,3920,3996,1,0.21,19538.753,19540.103,19419.343,19417.993000000002,19224.740375,76,signal_exit,-501.52199999999937,-512.8619999999871,11.339999999987754,1.26,12.599999999987753,101082.78120000016,3,TREND_09_SLOW_LONG
2024-09-10 20:00:00+00:00,2024-09-11 16:00:00+00:00,-821.1305999999873,-0.8123347915955305,-821.1305999999873,4477,4550,1,0.19,18794.017,18795.367,18580.93,18579.58,18328.0346875,73,signal_exit,-809.7305999999982,-819.9905999999872,10.259999999989077,1.1400000000000001,11.399999999989078,100261.65060000017,3,TREND_09_SLOW_LONG
2024-09-17 10:00:00+00:00,2024-09-17 18:00:00+00:00,-589.6745999999871,-0.588135739309269,-589.6745999999871,4881,4913,1,0.27,19493.753,19495.103,19387.554,19386.204,19231.66475,32,signal_exit,-573.474600000003,-588.0545999999872,14.579999999984238,1.62,16.19999999998424,99671.97600000018,3,TREND_09_SLOW_LONG
2024-09-19 06:00:00+00:00,2024-09-24 16:00:00+00:00,1534.0052000000194,1.539053665395393,1534.0052000000194,5043,5350,1,0.34,19621.721,19623.071,19850.31,19848.960000000003,19204.2306875,307,signal_exit,1554.4051999999997,1536.0452000000193,18.359999999980346,2.04,20.399999999980345,101205.9812000002,3,TREND_09_SLOW_LONG
2024-09-25 14:00:00+00:00,2024-09-27 15:00:00+00:00,1559.418000000028,1.5408358098108386,1559.418000000028,5431,5613,1,0.42,19921.798,19923.147999999997,20110.443,20109.093,19650.3975625,182,signal_exit,1584.6180000000036,1561.938000000028,22.679999999975507,2.52,25.199999999975507,102765.39920000023,3,TREND_09_SLOW_LONG
2024-10-01 14:00:00+00:00,2024-10-01 16:00:00+00:00,-2066.645999999976,-2.011032911941407,-2066.645999999976,5787,5795,1,0.3,20063.662,20065.012,19722.221,19720.871000000003,19724.7435625,8,catastrophe_stop,-2048.645999999994,-2064.845999999976,16.199999999982083,1.7999999999999998,17.999999999982084,100698.75320000027,3,TREND_09_SLOW_LONG
2024-10-04 15:00:00+00:00,2024-10-07 20:00:00+00:00,-497.6795999999889,-0.4942261787606598,-497.6795999999889,6058,6167,1,0.22,19887.629,19888.979,19777.52,19776.170000000002,19450.424750000002,109,signal_exit,-484.47960000000165,-496.35959999998886,11.879999999987206,1.32,13.199999999987206,100201.07360000028,3,TREND_09_SLOW_LONG
2024-10-08 17:00:00+00:00,2024-10-11 10:00:00+00:00,525.3360000000125,0.5242818076951334,525.3360000000125,6244,6480,1,0.24,20064.398,20065.748,20176.843,20175.493000000002,19692.639125,236,signal_exit,539.7359999999985,526.7760000000126,12.95999999998594,1.44,14.399999999985939,100726.40960000029,3,TREND_09_SLOW_LONG
2024-10-14 08:00:00+00:00,2024-10-15 16:00:00+00:00,-365.2525999999884,-0.3626185043728465,-365.2525999999884,6561,6682,1,0.41000000000000003,20265.019,20266.369,20223.476,20222.126,20044.247125,121,signal_exit,-340.6526000000122,-362.79259999998834,22.139999999976112,2.46,24.599999999976113,100361.15700000031,3,TREND_09_SLOW_LONG
2024-10-17 09:00:00+00:00,2024-10-18 02:00:00+00:00,-512.8081999999779,-0.5109628220009224,-512.8081999999779,6832,6893,1,0.31,20274.265,20275.614999999998,20194.554,20193.204,19998.783249999997,61,signal_exit,-494.20819999999594,-510.9481999999779,16.739999999981933,1.8599999999999999,18.599999999981932,99848.34880000034,3,TREND_09_SLOW_LONG
2024-10-18 18:00:00+00:00,2024-10-21 08:00:00+00:00,-352.54239999997196,-0.3530778467915643,-352.54239999997196,6957,6998,1,0.28,20333.264,20334.613999999998,20273.31,20271.960000000003,19983.293375,41,signal_exit,-335.7423999999883,-350.862399999972,15.11999999998369,1.6800000000000002,16.79999999998369,99495.80640000038,3,TREND_09_SLOW_LONG
2024-10-21 18:00:00+00:00,2024-10-22 09:00:00+00:00,-36.09339999997231,-0.036276302796991226,-36.09339999997231,7038,7091,1,0.29,20308.443,20309.792999999998,20305.22,20303.870000000003,20004.6435,53,signal_exit,-18.693399999989197,-34.35339999997232,15.659999999983121,1.7399999999999998,17.39999999998312,99459.71300000041,3,TREND_09_SLOW_LONG
2024-10-23 00:00:00+00:00,2024-10-23 10:00:00+00:00,-118.55999999999067,-0.1192040439529422,-118.55999999999067,7144,7184,1,0.32,20346.489,20347.839,20330.964,20329.614,19995.980437500002,40,signal_exit,-99.36000000000931,-116.63999999999068,17.27999999998137,1.92,19.199999999981372,99341.15300000041,3,TREND_09_SLOW_LONG
2024-10-25 12:00:00+00:00,2024-10-29 08:00:00+00:00,690.571000000035,0.6951509813863669,690.571000000035,7345,7487,1,0.35000000000000003,20284.621,20285.970999999998,20386.274,20384.924000000003,20000.7300625,142,signal_exit,711.5710000000146,692.671000000035,18.899999999979627,2.1,20.99999999997963,100031.72400000044,3,TREND_09_SLOW_LONG
2024-10-29 16:00:00+00:00,2024-10-30 19:00:00+00:00,-98.26359999997788,-0.0982324367417455,-98.26359999997788,7519,7615,1,0.29,20480.04,20481.39,20466.098,20464.748000000003,20180.784750000003,96,signal_exit,-80.86359999999478,-96.52359999997788,15.6599999999831,1.7399999999999998,17.3999999999831,99933.46040000046,3,TREND_09_SLOW_LONG
2024-11-04 05:00:00+00:00,2024-11-04 14:00:00+00:00,-556.0035999999811,-0.5563738089069299,-556.0035999999811,7822,7858,1,0.31,20114.01,20115.359999999997,20027.332,20025.982,19759.594312499998,36,signal_exit,-537.4035999999993,-554.1435999999812,16.739999999981933,1.8599999999999999,18.599999999981932,99377.4568000005,3,TREND_09_SLOW_LONG
2024-11-05 16:00:00+00:00,2024-11-11 15:00:00+00:00,5386.651400000018,5.4203957048737745,5386.651400000018,7955,8303,1,0.29,20134.81,20136.16,21066.543,21065.193000000003,19776.9574375,348,signal_exit,5404.051400000001,5388.391400000018,15.659999999983484,1.7399999999999998,17.399999999983482,104764.10820000051,3,TREND_09_SLOW_LONG
2024-11-19 05:00:00+00:00,2024-11-19 13:00:00+00:00,-438.2035999999813,-0.4182764570127646,-438.2035999999813,8781,8813,1,0.31,20586.087,20587.436999999998,20518.409,20517.059,20250.8566875,32,signal_exit,-419.6035999999993,-436.3435999999813,16.73999999998199,1.8599999999999999,18.59999999998199,104325.90460000053,3,TREND_09_SLOW_LONG
2024-11-20 00:00:00+00:00,2024-11-20 15:00:00+00:00,-887.6971999999814,-0.8508885721178562,-887.6971999999814,8850,8910,1,0.26,20692.876,20694.226,20525.165,20523.815000000002,20252.665375,60,signal_exit,-872.0971999999966,-886.1371999999815,14.039999999984843,1.56,15.599999999984844,103438.20740000055,3,TREND_09_SLOW_LONG
2024-11-21 13:00:00+00:00,2024-11-26 10:00:00+00:00,612.4624000000144,0.592104615300991,612.4624000000144,8991,9246,1,0.23,20676.421,20677.770999999997,20812.565,20811.215,20253.336249999997,255,signal_exit,626.2624000000011,613.8424000000145,12.419999999986544,1.3800000000000001,13.799999999986545,104050.66980000057,3,TREND_09_SLOW_LONG
2024-11-26 14:00:00+00:00,2024-11-27 15:00:00+00:00,-486.701599999984,-0.46775441324451844,-486.701599999984,9262,9355,1,0.28,20869.454,20870.804,20785.543,20784.193000000003,20568.010625000003,93,signal_exit,-469.90160000000037,-485.02159999998406,15.11999999998369,1.6800000000000002,16.79999999998369,103563.96820000059,3,TREND_09_SLOW_LONG
2024-11-29 07:00:00+00:00,2024-12-06 04:00:00+00:00,5105.70000000002,4.929996492737705,5105.70000000002,9488,9909,1,0.45,20846.775,20848.125,21417.075,21415.725000000002,20673.595125,421,signal_exit,5132.699999999994,5108.400000000021,24.299999999973807,2.7,26.999999999973806,108669.6682000006,3,TREND_09_SLOW_LONG
2024-12-06 16:00:00+00:00,2024-12-09 18:00:00+00:00,-1313.9639999999674,-1.2091359270387099,-1313.9639999999674,9957,10054,1,0.51,21574.984,21576.334,21449.164,21447.814000000002,21375.1568125,97,signal_exit,-1283.3639999999973,-1310.9039999999675,27.539999999970178,3.06,30.599999999970176,107355.70420000063,3,TREND_09_SLOW_LONG
2024-12-11 16:00:00+00:00,2024-12-13 05:00:00+00:00,269.3200000000303,0.25086696790539864,269.3200000000303,10224,10358,1,0.4,21656.799,21658.148999999998,21693.464,21692.114,21410.543437499997,134,signal_exit,293.32000000000704,271.72000000003027,21.599999999976774,2.4000000000000004,23.999999999976772,107625.02420000067,3,TREND_09_SLOW_LONG
2024-12-13 21:00:00+00:00,2024-12-18 05:00:00+00:00,1552.392600000015,1.4424085955281072,1552.392600000015,10422,10625,1,0.33,21774.508,21775.858,22012.719,22011.369000000002,21447.627437500003,203,signal_exit,1572.1925999999958,1554.372600000015,17.819999999980837,1.98,19.799999999980837,109177.41680000068,3,TREND_09_SLOW_LONG
2024-12-20 18:00:00+00:00,2024-12-23 11:00:00+00:00,-477.7373999999977,-0.43757895543100517,-477.7373999999977,10855,10916,1,0.17,21492.398,21493.748,21354.887,21353.537,20857.228249999996,61,signal_exit,-467.53740000000766,-476.7173999999977,9.17999999999006,1.02,10.199999999990059,108699.67940000068,3,TREND_09_SLOW_LONG
2024-12-23 20:00:00+00:00,2024-12-27 08:00:00+00:00,804.7296000000182,0.7403238026477685,804.7296000000182,10952,11159,1,0.16,21442.708,21444.057999999997,21697.186,21695.836000000003,20851.2975625,207,signal_exit,814.329600000009,805.6896000000182,8.639999999990778,0.96,9.599999999990779,109504.4090000007,3,TREND_09_SLOW_LONG
2025-01-03 19:00:00+00:00,2025-01-07 17:00:00+00:00,-140.53439999998548,-0.14053439999998546,-140.53439999998548,168,338,1,0.12,21307.653,21309.002999999997,21252.097,21250.747000000003,20745.822375,170,signal_exit,-133.33439999999246,-139.81439999998545,6.479999999992998,0.72,7.199999999992998,99859.46560000001,4,TREND_09_SLOW_LONG
2025-01-14 10:00:00+00:00,2025-01-14 18:00:00+00:00,-1089.4823999999912,-1.091015652300858,-1089.4823999999912,728,760,1,0.23,20936.409,20937.759,20702.565,20701.215,20501.363250000002,32,signal_exit,-1075.6824000000045,-1088.1023999999911,12.419999999986658,1.3800000000000001,13.799999999986658,98769.98320000002,4,TREND_09_SLOW_LONG
2025-01-15 15:00:00+00:00,2025-01-17 02:00:00+00:00,-197.9837999999842,-0.20044936081348264,-197.9837999999842,837,963,1,0.19,21161.82,21163.17,21112.719,21111.369000000002,20679.489937500002,126,signal_exit,-186.58379999999525,-196.8437999999842,10.259999999988963,1.1400000000000001,11.399999999988964,98571.99940000003,4,TREND_09_SLOW_LONG
2025-01-17 15:00:00+00:00,2025-01-24 19:00:00+00:00,1418.0308000000152,1.4385736402137086,1418.0308000000152,1015,1459,1,0.19,21354.409,21355.759,21730.575,21729.225000000002,20912.231499999998,444,signal_exit,1429.4308000000042,1419.170800000015,10.259999999989077,1.1400000000000001,11.399999999989078,99990.03020000004,4,TREND_09_SLOW_LONG
2025-01-28 19:00:00+00:00,2025-01-29 14:00:00+00:00,230.36360000000877,0.23038656908017288,230.36360000000877,1637,1706,1,0.19,21416.264,21417.613999999998,21479.886,21478.536,20725.0683125,69,signal_exit,241.76359999999767,231.50360000000876,10.259999999988906,1.1400000000000001,11.399999999988907,100220.39380000003,4,TREND_09_SLOW_LONG
2025-01-30 05:00:00+00:00,2025-01-30 16:00:00+00:00,-762.0671999999817,-0.7603913446207008,-762.0671999999817,1759,1803,1,0.19,21540.476,21541.825999999997,21342.932,21341.582000000002,21149.2945625,44,signal_exit,-750.6671999999927,-760.9271999999816,10.25999999998885,1.1400000000000001,11.39999999998885,99458.32660000004,4,TREND_09_SLOW_LONG
2025-01-31 03:00:00+00:00,2025-01-31 21:00:00+00:00,-554.458399999981,-0.5574781106361192,-554.458399999981,1840,1912,1,0.17,21625.708,21627.057999999997,21465.632,21464.282000000003,21108.6488125,72,signal_exit,-544.2583999999908,-553.438399999981,9.179999999990173,1.02,10.199999999990172,98903.86820000007,4,TREND_09_SLOW_LONG
2025-02-04 18:00:00+00:00,2025-02-05 09:00:00+00:00,-474.09279999999796,-0.47934707572943813,-474.09279999999796,2078,2131,1,0.16,21510.808,21512.158,21365.654,21364.304,20922.231812500002,53,signal_exit,-464.49280000000726,-473.1327999999979,8.639999999990664,0.96,9.599999999990665,98429.77540000007,4,TREND_09_SLOW_LONG
2025-02-05 18:00:00+00:00,2025-02-07 16:00:00+00:00,67.52700000000331,0.06860424066354545,67.52700000000331,2167,2337,1,0.15,21601.276,21602.626,21626.785,21625.435,21179.166437500004,170,signal_exit,76.52699999999459,68.42700000000332,8.099999999991269,0.8999999999999999,8.99999999999127,98497.30240000007,4,TREND_09_SLOW_LONG
2025-02-10 12:00:00+00:00,2025-02-11 03:00:00+00:00,112.58960000001838,0.1143072929477694,112.58960000001838,2410,2463,1,0.29,21645.631,21646.981,21668.043,21666.693000000003,21286.1588125,53,signal_exit,129.98960000000153,114.32960000001839,15.659999999983143,1.7399999999999998,17.39999999998314,98609.8920000001,4,TREND_09_SLOW_LONG
2025-02-13 01:00:00+00:00,2025-02-18 15:00:00+00:00,1455.0306000000203,1.4755422305908408,1455.0306000000203,2633,2943,1,0.23,21807.287,21808.637,22126.598,22125.248000000003,21366.723875,310,signal_exit,1468.830600000007,1456.4106000000204,12.419999999986658,1.3800000000000001,13.799999999986658,100064.9226000001,4,TREND_09_SLOW_LONG
2025-02-19 10:00:00+00:00,2025-02-19 18:00:00+00:00,-12.300599999986153,-0.012292619311920737,-12.300599999986153,3012,3044,1,0.39,22169.575,22170.925,22170.998,22169.648,21948.8066875,32,signal_exit,11.099399999991146,-9.960599999986153,21.0599999999773,2.34,23.3999999999773,100052.62200000012,4,TREND_09_SLOW_LONG
2025-02-27 13:00:00+00:00,2025-02-27 20:00:00+00:00,-2176.948199999988,-2.1758032488143946,-2176.948199999988,3558,3586,1,0.21,21294.697,21296.047,20779.376,20778.026,20884.9489375,28,catastrophe_stop,-2164.3481999999995,-2175.688199999988,11.339999999988322,1.26,12.599999999988322,97875.67380000012,4,TREND_09_SLOW_LONG
2025-03-03 10:00:00+00:00,2025-03-03 18:00:00+00:00,-530.2783999999892,-0.5417877388855212,-530.2783999999892,3724,3756,1,0.16,20966.799,20968.148999999998,20804.087,20802.737,20360.322187499998,32,signal_exit,-520.6783999999985,-529.3183999999892,8.639999999990664,0.96,9.599999999990665,97345.39540000014,4,TREND_09_SLOW_LONG
2025-03-12 10:00:00+00:00,2025-03-13 04:00:00+00:00,-98.57119999999311,-0.1012592322368778,-98.57119999999311,4351,4416,1,0.13,19533.799,19535.148999999998,19498.887,19497.537,18820.80325,65,signal_exit,-90.77120000000069,-97.79119999999311,7.019999999992422,0.78,7.799999999992422,97246.82420000015,4,TREND_09_SLOW_LONG
2025-03-14 16:00:00+00:00,2025-03-17 11:00:00+00:00,-10.342799999999698,-0.010635617240032896,-10.342799999999698,4553,4622,1,0.13,19663.686,19665.036,19662.708,19661.358,19025.9645625,69,signal_exit,-2.542800000007264,-9.562799999999697,7.019999999992433,0.78,7.799999999992433,97236.48140000015,4,TREND_09_SLOW_LONG
2025-03-20 00:00:00+00:00,2025-03-20 11:00:00+00:00,-832.4545999999996,-0.8561134545536923,-832.4545999999996,4845,4889,1,0.19,19815.487,19816.837,19599.42,19598.07,19299.071875,44,signal_exit,-821.0546000000105,-831.3145999999995,10.259999999988963,1.1400000000000001,11.399999999988964,96404.02680000014,4,TREND_09_SLOW_LONG
2025-03-24 00:00:00+00:00,2025-03-26 14:00:00+00:00,729.4032000000141,0.7566107186717775,729.4032000000141,5023,5257,1,0.18,19907.82,19909.17,20113.432,20112.082000000002,19345.8609375,234,signal_exit,740.2032000000036,730.483200000014,9.719999999989568,1.08,10.799999999989568,97133.43000000015,4,TREND_09_SLOW_LONG
2025-04-01 12:00:00+00:00,2025-04-02 11:00:00+00:00,454.9986000000069,0.468426369788451,454.9986000000069,5597,5682,1,0.21,19231.498,19232.847999999998,19342.831,19341.481,18716.2373125,85,signal_exit,467.59859999999463,456.2586000000069,11.339999999987754,1.26,12.599999999987753,97588.42860000016,4,TREND_09_SLOW_LONG
2025-04-02 18:00:00+00:00,2025-04-03 00:00:00+00:00,-3123.91799999998,-3.201115178116491,-3123.91799999998,5710,5727,1,0.18,19640.708,19642.057999999997,18775.953,18774.603000000003,19061.069187499997,17,catastrophe_stop,-3113.1179999999904,-3122.83799999998,9.719999999989795,1.08,10.799999999989796,94464.51060000018,4,TREND_09_SLOW_LONG
2025-04-08 12:00:00+00:00,2025-04-08 20:00:00+00:00,-419.74559999999275,-0.4443421104221461,-419.74559999999275,6042,6074,1,0.06,17649.386,17650.735999999997,17302.598,17301.248000000003,16078.337562499999,32,signal_exit,-416.1455999999962,-419.38559999999273,3.2399999999965416,0.36,3.5999999999965415,94044.7650000002,4,TREND_09_SLOW_LONG
2025-04-09 20:00:00+00:00,2025-04-11 07:00:00+00:00,-51.5991999999975,-0.05486663718070579,-51.5991999999975,6163,6289,1,0.04,18624.564,18625.913999999997,18563.065,18561.715,16825.67925,126,signal_exit,-49.199199999999834,-51.35919999999751,2.159999999997673,0.24,2.3999999999976733,93993.1658000002,4,TREND_09_SLOW_LONG
2025-04-11 12:00:00+00:00,2025-04-14 17:00:00+00:00,194.23400000000328,0.20664693900543438,194.23400000000328,6309,6418,1,0.05,18495.364,18496.714,18692.598,18691.248000000003,17181.2903125,109,signal_exit,197.2340000000004,194.5340000000033,2.699999999997118,0.30000000000000004,2.999999999997118,94187.39980000022,4,TREND_09_SLOW_LONG
2025-04-22 21:00:00+00:00,2025-04-24 10:00:00+00:00,692.8768000000138,0.7356364030340417,692.8768000000138,6879,7013,1,0.14,18265.319,18266.668999999998,18515.775,18514.425000000003,17638.389874999997,134,signal_exit,701.2768000000056,693.7168000000137,7.559999999991874,0.8400000000000001,8.399999999991874,94880.27660000023,4,TREND_09_SLOW_LONG
2025-04-24 15:00:00+00:00,2025-04-28 17:00:00+00:00,780.6890000000062,0.8228148441127165,780.6890000000062,7033,7219,1,0.13,18939.289,18940.639,19242.554,19241.204,18309.1658125,186,signal_exit,788.4889999999986,781.4690000000062,7.019999999992365,0.78,7.799999999992365,95660.96560000024,4,TREND_09_SLOW_LONG
2025-04-29 00:00:00+00:00,2025-04-29 18:00:00+00:00,20.314000000011,0.021235411824037605,20.314000000011,7240,7312,1,0.14,19382.92,19384.269999999997,19393.175,19391.825,18853.0178125,72,signal_exit,28.714000000002855,21.154000000011003,7.559999999991852,0.8400000000000001,8.399999999991852,95681.27960000026,4,TREND_09_SLOW_LONG
2025-04-30 09:00:00+00:00,2025-04-30 15:00:00+00:00,-1831.9199999999864,-1.9146065015626963,-1831.9199999999864,7365,7389,1,0.2,19476.499,19477.849,19021.519,19020.169,19063.2518125,24,catastrophe_stop,-1819.9199999999987,-1830.7199999999866,10.799999999987904,1.2000000000000002,11.999999999987903,93849.35960000026,4,TREND_09_SLOW_LONG
2025-05-01 00:00:00+00:00,2025-05-02 10:00:00+00:00,-94.26899999998787,-0.1004471425290233,-94.26899999998787,7418,7547,1,0.15,19804.709,19806.058999999997,19776.286,19774.936,19159.179125,129,signal_exit,-85.26899999999658,-93.36899999998786,8.099999999991283,0.8999999999999999,8.999999999991283,93755.09060000027,4,TREND_09_SLOW_LONG
2025-05-02 15:00:00+00:00,2025-05-06 02:00:00+00:00,-230.86499999999648,-0.24624262909090058,-230.86499999999648,7567,7693,1,0.15,19977.787,19979.137,19903.832,19902.482,19466.255499999996,126,signal_exit,-221.86500000000527,-229.9649999999965,8.09999999999124,0.8999999999999999,8.99999999999124,93524.22560000028,4,TREND_09_SLOW_LONG
2025-05-08 05:00:00+00:00,2025-05-09 16:00:00+00:00,-83.5119999999908,-0.08929451108974547,-83.5119999999908,7883,8016,1,0.2,20080.309,20081.659,20062.431,20061.081000000002,19529.257562500003,133,signal_exit,-71.51200000000244,-82.31199999999082,10.799999999988373,1.2000000000000002,11.999999999988372,93440.71360000028,4,TREND_09_SLOW_LONG
2025-05-12 01:00:00+00:00,2025-05-15 10:00:00+00:00,2570.1314000000166,2.750547701296674,2570.1314000000166,8045,8348,1,0.17,20373.51,20374.859999999997,21132.431,21131.081000000002,19819.616062499994,303,signal_exit,2580.3314000000073,2571.151400000017,9.179999999990287,1.02,10.199999999990286,96010.8450000003,4,TREND_09_SLOW_LONG
2025-05-15 18:00:00+00:00,2025-05-19 03:00:00+00:00,-858.4879999999862,-0.8941573214984032,-858.4879999999862,8380,8498,1,0.2,21407.386,21408.735999999997,21195.764,21194.414,21016.845437499996,118,signal_exit,-846.4879999999978,-857.2879999999861,10.799999999988358,1.2000000000000002,11.999999999988358,95152.35700000031,4,TREND_09_SLOW_LONG
2025-05-20 00:00:00+00:00,2025-05-20 15:00:00+00:00,-577.3301999999867,-0.6067429312339419,-577.3301999999867,8575,8635,1,0.27,21422.521,21423.871,21318.608,21317.258,20966.885312500002,60,signal_exit,-561.1302000000026,-575.7101999999868,14.579999999984238,1.62,16.19999999998424,94575.02680000033,4,TREND_09_SLOW_LONG
2025-05-21 18:00:00+00:00,2025-05-22 04:00:00+00:00,-1949.3351999999907,-2.0611521518490163,-1949.3351999999907,8736,8769,1,0.27,21444.186,21445.536,21086.198,21084.848,21053.820375,33,signal_exit,-1933.1352000000065,-1947.7151999999908,14.579999999984238,1.62,16.19999999998424,92625.69160000034,4,TREND_09_SLOW_LONG
2025-05-27 18:00:00+00:00,2025-05-29 17:00:00+00:00,-278.45999999999503,-0.30062933424833294,-278.45999999999503,9075,9249,1,0.17,21373.665,21375.015,21294.765,21293.415,21072.052499999998,174,signal_exit,-268.260000000005,-277.43999999999505,9.17999999999006,1.02,10.199999999990059,92347.23160000035,4,TREND_09_SLOW_LONG
2025-06-02 21:00:00+00:00,2025-06-05 18:00:00+00:00,582.3728000000018,0.6306337395391933,582.3728000000018,9443,9698,1,0.19,21490.776,21492.126,21647.032,21645.682,20972.480437500002,255,signal_exit,593.7727999999909,583.5128000000019,10.259999999988963,1.1400000000000001,11.399999999988964,92929.60440000035,4,TREND_09_SLOW_LONG
2025-06-06 20:00:00+00:00,2025-06-12 00:00:00+00:00,18.35460000002248,0.0197510794525909,18.35460000002248,9795,10071,1,0.27,21801.421,21802.770999999997,21807.82,21806.47,21298.592125,276,signal_exit,34.554600000006765,19.974600000022477,14.579999999984288,1.62,16.19999999998429,92947.95900000037,4,TREND_09_SLOW_LONG
2025-06-12 20:00:00+00:00,2025-06-13 06:00:00+00:00,-2352.52199999998,-2.5310098525132436,-2352.52199999998,10151,10184,1,0.3,21914.208,21915.557999999997,21525.121,21523.771,21472.2590625,33,signal_exit,-2334.521999999997,-2350.7219999999797,16.199999999982538,1.7999999999999998,17.99999999998254,90595.4370000004,4,TREND_09_SLOW_LONG
2025-06-16 15:00:00+00:00,2025-06-17 12:00:00+00:00,-527.2105999999903,-0.5819394634632515,-527.2105999999903,10309,10386,1,0.23,21912.71,21914.059999999998,21801.099,21799.749,21475.725875,77,signal_exit,-513.4106000000037,-525.8305999999902,12.419999999986544,1.3800000000000001,13.799999999986545,90068.2264000004,4,TREND_09_SLOW_LONG
2025-06-23 20:00:00+00:00,2025-07-01 14:00:00+00:00,3041.3760000000157,3.376746852428308,3041.3760000000157,10761,11271,1,0.2,21816.264,21817.613999999998,22579.608,22578.258,21283.275374999997,510,signal_exit,3053.3760000000043,3042.5760000000155,10.799999999988813,1.2000000000000002,11.999999999988813,93109.60240000041,4,TREND_09_SLOW_LONG
2025-07-02 02:00:00+00:00,2025-07-07 10:00:00+00:00,733.0400000000051,0.7330400000000051,733.0400000000051,11,284,1,0.17,22500.486,22501.836,22719.086,22717.736,21987.7231875,273,signal_exit,743.2399999999951,734.0600000000051,9.17999999999006,1.02,10.199999999990059,100733.04000000001,5,TREND_09_SLOW_LONG
2025-07-09 21:00:00+00:00,2025-07-11 02:00:00+00:00,-1167.6023999999882,-1.159105691638005,-1167.6023999999882,506,608,1,0.36,22860.042,22861.392,22700.875,22699.525,22552.8489375,102,signal_exit,-1146.0024000000092,-1165.4423999999883,19.439999999979136,2.16,21.599999999979136,99565.43760000002,5,TREND_09_SLOW_LONG
2025-07-11 19:00:00+00:00,2025-07-14 06:00:00+00:00,-874.5983999999987,-0.8784156641922884,-874.5983999999987,676,713,1,0.32,22815.898,22817.248,22682.242,22680.892,22472.873312500004,37,signal_exit,-855.3984000000172,-872.6783999999986,17.27999999998144,1.92,19.199999999981443,98690.83920000002,5,TREND_09_SLOW_LONG
2025-07-14 19:00:00+00:00,2025-07-16 06:00:00+00:00,-119.05279999997464,-0.12063206774309669,-119.05279999997464,765,891,1,0.32,22865.41,22866.76,22849.808,22848.458000000002,22554.564062499998,126,signal_exit,-99.8527999999933,-117.13279999997465,17.279999999981356,1.92,19.199999999981358,98571.78640000004,5,TREND_09_SLOW_LONG
2025-07-16 21:00:00+00:00,2025-07-22 15:00:00+00:00,478.5960000000153,0.4855304113672988,478.5960000000153,951,1283,1,0.3,22902.498,22903.847999999998,22985.264,22983.914,22527.54975,332,signal_exit,496.5959999999978,480.39600000001525,16.199999999982538,1.7999999999999998,17.99999999998254,99050.38240000006,5,TREND_09_SLOW_LONG
2025-07-24 01:00:00+00:00,2025-07-24 16:00:00+00:00,-191.62439999997852,-0.19346154487938497,-191.62439999997852,1405,1465,1,0.33,23248.932,23250.282,23222.898,23221.548000000003,22911.330375,60,signal_exit,-171.8243999999977,-189.6443999999785,17.81999999998081,1.98,19.79999999998081,98858.75800000007,5,TREND_09_SLOW_LONG
2025-07-25 03:00:00+00:00,2025-07-25 11:00:00+00:00,-383.5879999999793,-0.3880162038855263,-383.5879999999793,1502,1534,1,0.34,23281.686,23283.036,23228.276,23226.926000000003,23026.693687500003,32,signal_exit,-363.187999999999,-381.5479999999793,18.35999999998029,2.04,20.399999999980288,98475.17000000009,5,TREND_09_SLOW_LONG
2025-07-25 19:00:00+00:00,2025-07-29 17:00:00+00:00,448.956400000027,0.4559082253932911,448.956400000027,1566,1736,1,0.34,23293.797,23295.146999999997,23362.82,23361.47,23072.744625,170,signal_exit,469.3564000000072,450.99640000002694,18.35999999998029,2.04,20.399999999980288,98924.12640000011,5,TREND_09_SLOW_LONG
2025-07-30 16:00:00+00:00,2025-07-31 19:00:00+00:00,-1548.598799999994,-1.5654409660776063,-1548.598799999994,1821,1922,1,0.62,23377.008,23378.358,23255.121,23253.771,23153.409937500004,101,signal_exit,-1511.3988000000302,-1544.8787999999943,33.47999999996409,3.7199999999999998,37.19999999996409,97375.52760000012,5,TREND_09_SLOW_LONG
2025-08-04 21:00:00+00:00,2025-08-05 16:00:00+00:00,-484.0751999999776,-0.49712203048435866,-484.0751999999776,2108,2177,1,0.21,23178.442,23179.791999999998,23066.186,23064.836000000003,22709.423125,69,signal_exit,-471.47519999998985,-482.8151999999776,11.339999999987754,1.26,12.599999999987753,96891.45240000014,5,TREND_09_SLOW_LONG
2025-08-06 17:00:00+00:00,2025-08-12 05:00:00+00:00,1245.1068000000032,1.2850532933078436,1245.1068000000032,2270,2578,1,0.21,23255.632,23256.982,23555.086,23553.736,22853.3426875,308,signal_exit,1257.706799999991,1246.3668000000034,11.33999999998764,1.26,12.59999999998764,98136.55920000013,5,TREND_09_SLOW_LONG
2025-08-12 15:00:00+00:00,2025-08-14 10:00:00+00:00,814.7436000000187,0.8302141491832714,814.7436000000187,2618,2776,1,0.33,23701.175,23702.524999999998,23827.621,23826.271,23424.927312499996,158,signal_exit,834.5435999999995,816.7236000000187,17.819999999980837,1.98,19.799999999980837,98951.30280000015,5,TREND_09_SLOW_LONG
2025-08-22 17:00:00+00:00,2025-08-26 04:00:00+00:00,-605.4883999999746,-0.6119054351651989,-605.4883999999746,3338,3464,1,0.22,23516.331,23517.680999999997,23381.72,23380.370000000003,23084.448937499998,126,signal_exit,-592.2883999999875,-604.1683999999747,11.879999999987149,1.32,13.19999999998715,98345.81440000018,5,TREND_09_SLOW_LONG
2025-08-26 19:00:00+00:00,2025-08-27 15:00:00+00:00,141.08600000000706,0.14345907943389485,141.08600000000706,3524,3597,1,0.22,23437.31,23438.66,23472.375,23471.025,23161.502750000003,73,signal_exit,154.28599999999423,142.40600000000705,11.879999999987177,1.32,13.199999999987178,98486.90040000019,5,TREND_09_SLOW_LONG
2025-08-28 17:00:00+00:00,2025-08-29 15:00:00+00:00,-923.4119999999865,-0.9375988037491173,-923.4119999999865,3694,3775,1,0.28,23626.409,23627.759,23464.514,23463.164,23318.012749999998,81,signal_exit,-906.6120000000025,-921.7319999999864,15.119999999983975,1.6800000000000002,16.799999999983974,97563.4884000002,5,TREND_09_SLOW_LONG
2025-09-04 00:00:00+00:00,2025-09-17 07:00:00+00:00,4188.72000000002,4.293327420629634,4188.72000000002,4058,4887,1,0.24,23393.319,23394.668999999998,24268.969,24267.619000000002,22933.184625,829,signal_exit,4203.120000000007,4190.160000000021,12.959999999986394,1.44,14.399999999986393,101752.20840000022,5,TREND_09_SLOW_LONG
2025-09-18 01:00:00+00:00,2025-09-24 03:00:00+00:00,2263.365600000027,2.2243896575713262,2263.365600000027,4952,5316,1,0.46,24332.981,24334.331,24581.999,24580.649,24038.5398125,364,signal_exit,2290.9656000000004,2266.125600000027,24.839999999973315,2.7600000000000002,27.599999999973317,104015.57400000024,5,TREND_09_SLOW_LONG
2025-09-24 14:00:00+00:00,2025-09-25 00:00:00+00:00,-1200.7011999999609,-1.1543475210740635,-1200.7011999999609,5360,5393,1,0.46,24639.653,24641.002999999997,24512.142,24510.792,24436.092125,33,signal_exit,-1173.101199999987,-1197.9411999999606,24.839999999973543,2.7600000000000002,27.599999999973544,102814.87280000027,5,TREND_09_SLOW_LONG
2025-09-29 02:00:00+00:00,2025-09-30 15:00:00+00:00,-46.7263999999891,-0.045447121342924016,-46.7263999999891,5579,5720,1,0.28,24566.343,24567.693,24560.999,24559.649,24108.713812500002,141,signal_exit,-29.92640000000538,-45.04639999998909,15.119999999983712,1.6800000000000002,16.79999999998371,102768.14640000029,5,TREND_09_SLOW_LONG
2025-10-01 18:00:00+00:00,2025-10-03 19:00:00+00:00,125.1432000000283,0.12177236272505929,125.1432000000283,5821,6003,1,0.26,24736.12,24737.469999999998,24763.186,24761.836000000003,24347.827,182,signal_exit,140.74320000001316,126.7032000000283,14.039999999984857,1.56,15.599999999984858,102893.28960000032,5,TREND_09_SLOW_LONG
2025-10-06 13:00:00+00:00,2025-10-07 17:00:00+00:00,-1117.9489999999948,-1.0865130314581675,-1117.9489999999948,6068,6173,1,0.35000000000000003,24979.827,24981.177,24823.12,24821.77,24719.0341875,105,signal_exit,-1096.9490000000153,-1115.848999999995,18.899999999979627,2.1,20.99999999997963,101775.34060000033,5,TREND_09_SLOW_LONG
2025-10-08 18:00:00+00:00,2025-10-09 18:00:00+00:00,-301.7769999999852,-0.2965128863444788,-301.7769999999852,6266,6355,1,0.35000000000000003,25047.697,25049.047,25007.586,25006.236,24740.911187499998,89,signal_exit,-280.77700000000556,-299.6769999999852,18.899999999979627,2.1,20.99999999997963,101473.56360000034,5,TREND_09_SLOW_LONG
2025-10-15 17:00:00+00:00,2025-10-16 19:00:00+00:00,-217.5327999999886,-0.21437386476095718,-217.5327999999886,6707,6804,1,0.16,24756.599,24757.948999999997,24691.62,24690.27,24172.707875,97,signal_exit,-207.93279999999797,-216.57279999998863,8.639999999990664,0.96,9.599999999990665,101256.03080000036,5,TREND_09_SLOW_LONG
2025-10-17 20:00:00+00:00,2025-10-22 10:00:00+00:00,1101.8080000000018,1.088140618682041,1101.8080000000018,6897,7124,1,0.2,24828.077,24829.427,25106.529,25105.179,24128.0185625,227,signal_exit,1113.80799999999,1103.0080000000016,10.799999999988358,1.2000000000000002,11.999999999988358,102357.83880000035,5,TREND_09_SLOW_LONG
2025-10-24 05:00:00+00:00,2025-10-30 13:00:00+00:00,4583.148000000019,4.477574022401109,4583.148000000019,7282,7670,1,0.3,25178.903,25180.252999999997,25945.761,25944.411,24732.8781875,388,signal_exit,4601.148000000001,4584.9480000000185,16.199999999982538,1.7999999999999998,17.99999999998254,106940.98680000038,5,TREND_09_SLOW_LONG
2025-10-31 09:00:00+00:00,2025-10-31 17:00:00+00:00,-1267.7099999999919,-1.185429495213885,-1267.7099999999919,7743,7775,1,0.25,26062.75,26064.1,25812.208,25810.858,25498.687374999998,32,signal_exit,-1252.7100000000064,-1266.2099999999919,13.499999999985448,1.5,14.999999999985448,105673.27680000039,5,TREND_09_SLOW_LONG
2025-11-10 05:00:00+00:00,2025-11-11 09:00:00+00:00,574.338200000006,0.5435037290336056,574.338200000006,8257,8362,1,0.17,25360.088,25361.438,25532.011,25530.661,24676.5809375,105,signal_exit,584.5381999999962,575.358200000006,9.179999999990173,1.02,10.199999999990172,106247.6150000004,5,TREND_09_SLOW_LONG
2025-11-11 15:00:00+00:00,2025-11-12 15:00:00+00:00,-125.67959999998973,-0.11828933760065038,-125.67959999998973,8386,8475,1,0.18,25523.219,25524.569,25491.308,25489.958000000002,25182.764750000002,89,signal_exit,-114.87960000000021,-124.59959999998972,9.719999999989511,1.08,10.799999999989511,106121.93540000041,5,TREND_09_SLOW_LONG
2025-11-13 05:00:00+00:00,2025-11-13 13:00:00+00:00,-440.94399999999155,-0.41550693392272026,-440.94399999999155,8524,8556,1,0.2,25585.237,25586.587,25478.001,25476.651,25144.563625,32,signal_exit,-428.9440000000032,-439.7439999999915,10.799999999988302,1.2000000000000002,11.999999999988301,105680.9914000004,5,TREND_09_SLOW_LONG
2025-11-17 08:00:00+00:00,2025-11-17 16:00:00+00:00,-939.2679999999848,-0.8887766736071528,-939.2679999999848,8714,8746,1,0.2,25225.75,25227.1,24993.933,24992.583000000002,24543.5160625,32,signal_exit,-927.2679999999964,-938.0679999999847,10.799999999988358,1.2000000000000002,11.999999999988358,104741.72340000041,5,TREND_09_SLOW_LONG
2025-11-20 01:00:00+00:00,2025-11-20 17:00:00+00:00,-1489.313799999988,-1.4218916317735346,-1489.313799999988,8953,9017,1,0.13,25043.099,25044.448999999997,24473.286,24471.936,24169.483999999997,64,signal_exit,-1481.5137999999956,-1488.5337999999879,7.019999999992251,0.78,7.799999999992251,103252.40960000042,5,TREND_09_SLOW_LONG
2025-11-24 10:00:00+00:00,2025-11-25 12:00:00+00:00,987.8682000000043,0.9567507468610207,987.8682000000043,9167,9264,1,0.11,24353.219,24354.569,24805.25,24803.9,23493.960312500003,97,signal_exit,994.4681999999979,988.5282000000044,5.939999999993461,0.66,6.599999999993461,104240.27780000042,5,TREND_09_SLOW_LONG
2025-11-25 17:00:00+00:00,2025-12-01 03:00:00+00:00,876.0532000000026,0.8404171770156192,876.0532000000026,9284,9517,1,0.11,24830.827,24832.177,25232.033,25230.683,24272.686,233,signal_exit,882.6531999999963,876.7132000000026,5.939999999993688,0.66,6.599999999993688,105116.33100000041,5,TREND_09_SLOW_LONG
2025-12-01 17:00:00+00:00,2025-12-04 04:00:00+00:00,1205.0520000000206,1.146398460197413,1205.0520000000206,9573,9788,1,0.3,25383.213,25384.563,25587.055,25585.705,25006.218750000004,215,signal_exit,1223.0520000000033,1206.8520000000208,16.199999999982538,1.7999999999999998,17.99999999998254,106321.38300000044,5,TREND_09_SLOW_LONG
2025-12-05 04:00:00+00:00,2025-12-05 14:00:00+00:00,-533.4179999999949,-0.501703406171826,-533.4179999999949,9877,9917,1,0.3,25659.719,25661.069,25573.816,25572.466,25322.012375000002,40,signal_exit,-515.4180000000124,-531.6179999999949,16.199999999982538,1.7999999999999998,17.99999999998254,105787.96500000045,5,TREND_09_SLOW_LONG
2025-12-10 21:00:00+00:00,2025-12-11 07:00:00+00:00,-1730.2499999999825,-1.6355830268594118,-1730.2499999999825,10212,10245,1,0.3,25769.256,25770.606,25483.881,25482.531000000003,25411.7023125,33,signal_exit,-1712.2499999999998,-1728.4499999999823,16.199999999982538,1.7999999999999998,17.99999999998254,104057.71500000048,5,TREND_09_SLOW_LONG
2025-12-17 11:00:00+00:00,2025-12-17 19:00:00+00:00,-2050.1439999999884,-1.9701989420005803,-2050.1439999999884,10617,10649,1,0.2,25233.522,25234.872,24723.986,24722.636000000002,24706.121625,32,signal_exit,-2038.1440000000005,-2048.9439999999886,10.799999999988131,1.2000000000000002,11.99999999998813,102007.57100000048,5,TREND_09_SLOW_LONG
2025-12-19 05:00:00+00:00,2025-12-19 13:00:00+00:00,-118.4231999999874,-0.11609255944344254,-118.4231999999874,10771,10803,1,0.21,25070.077,25071.427,25044.881,25043.531000000003,24560.1326875,32,signal_exit,-105.82319999999964,-117.16319999998741,11.339999999987768,1.26,12.599999999987768,101889.14780000049,5,TREND_09_SLOW_LONG
2025-12-23 21:00:00+00:00,2025-12-29 07:00:00+00:00,79.28360000001383,0.07781358634546696,79.28360000001383,11013,11212,1,0.22,25579.2,25580.55,25600.219,25598.869000000002,25312.9490625,199,signal_exit,92.48360000000103,80.60360000001383,11.879999999987206,1.32,13.199999999987206,101968.4314000005,5,TREND_09_SLOW_LONG
2026-01-06 05:00:00+00:00,2026-01-08 06:00:00+00:00,401.38980000001015,0.4013898000000102,401.38980000001015,201,383,1,0.21,25463.969,25465.319,25562.538,25561.188000000002,25114.15925,182,signal_exit,413.9897999999979,402.64980000001015,11.339999999987754,1.26,12.599999999987753,100401.3898,6,TREND_09_SLOW_LONG
2026-01-09 17:00:00+00:00,2026-01-12 06:00:00+00:00,-1251.62999999998,-1.246626169710631,-1251.62999999998,516,561,1,0.3,25736.193,25737.542999999998,25530.588,25529.238,25311.7910625,45,signal_exit,-1233.6299999999974,-1249.82999999998,16.199999999982538,1.7999999999999998,17.99999999998254,99149.75980000003,6,TREND_09_SLOW_LONG
2026-01-12 18:00:00+00:00,2026-01-14 03:00:00+00:00,-395.8037999999967,-0.39919794137514053,-395.8037999999967,609,727,1,0.27,25800.255,25801.605,25729.958,25728.608,25381.7098125,118,signal_exit,-379.6038000000124,-394.1837999999967,14.579999999984295,1.62,16.199999999984296,98753.95600000003,6,TREND_09_SLOW_LONG
2026-01-21 21:00:00+00:00,2026-01-23 14:00:00+00:00,336.56320000000767,0.3408098405698375,336.56320000000767,1231,1381,1,0.16,25326.507,25327.857,25434.683,25433.333000000002,24650.126624999997,150,signal_exit,346.1631999999983,337.5232000000077,8.639999999990607,0.96,9.599999999990608,99090.51920000005,6,TREND_09_SLOW_LONG
2026-01-26 17:00:00+00:00,2026-01-29 15:00:00+00:00,-114.25499999999957,-0.11530366469207023,-114.25499999999957,1482,1741,1,0.15,25772.238,25773.588,25737.153,25735.803,25274.894812500002,259,signal_exit,-105.2550000000083,-113.35499999999956,8.099999999991269,0.8999999999999999,8.99999999999127,98976.26420000006,6,TREND_09_SLOW_LONG
2026-02-02 19:00:00+00:00,2026-02-03 15:00:00+00:00,-986.5759999999917,-0.9967803977794416,-986.5759999999917,1935,2008,1,0.16,25826.332,25827.681999999997,25521.027,25519.677,25054.086812499998,73,signal_exit,-976.976000000001,-985.6159999999917,8.639999999990664,0.96,9.599999999990665,97989.68820000008,6,TREND_09_SLOW_LONG
2026-02-09 01:00:00+00:00,2026-02-09 12:00:00+00:00,-556.5429999999932,-0.5679607826326288,-556.5429999999932,2308,2352,1,0.13,25176.469,25177.819,24965.414,24964.064000000002,24247.136125,44,signal_exit,-548.7430000000007,-555.7629999999932,7.0199999999924785,0.78,7.799999999992479,97433.14520000009,6,TREND_09_SLOW_LONG
2026-02-12 10:00:00+00:00,2026-02-12 17:00:00+00:00,-2002.0727999999926,-2.0548169679736366,-2002.0727999999926,2611,2639,1,0.21,25274.811,25276.161,24801.127,24799.777000000002,24832.704375,28,catastrophe_stop,-1989.4728000000046,-2000.8127999999924,11.339999999987867,1.26,12.599999999987867,95431.07240000009,6,TREND_09_SLOW_LONG
2026-02-18 12:00:00+00:00,2026-02-19 11:00:00+00:00,-170.17919999998762,-0.1783268234550275,-170.17919999998762,2962,3047,1,0.19,24830.078,24831.428,24788.294,24786.944000000003,24286.450625,85,signal_exit,-158.7791999999987,-169.03919999998763,10.259999999988935,1.1400000000000001,11.399999999988935,95260.8932000001,6,TREND_09_SLOW_LONG
2026-02-20 17:00:00+00:00,2026-02-23 03:00:00+00:00,-981.912399999993,-1.030761277808376,-981.912399999993,3160,3193,1,0.19,25037.236,25038.586,24781.838,24780.488,24490.1321875,33,signal_exit,-970.512400000004,-980.7723999999929,10.25999999998885,1.1400000000000001,11.39999999998885,94278.98080000009,6,TREND_09_SLOW_LONG
2026-02-24 17:00:00+00:00,2026-02-26 16:00:00+00:00,-76.74399999997986,-0.08140096482670059,-76.74399999997986,3338,3512,1,0.2,24973.314,24974.663999999997,24957.128,24955.778000000002,24481.540687499997,174,signal_exit,-64.7439999999915,-75.54399999997987,10.799999999988373,1.2000000000000002,11.999999999988372,94202.2368000001,6,TREND_09_SLOW_LONG
2026-03-04 17:00:00+00:00,2026-03-05 18:00:00+00:00,-954.2707999999858,-1.0130022729990895,-954.2707999999858,3872,3965,1,0.14,25109.407,25110.756999999998,24771.596,24770.246000000003,24295.765187499997,93,signal_exit,-945.8707999999942,-953.4307999999859,7.559999999991646,0.8400000000000001,8.399999999991646,93247.96600000012,6,TREND_09_SLOW_LONG
2026-03-10 02:00:00+00:00,2026-03-10 14:00:00+00:00,-60.21839999998513,-0.06457878126798504,-60.21839999998513,4172,4220,1,0.12,24960.599,24961.948999999997,24938.508,24937.158000000003,24075.071,48,signal_exit,-53.018399999992106,-59.49839999998513,6.4799999999930264,0.72,7.199999999993026,93187.74760000013,6,TREND_09_SLOW_LONG
2026-03-16 18:00:00+00:00,2026-03-17 06:00:00+00:00,-487.38959999998457,-0.5230189725070508,-487.38959999998457,4583,4624,1,0.18,24665.211,24666.560999999998,24532.825,24531.475000000002,24081.0793125,41,signal_exit,-476.58959999999496,-486.3095999999845,9.719999999989568,1.08,10.799999999989568,92700.35800000015,6,TREND_09_SLOW_LONG
2026-03-17 15:00:00+00:00,2026-03-18 19:00:00+00:00,-1189.9043999999976,-1.2836028098187016,-1189.9043999999976,4660,4765,1,0.18,24844.579,24845.929,24517.05,24515.7,24376.241875000003,105,signal_exit,-1179.1044000000084,-1188.8243999999977,9.71999999998934,1.08,10.79999999998934,91510.45360000017,6,TREND_09_SLOW_LONG
2026-03-25 13:00:00+00:00,2026-03-25 23:00:00+00:00,-332.95679999999294,-0.3638456448433475,-332.95679999999294,5186,5219,1,0.12,24238.319,24239.668999999998,24102.587,24101.237,23610.028625,33,signal_exit,-325.7567999999999,-332.2367999999929,6.4799999999930264,0.72,7.199999999993026,91177.49680000017,6,TREND_09_SLOW_LONG
2026-03-31 19:00:00+00:00,2026-04-02 08:00:00+00:00,173.69240000001685,0.19049919782401453,173.69240000001685,5558,5692,1,0.14,23575.457,23576.806999999997,23640.49,23639.140000000003,22796.948375000004,134,signal_exit,182.09240000000867,174.53240000001682,7.559999999991845,0.8400000000000001,8.399999999991845,91351.18920000018,6,TREND_09_SLOW_LONG
2026-04-02 20:00:00+00:00,2026-04-07 12:00:00+00:00,164.148000000008,0.17968895800647955,164.148000000008,5740,5886,1,0.12,23965.519,23966.869,24036.914,24035.564000000002,23298.224124999997,146,signal_exit,171.34800000000106,164.86800000000804,6.4799999999930264,0.72,7.199999999993026,91515.33720000018,6,TREND_09_SLOW_LONG
2026-04-08 01:00:00+00:00,2026-04-09 11:00:00+00:00,-86.4099999999904,-0.09442133159729016,-86.4099999999904,5931,6060,1,0.1,24885.497,24886.846999999998,24845.292,24843.942000000003,24129.8770625,129,signal_exit,-80.40999999999623,-85.80999999999041,5.399999999994179,0.6000000000000001,5.999999999994179,91428.9272000002,6,TREND_09_SLOW_LONG
2026-04-09 18:00:00+00:00,2026-04-13 00:00:00+00:00,-512.16,-0.560172820227512,-512.16,6088,6194,1,0.11,25022.453,25023.803,24792.653,24791.303,24550.653687500002,106,signal_exit,-505.5600000000065,-511.5,5.939999999993518,0.66,6.599999999993518,90916.76720000019,6,TREND_09_SLOW_LONG
2026-04-13 19:00:00+00:00,2026-04-21 18:00:00+00:00,3058.920000000005,3.3645279019555794,3058.920000000005,6270,6800,1,0.12,25239.826,25241.176,26517.376,26516.026,24786.406375000002,530,signal_exit,3066.119999999998,3059.6400000000053,6.479999999992742,0.72,7.199999999992742,93975.68720000019,6,TREND_09_SLOW_LONG
2026-04-22 05:00:00+00:00,2026-04-28 07:00:00+00:00,2731.108800000013,2.9061865694981663,2731.108800000013,6837,7201,1,0.24,26657.28,26658.629999999997,27229.261,27227.911,26275.430625,364,signal_exit,2745.5087999999987,2732.5488000000128,12.95999999998594,1.44,14.399999999985939,96706.7960000002,6,TREND_09_SLOW_LONG
2026-04-29 08:00:00+00:00,2026-04-29 16:00:00+00:00,157.57300000001808,0.1629389107255893,157.57300000001808,7294,7326,1,0.23,27132.608,27133.958,27169.863,27168.513000000003,26703.007625000002,32,signal_exit,171.3730000000047,158.95300000001808,12.41999999998663,1.3800000000000001,13.79999999998663,96864.36900000022,6,TREND_09_SLOW_LONG
2026-04-30 01:00:00+00:00,2026-04-30 15:00:00+00:00,-1355.679599999989,-1.3995647873368027,-1355.679599999989,7355,7411,1,0.22,27418.726,27420.075999999997,27113.617,27112.267,26883.05125,56,signal_exit,-1342.4796000000017,-1354.3595999999889,11.879999999987149,1.32,13.19999999998715,95508.68940000024,6,TREND_09_SLOW_LONG
2026-04-30 21:00:00+00:00,2026-05-05 03:00:00+00:00,909.1044000000187,0.9518551722478316,909.1044000000187,7435,7630,1,0.18,27442.743,27444.092999999997,27698.272,27696.922000000002,26742.884437500004,195,signal_exit,919.9044000000082,910.1844000000186,9.719999999989568,1.08,10.799999999989568,96417.79380000026,6,TREND_09_SLOW_LONG
2026-05-05 12:00:00+00:00,2026-05-12 08:00:00+00:00,4387.995800000009,4.551022821681692,4387.995800000009,7666,8095,1,0.17,27817.088,27818.438,29110.675,29109.325,27412.242875,429,signal_exit,4398.1957999999995,4389.015800000009,9.179999999990287,1.02,10.199999999990286,100805.78960000028,6,TREND_09_SLOW_LONG
2026-05-13 08:00:00+00:00,2026-05-15 07:00:00+00:00,-113.32799999998242,-0.11242211429489375,-113.32799999998242,8184,8358,1,0.2,29205.208,29206.557999999997,29179.876,29178.526,28628.51125,174,signal_exit,-101.32799999999406,-112.12799999998244,10.799999999988373,1.2000000000000002,11.999999999988372,100692.46160000029,6,TREND_09_SLOW_LONG
2026-05-20 17:00:00+00:00,2026-05-21 12:00:00+00:00,-250.5355999999889,-0.24881266781940328,-250.5355999999889,8665,8734,1,0.14,29240.785,29242.135,29154.308,29152.958000000002,28438.968625,69,signal_exit,-242.13559999999708,-249.69559999998893,7.559999999991845,0.8400000000000001,8.399999999991845,100441.9260000003,6,TREND_09_SLOW_LONG
2026-05-28 17:00:00+00:00,2026-06-02 03:00:00+00:00,339.91000000001384,0.33841445852005353,339.91000000001384,9186,9394,1,0.19,30187.572,30188.922,30280.022,30278.672000000002,29539.3310625,208,signal_exit,351.3100000000028,341.0500000000138,10.259999999988963,1.1400000000000001,11.399999999988964,100781.8360000003,6,TREND_09_SLOW_LONG
2026-06-02 17:00:00+00:00,2026-06-04 00:00:00+00:00,-869.4215999999938,-0.8626768815761514,-869.4215999999938,9450,9560,1,0.18,30638.681,30640.031,30400.175,30398.825,30134.503062500004,110,signal_exit,-858.6216000000045,-868.3415999999938,9.71999999998934,1.08,10.79999999998934,99912.41440000031,6,TREND_09_SLOW_LONG
2026-06-09 10:00:00+00:00,2026-06-09 17:00:00+00:00,-2463.0319999999915,-2.4651911524620145,-2463.0319999999915,9866,9894,1,0.13,29601.029,29602.378999999997,28656.709,28655.359,28715.2068125,28,catastrophe_stop,-2455.2319999999995,-2462.2519999999918,7.019999999992251,0.78,7.799999999992251,97449.38240000032,6,TREND_09_SLOW_LONG
2026-06-11 21:00:00+00:00,2026-06-16 17:00:00+00:00,1134.0608000000057,1.1637434451303428,1134.0608000000057,10088,10339,1,0.08,29429.51,29430.859999999997,30141.298,30139.948,28072.017125,251,signal_exit,1138.8608000000008,1134.5408000000057,4.3199999999951615,0.48,4.799999999995162,98583.44320000033,6,TREND_09_SLOW_LONG
2026-06-18 21:00:00+00:00,2026-06-19 11:00:00+00:00,-175.62959999999325,-0.1781532418620094,-175.62959999999325,10533,10582,1,0.12,30384.476,30385.825999999997,30314.297,30312.947,29559.62225,49,signal_exit,-168.4296000000002,-174.90959999999322,6.4799999999930264,0.72,7.199999999993026,98407.81360000033,6,TREND_09_SLOW_LONG
2026-06-19 16:00:00+00:00,2026-06-23 08:00:00+00:00,-455.3535999999871,-0.46272098052180033,-455.3535999999871,10602,10730,1,0.16,30379.798,30381.147999999997,30240.5,30239.15,29808.236125,128,signal_exit,-445.7535999999965,-454.3935999999871,8.639999999990607,0.96,9.599999999990608,97952.46000000034,6,TREND_09_SLOW_LONG
2026-06-25 08:00:00+00:00,2026-06-25 17:00:00+00:00,-1457.7599999999964,-1.4882321485340861,-1457.7599999999964,10914,10950,1,0.1,30039.88,30041.23,29314.0,29312.65,29042.425,36,signal_exit,-1451.7600000000023,-1457.1599999999964,5.399999999994179,0.6000000000000001,5.999999999994179,96494.70000000035,6,TREND_09_SLOW_LONG
2026-06-29 16:00:00+00:00,2026-07-01 23:00:00+00:00,597.2000000000047,0.618894094701577,597.2000000000047,11130,11342,1,0.08,29704.0,29705.35,30080.25,30078.9,28757.03125,212,signal_exit,602.0,597.6800000000047,4.319999999995275,0.48,4.799999999995276,97091.90000000034,6,TREND_09_SLOW_LONG
