entry_time,exit_time,entry_i,exit_i,side,entry_price,exit_price,exit_reason,initial_lot,bars_held,partial_done,pnl,return_on_initial_balance,balance,strategy,final_lot,reason
2024-05-10 03:00:00,2024-05-10 08:45:00,656,679,BUY,2368.48,2362.3465533038498,SL,0.16,23,False,-99.09514713840413,-0.009909514713840413,9900.904852861597,TREND,,
2024-05-23 11:00:00,2024-05-24 09:30:00,1516,1602,SELL,2345.7000000000003,2345.7500000000005,SL,0.11,86,True,115.02324900735114,0.011502324900735115,10015.928101868947,TREND,,
2024-05-26 23:00:00,2024-05-27 00:15:00,1652,1657,SELL,2345.96,2341.070487290305,,0.11,5,True,39.84655372999973,,10055.774655598947,MR,0.05,TP
2024-05-31 08:45:00,2024-05-31 09:45:00,2049,2053,SELL,2352.413,2352.463,,0.11,4,True,15.587870565078301,,10071.362526164025,MR,0.05,BE_AFTER_PARTIAL
2024-06-05 21:15:00,2024-06-05 21:30:00,2371,2372,SELL,2363.489,2371.0842791600717,,0.13,1,False,-99.51862908093133,,9971.843897083094,MR,0.13,SL
2024-06-12 08:45:00,2024-06-12 09:00:00,2785,2786,SELL,2329.3,2340.4049622871917,,0.09,1,False,-100.48466058472334,,9871.35923649837,MR,0.09,SL
2024-07-03 09:00:00,2024-07-03 09:30:00,4156,4158,BUY,2350.45,2350.3999999999996,SL,0.26,2,True,112.43725760402907,0.011243725760402907,9983.7964941024,TREND,,
2024-07-08 12:00:00,2024-07-08 19:00:00,4434,4458,SELL,2355.3100000000004,2360.2559061448947,SL,0.21,24,False,-105.1240290427793,-0.010512402904277929,9878.67246505962,TREND,,
2024-07-12 08:45:00,2024-07-12 09:15:00,4789,4791,BUY,2392.4199999999996,2403.935,,0.09,2,True,76.45882990581592,,9955.131294965437,MR,0.05,TP
2024-07-25 03:30:00,2024-07-25 06:45:00,5596,5609,SELL,2373.4300000000003,2381.1648736272623,SL,0.13,13,False,-101.33335715440606,-0.010133335715440606,9853.79793781103,TREND,,
2024-07-28 18:15:00,2024-07-28 21:15:00,5743,5755,SELL,2396.9230000000002,2396.9730000000004,,0.08,12,True,5.0957791408523185,,9858.893716951883,MR,0.04,BE_AFTER_PARTIAL
2024-08-08 10:45:00,2024-08-08 11:00:00,6545,6546,BUY,2418.979,2412.7697059359807,SL,0.16,1,False,-100.30870502430567,-0.010030870502430567,9758.585011927578,TREND,,
2024-08-21 09:45:00,2024-08-21 10:00:00,7369,7370,BUY,2498.6299999999997,2498.5799999999995,,0.08,1,True,18.888072160103114,,9777.473084087682,MR,0.04,BE_AFTER_PARTIAL
2024-08-28 08:30:00,2024-08-28 08:45:00,7824,7825,SELL,2495.98,2500.497254699205,SL,0.22,1,False,-100.6996033825065,-0.010069960338250649,9676.773480705175,TREND,,
2024-09-09 01:45:00,2024-09-09 02:30:00,8523,8526,BUY,2490.74,2490.6899999999996,,0.14,3,True,15.113826845593088,,9691.887307550767,MR,0.07,BE_AFTER_PARTIAL
2024-09-24 23:00:00,2024-09-24 23:30:00,9616,9618,SELL,2669.88,2660.733919810226,,0.08,2,True,55.01155771779078,,9746.898865268558,MR,0.04,TP
2024-10-14 02:30:00,2024-10-14 04:00:00,10823,10829,SELL,2665.389,2659.0284528373327,,0.1,6,True,49.60598982021739,,9796.504855088775,MR,0.05,TP
2024-10-31 09:15:00,2024-10-31 09:45:00,12050,12052,SELL,2752.4500000000003,2737.071730614714,TP,0.16,2,True,188.5219890851941,0.01885219890851941,9985.02684417397,TREND,,
2024-10-31 10:00:00,2024-10-31 11:00:00,12053,12057,SELL,2734.51,2741.687515716846,SL,0.14,4,False,-101.32522003584187,-0.010132522003584186,9883.701624138128,TREND,,
2024-11-04 21:45:00,2024-11-04 22:30:00,12276,12279,BUY,2726.23,2733.4522708435215,,0.11,3,True,60.09584653788565,,9943.797470676014,MR,0.05,TP
2024-11-06 09:00:00,2024-11-07 08:15:00,12413,12502,SELL,2663.9700000000003,2680.9863863112378,SL,0.06,89,False,-102.45831786742507,-0.010245831786742507,9841.339152808589,TREND,,
2024-11-11 09:30:00,2024-11-12 00:30:00,12691,12747,SELL,2627.9100000000003,2607.179686633219,TP,0.12,56,True,192.6295914232899,0.01926295914232899,10033.96874423188,TREND,,
2024-11-12 20:30:00,2024-11-12 23:45:00,12823,12836,SELL,2608.05,2608.1000000000004,,0.11,13,True,2.519172076575014,,10036.487916308453,MR,0.05,BE_AFTER_PARTIAL
2024-11-18 20:15:00,2024-11-18 21:00:00,13190,13193,SELL,2617.57,2617.6200000000003,,0.14,3,True,19.049167784924663,,10055.537084093377,MR,0.07,SL
2024-11-25 10:00:00,2024-11-26 08:00:00,13613,13697,SELL,2641.1200000000003,2641.1700000000005,SL,0.06,84,True,105.0771860104784,0.01050771860104784,10160.614270103855,TREND,,
2024-11-27 00:45:00,2024-11-27 01:45:00,13760,13764,SELL,2644.869,2644.9190000000003,,0.1,4,True,18.116042801818274,,10178.730312905673,MR,0.05,SL
2024-11-27 04:00:00,2024-11-27 06:00:00,13773,13781,SELL,2653.29,2646.4735307619367,,0.09,8,True,50.265393981499955,,10228.995706887172,MR,0.05,TP
2024-11-27 20:15:00,2024-11-27 22:15:00,13834,13842,BUY,2628.06,2628.0099999999998,,0.1,8,True,8.508183666278363,,10237.50389055345,MR,0.05,BE_AFTER_PARTIAL
2024-11-28 21:15:00,2024-11-29 02:30:00,13920,13941,SELL,2656.2400000000002,2659.278627874806,,0.09,21,False,-27.887650873250127,,10209.6162396802,MR,0.09,TP
2024-12-13 04:00:00,2024-12-13 07:00:00,14858,14870,BUY,2674.8399999999997,2663.0894751037467,,0.09,12,False,-106.2947240662766,,10103.321515613923,MR,0.09,SL
2025-01-07 08:45:00,2025-01-07 10:00:00,16244,16249,BUY,2661.04,2655.2046547011273,SL,0.18,5,False,-106.11621537970775,-0.010611621537970775,9997.205300234215,TREND,,
2025-01-19 18:30:00,2025-01-19 20:30:00,17015,17023,BUY,2692.21,2692.16,,0.09,8,True,12.116441773139703,,10009.321742007354,MR,0.05,BE_AFTER_PARTIAL
2025-01-22 01:15:00,2025-01-22 01:30:00,17216,17217,BUY,2752.1499999999996,2747.9636799617906,SL,0.24,1,False,-101.91168091701677,-0.010191168091701676,9907.410061090337,TREND,,
2025-01-23 04:30:00,2025-01-23 05:45:00,17321,17326,BUY,2743.73,2749.8713295686753,,0.12,5,True,56.53465385010557,,9963.944714940442,MR,0.06,TP
2025-01-30 09:15:00,2025-01-30 10:45:00,17800,17806,BUY,2783.6699999999996,2793.003188942292,TP,0.27,6,True,190.9492381407107,0.01909492381407107,10154.893953081153,TREND,,
2025-01-30 11:15:00,2025-01-30 12:00:00,17808,17811,BUY,2793.74,2789.2191720300416,SL,0.23,3,False,-105.3590433090384,-0.01053590433090384,10049.534909772115,TREND,,
2025-02-10 10:15:00,2025-02-10 11:15:00,18448,18452,BUY,2909.8529999999996,2904.312882341016,SL,0.18,4,False,-100.80211786170281,-0.01008021178617028,9948.732791910412,TREND,,
2025-02-10 12:00:00,2025-02-10 13:15:00,18455,18460,SELL,2900.8,2906.406883399367,SL,0.18,5,False,-102.00390118860201,-0.010200390118860201,9846.72889072181,TREND,,
2025-03-05 08:45:00,2025-03-05 09:45:00,19996,20000,BUY,2899.83,2914.205,,0.06,4,True,60.194012818400225,,9906.92290354021,MR,0.03,TP
2025-03-06 19:15:00,2025-03-06 20:30:00,20126,20131,BUY,2899.453,2908.5479975921585,,0.07,5,True,49.679328128862,,9956.602231669072,MR,0.03,TP
2025-03-27 05:45:00,2025-03-27 08:00:00,21460,21469,BUY,3052.33,3046.6345203675305,SL,0.17,9,False,-97.84315375198004,-0.009784315375198005,9858.759077917091,TREND,,
2025-03-28 03:30:00,2025-03-28 03:45:00,21543,21544,SELL,3065.88,3071.424291672182,SL,0.18,1,False,-100.87725009927188,-0.010087725009927188,9757.881827817819,TREND,,
2025-04-16 04:30:00,2025-04-16 11:45:00,22735,22764,BUY,3299.5099999999998,3325.2941871151133,TP,0.09,29,True,179.8493098057947,0.017984930980579468,9937.731137623614,TREND,,
2025-04-24 18:30:00,2025-04-24 19:45:00,23247,23252,SELL,3363.09,3347.720727940948,,0.05,5,True,63.334123708501195,,10001.065261332114,MR,0.03,TP
2025-04-25 00:00:00,2025-04-25 01:45:00,23269,23276,BUY,3323.39,3294.7165316013347,,0.04,7,False,-114.93387359466054,,9886.131387737454,MR,0.04,SL
2025-04-25 09:45:00,2025-04-25 13:45:00,23308,23324,SELL,3278.36,3294.872197662709,SL,0.06,16,False,-99.4331859762527,-0.00994331859762527,9786.6982017612,TREND,,
2025-04-30 04:15:00,2025-04-30 08:15:00,23562,23578,BUY,3285.0299999999997,3284.3973247729427,,0.04,16,False,-2.7707009082280276,,9783.927500852973,MR,0.04,TP
2025-05-01 08:15:00,2025-05-01 08:30:00,23670,23671,SELL,3206.42,3221.7077520806156,SL,0.06,1,False,-92.08651248369311,-0.009208651248369311,9691.84098836928,TREND,,
2025-05-05 15:45:00,2025-05-05 20:45:00,23884,23900,BUY,3334.424,3322.7087600526124,SL,0.08,16,False,-94.20191957910036,-0.009420191957910036,9597.63906879018,TREND,,
2025-05-12 03:15:00,2025-05-12 03:45:00,24294,24296,BUY,3246.18,3215.885894803493,,0.03,2,False,-91.06231558952021,,9506.57675320066,MR,0.03,SL
2025-05-14 09:15:00,2025-05-14 09:30:00,24502,24503,SELL,3179.1400000000003,3191.266598309667,SL,0.08,1,False,-97.49278647733489,-0.009749278647733488,9409.083966723325,TREND,,
2025-05-15 20:45:00,2025-05-15 23:00:00,24636,24645,SELL,3235.94,3208.4852175794163,TP,0.09,9,True,191.5434769440862,0.01915434769440862,9600.62744366741,TREND,,
2025-05-20 10:00:00,2025-05-20 10:15:00,24873,24874,SELL,3260.94,3285.2859343806144,,0.04,1,False,-97.62373752245752,,9503.003706144953,MR,0.04,SL
2025-06-03 10:30:00,2025-06-03 18:00:00,25785,25811,SELL,3346.11,3355.853599217951,SL,0.1,26,False,-98.0359921795076,-0.00980359921795076,9404.967713965445,TREND,,
2025-06-24 02:30:00,2025-06-24 04:15:00,27123,27130,SELL,3322.44,3332.21506471748,SL,0.1,7,False,-98.35064717479835,-0.009835064717479835,9306.617066790646,TREND,,
2025-06-24 08:30:00,2025-06-24 09:30:00,27147,27151,SELL,3313.2400000000002,3313.2900000000004,SL,0.1,4,True,110.97454998339563,0.011097454998339563,9417.591616774042,TREND,,
2025-06-27 09:30:00,2025-06-27 09:45:00,27427,27428,SELL,3256.75,3266.2207008480464,SL,0.1,1,False,-95.30700848046362,-0.009530700848046362,9322.284608293578,TREND,,
2025-07-01 03:45:00,2025-07-01 08:15:00,27588,27606,BUY,3337.5899999999997,3353.625920021833,TP,0.15,18,True,186.01906692138448,0.01860190669213845,9508.303675214962,TREND,,
2025-07-01 09:00:00,2025-07-01 09:15:00,27609,27610,BUY,3354.48,3348.535769580169,SL,0.16,1,False,-96.06768671729601,-0.0096067686717296,9412.235988497667,TREND,,
2025-07-10 20:45:00,2025-07-10 21:15:00,28280,28282,SELL,3335.67,3325.3931321459772,,0.09,2,True,72.24732523989812,,9484.483313737564,MR,0.05,TP
2025-07-17 08:45:00,2025-07-17 10:00:00,28696,28701,BUY,3312.8199999999997,3323.0289836026172,,0.06,5,True,48.968333952524645,,9533.45164769009,MR,0.03,TP
2025-07-21 10:45:00,2025-07-21 13:00:00,28888,28897,BUY,3399.48,3392.697120525916,SL,0.14,9,False,-95.80031263717578,-0.009580031263717578,9437.651335052915,TREND,,
2025-07-25 11:15:00,2025-07-25 14:00:00,29258,29269,SELL,3332.023,3338.6053303142853,SL,0.15,11,False,-99.6349547142776,-0.009963495471427759,9338.016380338637,TREND,,
2025-07-30 15:15:00,2025-07-30 19:45:00,29550,29564,SELL,3275.09,3284.575814774454,SL,0.1,14,False,-95.45814774453956,-0.009545814774453956,9242.558232594098,TREND,,
2025-08-21 06:45:00,2025-08-21 07:30:00,30988,30991,BUY,3330.23,3330.18,,0.1,3,True,15.463184013362387,,9258.02141660746,MR,0.05,BE_AFTER_PARTIAL
2025-08-31 23:00:00,2025-08-31 23:15:00,31601,31602,BUY,3483.2999999999997,3472.974439419621,SL,0.09,1,False,-93.47004522340926,-0.009347004522340926,9164.55137138405,TREND,,
2025-09-05 08:45:00,2025-09-05 10:30:00,31998,32005,SELL,3583.4300000000003,3583.4800000000005,,0.05,7,True,14.235829266008478,,9178.787200650058,MR,0.03,BE_AFTER_PARTIAL
2025-09-24 15:15:00,2025-09-24 15:45:00,33220,33222,SELL,3720.11,3728.8763436420413,SL,0.11,2,False,-97.08978006245312,-0.009708978006245312,9081.697420587605,TREND,,
2025-10-08 06:15:00,2025-10-08 06:30:00,34104,34105,BUY,4046.4199999999996,4038.0703975664396,SL,0.11,1,False,-92.50562676915993,-0.009250562676915992,8989.191793818445,TREND,,
2025-10-13 19:45:00,2025-10-13 20:30:00,34430,34433,SELL,4128.070000000001,4128.120000000001,,0.04,3,True,15.990389539559837,,9005.182183358005,MR,0.02,SL
2025-10-13 21:15:00,2025-10-14 00:00:00,34436,34447,SELL,4140.173,4166.324298446247,,0.04,11,False,-104.84519378498793,,8900.336989573017,MR,0.04,SL
2025-10-16 18:45:00,2025-10-16 21:15:00,34702,34712,BUY,4360.32,4335.997584579555,SL,0.04,10,False,-97.52966168177794,-0.009752966168177793,8802.80732789124,TREND,,
2025-10-21 03:45:00,2025-10-21 04:00:00,34922,34923,BUY,4300.5599999999995,4259.775874443374,,0.02,1,False,-81.68825111325089,,8721.119076777988,MR,0.02,SL
2025-10-24 02:15:00,2025-10-24 03:30:00,35188,35193,BUY,4083.223,4083.173,,0.03,5,True,25.891626103962444,,8747.010702881951,MR,0.01,SL
2025-10-30 04:15:00,2025-10-30 05:30:00,35568,35573,SELL,4004.79,3978.94023345539,,0.02,5,True,39.63226648923763,,8786.642969371189,MR,0.01,TP
2025-10-31 11:15:00,2025-10-31 12:45:00,35688,35694,BUY,3978.7,4001.4313543024828,,0.02,6,True,34.8517091589755,,8821.494678530164,MR,0.01,TP
2025-11-24 13:45:00,2025-11-24 16:30:00,37166,37177,SELL,4112.43,4138.854768149602,,0.04,11,False,-105.93907259840694,,8715.555605931757,MR,0.04,SL
2025-12-22 08:30:00,2025-12-22 18:00:00,38942,38976,BUY,4418.57,4450.392308665817,TP,0.07,34,True,169.21564621769457,0.016921564621769455,8884.771252149452,TREND,,
2025-12-29 09:30:00,2025-12-29 10:15:00,39301,39304,SELL,4389.72,4327.524645577233,TP,0.04,3,True,186.29606326830503,0.018629606326830504,9071.067315417757,TREND,,
2025-12-29 10:30:00,2025-12-29 11:45:00,39305,39310,SELL,4319.09,4344.885634447907,SL,0.04,5,False,-103.42253779162841,-0.010342253779162841,8967.644777626128,TREND,,
2026-01-04 18:15:00,2026-01-04 20:00:00,39608,39615,SELL,4369.56,4402.559687334349,,0.03,7,False,-99.17906200304668,,8868.465715623082,MR,0.03,SL
2026-01-11 20:00:00,2026-01-11 21:00:00,40075,40079,BUY,4588.623,4568.895816646201,SL,0.05,4,False,-98.93591676899432,-0.009893591676899433,8769.529798854088,TREND,,
2026-01-15 08:45:00,2026-01-15 09:30:00,40402,40405,BUY,4589.82,4606.999646958704,,0.04,3,True,52.024200062219975,,8821.553998916308,MR,0.02,TP
2026-01-20 09:45:00,2026-01-20 10:15:00,40672,40674,BUY,4737.883,4724.92713501684,SL,0.07,2,False,-91.11105488211791,-0.009111105488211792,8730.44294403419,TREND,,
2026-01-25 18:15:00,2026-01-25 20:15:00,40978,40986,SELL,5020.49,5062.149497575899,,0.02,8,False,-83.43899515179794,,8647.003948882391,MR,0.02,SL
2026-01-27 15:15:00,2026-01-27 16:45:00,41154,41160,SELL,5141.360000000001,5188.686250004213,,0.02,6,False,-94.77250000842571,,8552.231448873965,MR,0.02,SL
2026-02-17 09:00:00,2026-02-17 09:30:00,42499,42501,BUY,4870.599999999999,4870.549999999999,,0.02,2,True,24.927775474997258,,8577.159224348961,MR,0.01,SL
2026-02-18 10:15:00,2026-02-18 13:30:00,42596,42609,BUY,5003.99,4981.572000819157,SL,0.04,13,False,-89.91199672336937,-0.008991199672336936,8487.247227625592,TREND,,
2026-02-23 09:45:00,2026-02-23 11:00:00,42870,42875,SELL,5190.45,5190.5,,0.03,5,True,19.904087778584035,,8507.151315404177,MR,0.01,BE_AFTER_PARTIAL
2026-03-18 07:15:00,2026-03-18 07:45:00,44424,44426,SELL,4907.863,4871.592517525711,TP,0.06,2,True,168.8355848800153,0.016883558488001528,8675.986900284192,TREND,,
2026-03-18 08:00:00,2026-03-18 08:15:00,44427,44428,SELL,4881.17,4835.929675725893,TP,0.05,1,True,180.61129709643154,0.018061129709643155,8856.598197380623,TREND,,
2026-03-18 08:30:00,2026-03-18 09:00:00,44429,44431,SELL,4861.26,4880.865589486858,SL,0.05,2,False,-98.32794743428876,-0.009832794743428876,8758.270249946334,TREND,,
2026-03-18 14:15:00,2026-03-18 20:30:00,44452,44473,SELL,4856.84,4856.89,SL,0.04,21,True,117.49747242792796,0.011749747242792796,8875.767722374261,TREND,,
2026-03-19 02:15:00,2026-03-19 03:00:00,44496,44499,SELL,4777.900000000001,4716.347845652233,TP,0.04,3,True,184.36646304330202,0.0184366463043302,9060.134185417563,TREND,,
2026-03-19 03:30:00,2026-03-19 07:00:00,44501,44515,SELL,4718.62,4648.426072955883,TP,0.03,14,True,163.57249643627193,0.016357249643627194,9223.706681853835,TREND,,
2026-03-19 07:30:00,2026-03-19 08:00:00,44517,44519,SELL,4606.150000000001,4522.827070295217,TP,0.03,2,True,194.206835977828,0.0194206835977828,9417.913517831663,TREND,,
2026-03-19 08:30:00,2026-03-19 08:45:00,44521,44522,SELL,4576.400000000001,4614.916616843293,SL,0.03,1,False,-115.72985052987741,-0.011572985052987742,9302.183667301786,TREND,,
2026-03-20 14:15:00,2026-03-22 19:15:00,44636,44652,SELL,4500.1,4403.8594159112245,TP,0.03,16,True,224.3480295404782,0.02243480295404782,9526.531696842265,TREND,,
2026-03-22 19:30:00,2026-03-22 19:45:00,44653,44654,SELL,4426.8,4328.149049641555,TP,0.03,1,True,229.9722175030377,0.022997221750303772,9756.503914345303,TREND,,
2026-03-22 20:00:00,2026-03-22 20:15:00,44655,44656,SELL,4353.35,4398.257811283787,SL,0.02,1,False,-89.93562256757389,-0.008993562256757388,9666.568291777729,TREND,,
2026-03-23 01:45:00,2026-03-23 03:00:00,44678,44683,SELL,4182.04,4234.521525808618,SL,0.02,5,False,-105.08305161723649,-0.010508305161723649,9561.485240160491,TREND,,
2026-04-26 18:15:00,2026-04-26 20:45:00,46848,46858,BUY,4685.28,4685.23,,0.03,10,True,8.040884618690434,,9569.526124779182,MR,0.01,BE_AFTER_PARTIAL
2026-04-28 01:15:00,2026-04-28 01:30:00,46968,46969,BUY,4652.23,4630.624184799976,,0.05,1,False,-108.32907600011622,,9461.197048779066,MR,0.05,SL
2026-05-06 08:30:00,2026-05-06 09:45:00,47549,47554,SELL,4683.1,4707.398395855347,SL,0.04,5,False,-97.4335834213873,-0.00974335834213873,9363.763465357679,TREND,,
2026-05-10 18:15:00,2026-05-10 20:00:00,47768,47775,BUY,4687.16,4687.11,,0.03,7,True,20.659367064015278,,9384.422832421695,MR,0.01,SL
2026-05-15 02:00:00,2026-05-15 02:15:00,48167,48168,SELL,4558.37,4576.785843297578,SL,0.05,1,False,-92.37921648789124,-0.009237921648789124,9292.043615933804,TREND,,
2026-05-24 18:15:00,2026-05-24 23:30:00,48688,48709,SELL,4554.973,4559.270380892646,,0.03,21,False,-13.072142677938864,,9278.971473255866,MR,0.03,TP
