timestamp_utc,date,ticker,side,target_weight,current_weight,delta_weight,portfolio_value,trade_value,estimated_commission,estimated_slippage,estimated_spread_cost,estimated_total_cost,order_status
2026-06-23T17:33:54.080647+00:00,2026-06-22,AGG,BUY,0.016427532165531177,0.0,0.016427532165531177,1000000.0,16427.532165531178,0.0,8.21376608276559,8.21376608276559,16.42753216553118,BLOCKED_NO_TRADE
2026-06-23T17:33:54.082151+00:00,2026-06-22,BIL,BUY,0.35292962640108677,0.0,0.35292962640108677,1000000.0,352929.62640108675,0.0,176.46481320054338,176.46481320054338,352.92962640108675,BLOCKED_NO_TRADE
2026-06-23T17:33:54.083157+00:00,2026-06-22,BND,BUY,0.024783366867346328,0.0,0.024783366867346328,1000000.0,24783.36686734633,0.0,12.391683433673165,12.391683433673165,24.78336686734633,BLOCKED_NO_TRADE
2026-06-23T17:33:54.084158+00:00,2026-06-22,BNDX,BUY,0.07621867533177362,0.0,0.07621867533177362,1000000.0,76218.67533177363,0.0,38.10933766588681,38.10933766588681,76.21867533177362,BLOCKED_NO_TRADE
2026-06-23T17:33:54.084158+00:00,2026-06-22,DBC,BUY,0.0054920543745197135,0.0,0.0054920543745197135,1000000.0,5492.054374519714,0.0,2.7460271872598567,2.7460271872598567,5.4920543745197135,BLOCKED_NO_TRADE
2026-06-23T17:33:54.084158+00:00,2026-06-22,EEM,BUY,0.00134508052832857,0.0,0.00134508052832857,1000000.0,1345.08052832857,0.0,0.672540264164285,0.672540264164285,1.34508052832857,BLOCKED_NO_TRADE
2026-06-23T17:33:54.085157+00:00,2026-06-22,EFA,BUY,0.0014187072427404696,0.0,0.0014187072427404696,1000000.0,1418.7072427404696,0.0,0.7093536213702348,0.7093536213702348,1.4187072427404697,BLOCKED_NO_TRADE
2026-06-23T17:33:54.085157+00:00,2026-06-22,EMB,BUY,0.01526149439139359,0.0,0.01526149439139359,1000000.0,15261.49439139359,0.0,7.630747195696795,7.630747195696795,15.26149439139359,BLOCKED_NO_TRADE
2026-06-23T17:33:54.086157+00:00,2026-06-22,EWJ,BUY,0.0011548056303715161,0.0,0.0011548056303715161,1000000.0,1154.8056303715161,0.0,0.5774028151857581,0.5774028151857581,1.1548056303715162,BLOCKED_NO_TRADE
2026-06-23T17:33:54.086157+00:00,2026-06-22,FXI,BUY,0.0013911625898621318,0.0,0.0013911625898621318,1000000.0,1391.1625898621319,0.0,0.6955812949310659,0.6955812949310659,1.3911625898621318,BLOCKED_NO_TRADE
2026-06-23T17:33:54.087157+00:00,2026-06-22,GLD,BUY,0.002758642565325601,0.0,0.002758642565325601,1000000.0,2758.642565325601,0.0,1.3793212826628005,1.3793212826628005,2.758642565325601,BLOCKED_NO_TRADE
2026-06-23T17:33:54.087157+00:00,2026-06-22,HYG,BUY,0.039417450402849774,0.0,0.039417450402849774,1000000.0,39417.450402849776,0.0,19.708725201424887,19.708725201424887,39.417450402849774,BLOCKED_NO_TRADE
2026-06-23T17:33:54.087157+00:00,2026-06-22,IAU,BUY,0.0027898195154494212,0.0,0.0027898195154494212,1000000.0,2789.819515449421,0.0,1.3949097577247105,1.3949097577247105,2.789819515449421,BLOCKED_NO_TRADE
2026-06-23T17:33:54.088157+00:00,2026-06-22,IEF,BUY,0.009998194766180798,0.0,0.009998194766180798,1000000.0,9998.194766180797,0.0,4.999097383090398,4.999097383090398,9.998194766180797,BLOCKED_NO_TRADE
2026-06-23T17:33:54.089158+00:00,2026-06-22,IEFA,BUY,0.0014279864752396742,0.0,0.0014279864752396742,1000000.0,1427.9864752396743,0.0,0.7139932376198371,0.7139932376198371,1.4279864752396743,BLOCKED_NO_TRADE
2026-06-23T17:33:54.089158+00:00,2026-06-22,IWM,BUY,0.0009041772127237684,0.0,0.0009041772127237684,1000000.0,904.1772127237684,0.0,0.45208860636188425,0.45208860636188425,0.9041772127237685,BLOCKED_NO_TRADE
2026-06-23T17:33:54.090156+00:00,2026-06-22,LQD,BUY,0.008929332673913767,0.0,0.008929332673913767,1000000.0,8929.332673913766,0.0,4.464666336956883,4.464666336956883,8.929332673913766,BLOCKED_NO_TRADE
2026-06-23T17:33:54.090156+00:00,2026-06-22,MTUM,BUY,0.0014415985030535247,0.0,0.0014415985030535247,1000000.0,1441.5985030535246,0.0,0.7207992515267623,0.7207992515267623,1.4415985030535245,BLOCKED_NO_TRADE
2026-06-23T17:33:54.090156+00:00,2026-06-22,QQQ,BUY,0.0008313908062220896,0.0,0.0008313908062220896,1000000.0,831.3908062220896,0.0,0.4156954031110448,0.4156954031110448,0.8313908062220896,BLOCKED_NO_TRADE
2026-06-23T17:33:54.091157+00:00,2026-06-22,QUAL,BUY,0.0035061467226930342,0.0,0.0035061467226930342,1000000.0,3506.1467226930345,0.0,1.7530733613465173,1.7530733613465173,3.5061467226930345,BLOCKED_NO_TRADE
2026-06-23T17:33:54.091157+00:00,2026-06-22,RWX,BUY,0.002516120833099852,0.0,0.002516120833099852,1000000.0,2516.120833099852,0.0,1.258060416549926,1.258060416549926,2.516120833099852,BLOCKED_NO_TRADE
2026-06-23T17:33:54.091157+00:00,2026-06-22,SGOV,BUY,0.15,0.0,0.15,1000000.0,150000.0,0.0,75.0,75.0,150.0,BLOCKED_NO_TRADE
2026-06-23T17:33:54.092157+00:00,2026-06-22,SHY,BUY,0.15,0.0,0.15,1000000.0,150000.0,0.0,75.0,75.0,150.0,BLOCKED_NO_TRADE
2026-06-23T17:33:54.092663+00:00,2026-06-22,SLV,BUY,0.0013373680800915057,0.0,0.0013373680800915057,1000000.0,1337.3680800915058,0.0,0.6686840400457529,0.6686840400457529,1.3373680800915058,BLOCKED_NO_TRADE
2026-06-23T17:33:54.092663+00:00,2026-06-22,SPY,BUY,0.001528967267330737,0.0,0.001528967267330737,1000000.0,1528.967267330737,0.0,0.7644836336653685,0.7644836336653685,1.528967267330737,BLOCKED_NO_TRADE
2026-06-23T17:33:54.092663+00:00,2026-06-22,TIP,BUY,0.050043266092811886,0.0,0.050043266092811886,1000000.0,50043.266092811886,0.0,25.02163304640594,25.02163304640594,50.04326609281188,BLOCKED_NO_TRADE
2026-06-23T17:33:54.093668+00:00,2026-06-22,TLT,BUY,0.0024043265055315056,0.0,0.0024043265055315056,1000000.0,2404.3265055315055,0.0,1.2021632527657529,1.2021632527657529,2.4043265055315057,BLOCKED_NO_TRADE
2026-06-23T17:33:54.093668+00:00,2026-06-22,USMV,BUY,0.008153526347053838,0.0,0.008153526347053838,1000000.0,8153.526347053838,0.0,4.07676317352692,4.07676317352692,8.15352634705384,BLOCKED_NO_TRADE
2026-06-23T17:33:54.094669+00:00,2026-06-22,USO,BUY,0.001149032491189118,0.0,0.001149032491189118,1000000.0,1149.032491189118,0.0,0.574516245594559,0.574516245594559,1.149032491189118,BLOCKED_NO_TRADE
2026-06-23T17:33:54.095668+00:00,2026-06-22,VGK,BUY,0.0027548658396046415,0.0,0.0027548658396046415,1000000.0,2754.8658396046417,0.0,1.377432919802321,1.377432919802321,2.754865839604642,BLOCKED_NO_TRADE
2026-06-23T17:33:54.095668+00:00,2026-06-22,VLUE,BUY,0.00172066079100446,0.0,0.00172066079100446,1000000.0,1720.66079100446,0.0,0.86033039550223,0.86033039550223,1.72066079100446,BLOCKED_NO_TRADE
2026-06-23T17:33:54.095668+00:00,2026-06-22,VNQ,BUY,0.004423357945920909,0.0,0.004423357945920909,1000000.0,4423.357945920909,0.0,2.2116789729604545,2.2116789729604545,4.423357945920909,BLOCKED_NO_TRADE
2026-06-23T17:33:54.096669+00:00,2026-06-22,VNQI,BUY,0.0037832409184873324,0.0,0.0037832409184873324,1000000.0,3783.2409184873322,0.0,1.891620459243666,1.891620459243666,3.783240918487332,BLOCKED_NO_TRADE
2026-06-23T17:33:54.096669+00:00,2026-06-22,VTI,BUY,0.0015107881256553784,0.0,0.0015107881256553784,1000000.0,1510.7881256553783,0.0,0.7553940628276892,0.7553940628276892,1.5107881256553783,BLOCKED_NO_TRADE
2026-06-23T17:33:54.097668+00:00,2026-06-22,VWO,BUY,0.0018481834610950848,0.0,0.0018481834610950848,1000000.0,1848.1834610950848,0.0,0.9240917305475425,0.9240917305475425,1.848183461095085,BLOCKED_NO_TRADE
2026-06-23T17:33:54.097668+00:00,2026-06-22,XLB,BUY,0.0017665493725836847,0.0,0.0017665493725836847,1000000.0,1766.5493725836848,0.0,0.8832746862918424,0.8832746862918424,1.7665493725836847,BLOCKED_NO_TRADE
2026-06-23T17:33:54.098668+00:00,2026-06-22,XLE,BUY,0.0052616069797278295,0.0,0.0052616069797278295,1000000.0,5261.60697972783,0.0,2.630803489863915,2.630803489863915,5.26160697972783,BLOCKED_NO_TRADE
2026-06-23T17:33:54.098668+00:00,2026-06-22,XLF,BUY,0.003271122545765286,0.0,0.003271122545765286,1000000.0,3271.122545765286,0.0,1.635561272882643,1.635561272882643,3.271122545765286,BLOCKED_NO_TRADE
2026-06-23T17:33:54.098668+00:00,2026-06-22,XLI,BUY,0.002385630560568135,0.0,0.002385630560568135,1000000.0,2385.630560568135,0.0,1.1928152802840675,1.1928152802840675,2.385630560568135,BLOCKED_NO_TRADE
2026-06-23T17:33:54.099668+00:00,2026-06-22,XLK,BUY,0.000552904787930719,0.0,0.000552904787930719,1000000.0,552.9047879307191,0.0,0.27645239396535953,0.27645239396535953,0.5529047879307191,BLOCKED_NO_TRADE
2026-06-23T17:33:54.099668+00:00,2026-06-22,XLP,BUY,0.01501100301950427,0.0,0.01501100301950427,1000000.0,15011.00301950427,0.0,7.5055015097521345,7.5055015097521345,15.011003019504269,BLOCKED_NO_TRADE
2026-06-23T17:33:54.100668+00:00,2026-06-22,XLRE,BUY,0.0047436062721603976,0.0,0.0047436062721603976,1000000.0,4743.606272160398,0.0,2.371803136080199,2.371803136080199,4.743606272160398,BLOCKED_NO_TRADE
2026-06-23T17:33:54.100668+00:00,2026-06-22,XLU,BUY,0.010286263054588877,0.0,0.010286263054588877,1000000.0,10286.263054588877,0.0,5.143131527294439,5.143131527294439,10.286263054588877,BLOCKED_NO_TRADE
2026-06-23T17:33:54.100668+00:00,2026-06-22,XLV,BUY,0.004244765568922952,0.0,0.004244765568922952,1000000.0,4244.765568922952,0.0,2.122382784461476,2.122382784461476,4.244765568922952,BLOCKED_NO_TRADE
2026-06-23T17:33:54.100668+00:00,2026-06-22,XLY,BUY,0.0008755979727662921,0.0,0.0008755979727662921,1000000.0,875.5979727662921,0.0,0.437798986383146,0.437798986383146,0.875597972766292,BLOCKED_NO_TRADE
2026-06-23T18:12:34.228007+00:00,2026-06-22,AGG,NONE,0.016427532165531177,0.016427532165531177,0.0,1000000.0,0.0,0.0,0.0,0.0,0.0,BLOCKED_NO_TRADE
2026-06-23T18:12:34.228007+00:00,2026-06-22,BIL,NONE,0.35292962640108677,0.35292962640108677,0.0,1000000.0,0.0,0.0,0.0,0.0,0.0,BLOCKED_NO_TRADE
2026-06-23T18:12:34.229512+00:00,2026-06-22,BND,NONE,0.024783366867346328,0.024783366867346328,0.0,1000000.0,0.0,0.0,0.0,0.0,0.0,BLOCKED_NO_TRADE
2026-06-23T18:12:34.229512+00:00,2026-06-22,BNDX,NONE,0.07621867533177362,0.07621867533177362,0.0,1000000.0,0.0,0.0,0.0,0.0,0.0,BLOCKED_NO_TRADE
2026-06-23T18:12:34.230520+00:00,2026-06-22,DBC,NONE,0.0054920543745197135,0.0054920543745197135,0.0,1000000.0,0.0,0.0,0.0,0.0,0.0,BLOCKED_NO_TRADE
2026-06-23T18:12:34.230520+00:00,2026-06-22,EEM,NONE,0.00134508052832857,0.00134508052832857,0.0,1000000.0,0.0,0.0,0.0,0.0,0.0,BLOCKED_NO_TRADE
2026-06-23T18:12:34.231519+00:00,2026-06-22,EFA,NONE,0.0014187072427404696,0.0014187072427404696,0.0,1000000.0,0.0,0.0,0.0,0.0,0.0,BLOCKED_NO_TRADE
2026-06-23T18:12:34.231519+00:00,2026-06-22,EMB,NONE,0.01526149439139359,0.01526149439139359,0.0,1000000.0,0.0,0.0,0.0,0.0,0.0,BLOCKED_NO_TRADE
2026-06-23T18:12:34.232524+00:00,2026-06-22,EWJ,NONE,0.0011548056303715161,0.0011548056303715161,0.0,1000000.0,0.0,0.0,0.0,0.0,0.0,BLOCKED_NO_TRADE
2026-06-23T18:12:34.232524+00:00,2026-06-22,FXI,NONE,0.0013911625898621318,0.0013911625898621318,0.0,1000000.0,0.0,0.0,0.0,0.0,0.0,BLOCKED_NO_TRADE
2026-06-23T18:12:34.233525+00:00,2026-06-22,GLD,NONE,0.002758642565325601,0.002758642565325601,0.0,1000000.0,0.0,0.0,0.0,0.0,0.0,BLOCKED_NO_TRADE
2026-06-23T18:12:34.233525+00:00,2026-06-22,HYG,NONE,0.039417450402849774,0.039417450402849774,0.0,1000000.0,0.0,0.0,0.0,0.0,0.0,BLOCKED_NO_TRADE
2026-06-23T18:12:34.233525+00:00,2026-06-22,IAU,NONE,0.0027898195154494212,0.0027898195154494212,0.0,1000000.0,0.0,0.0,0.0,0.0,0.0,BLOCKED_NO_TRADE
2026-06-23T18:12:34.234525+00:00,2026-06-22,IEF,NONE,0.009998194766180798,0.009998194766180798,0.0,1000000.0,0.0,0.0,0.0,0.0,0.0,BLOCKED_NO_TRADE
2026-06-23T18:12:34.234525+00:00,2026-06-22,IEFA,NONE,0.0014279864752396742,0.0014279864752396742,0.0,1000000.0,0.0,0.0,0.0,0.0,0.0,BLOCKED_NO_TRADE
2026-06-23T18:12:34.234525+00:00,2026-06-22,IWM,NONE,0.0009041772127237684,0.0009041772127237684,0.0,1000000.0,0.0,0.0,0.0,0.0,0.0,BLOCKED_NO_TRADE
2026-06-23T18:12:34.235524+00:00,2026-06-22,LQD,NONE,0.008929332673913767,0.008929332673913767,0.0,1000000.0,0.0,0.0,0.0,0.0,0.0,BLOCKED_NO_TRADE
2026-06-23T18:12:34.235524+00:00,2026-06-22,MTUM,NONE,0.0014415985030535247,0.0014415985030535247,0.0,1000000.0,0.0,0.0,0.0,0.0,0.0,BLOCKED_NO_TRADE
2026-06-23T18:12:34.235524+00:00,2026-06-22,QQQ,NONE,0.0008313908062220896,0.0008313908062220896,0.0,1000000.0,0.0,0.0,0.0,0.0,0.0,BLOCKED_NO_TRADE
2026-06-23T18:12:34.236524+00:00,2026-06-22,QUAL,NONE,0.0035061467226930342,0.0035061467226930342,0.0,1000000.0,0.0,0.0,0.0,0.0,0.0,BLOCKED_NO_TRADE
2026-06-23T18:12:34.236524+00:00,2026-06-22,RWX,NONE,0.002516120833099852,0.002516120833099852,0.0,1000000.0,0.0,0.0,0.0,0.0,0.0,BLOCKED_NO_TRADE
2026-06-23T18:12:34.236524+00:00,2026-06-22,SGOV,NONE,0.15,0.15,0.0,1000000.0,0.0,0.0,0.0,0.0,0.0,BLOCKED_NO_TRADE
2026-06-23T18:12:34.237524+00:00,2026-06-22,SHY,NONE,0.15,0.15,0.0,1000000.0,0.0,0.0,0.0,0.0,0.0,BLOCKED_NO_TRADE
2026-06-23T18:12:34.237524+00:00,2026-06-22,SLV,NONE,0.0013373680800915057,0.0013373680800915057,0.0,1000000.0,0.0,0.0,0.0,0.0,0.0,BLOCKED_NO_TRADE
2026-06-23T18:12:34.237524+00:00,2026-06-22,SPY,NONE,0.001528967267330737,0.001528967267330737,0.0,1000000.0,0.0,0.0,0.0,0.0,0.0,BLOCKED_NO_TRADE
2026-06-23T18:12:34.238524+00:00,2026-06-22,TIP,NONE,0.050043266092811886,0.050043266092811886,0.0,1000000.0,0.0,0.0,0.0,0.0,0.0,BLOCKED_NO_TRADE
2026-06-23T18:12:34.238524+00:00,2026-06-22,TLT,NONE,0.0024043265055315056,0.0024043265055315056,0.0,1000000.0,0.0,0.0,0.0,0.0,0.0,BLOCKED_NO_TRADE
2026-06-23T18:12:34.239524+00:00,2026-06-22,USMV,NONE,0.008153526347053838,0.008153526347053838,0.0,1000000.0,0.0,0.0,0.0,0.0,0.0,BLOCKED_NO_TRADE
2026-06-23T18:12:34.239524+00:00,2026-06-22,USO,NONE,0.001149032491189118,0.001149032491189118,0.0,1000000.0,0.0,0.0,0.0,0.0,0.0,BLOCKED_NO_TRADE
2026-06-23T18:12:34.239524+00:00,2026-06-22,VGK,NONE,0.0027548658396046415,0.0027548658396046415,0.0,1000000.0,0.0,0.0,0.0,0.0,0.0,BLOCKED_NO_TRADE
2026-06-23T18:12:34.240779+00:00,2026-06-22,VLUE,NONE,0.00172066079100446,0.00172066079100446,0.0,1000000.0,0.0,0.0,0.0,0.0,0.0,BLOCKED_NO_TRADE
2026-06-23T18:12:34.240779+00:00,2026-06-22,VNQ,NONE,0.004423357945920909,0.004423357945920909,0.0,1000000.0,0.0,0.0,0.0,0.0,0.0,BLOCKED_NO_TRADE
2026-06-23T18:12:34.240779+00:00,2026-06-22,VNQI,NONE,0.0037832409184873324,0.0037832409184873324,0.0,1000000.0,0.0,0.0,0.0,0.0,0.0,BLOCKED_NO_TRADE
2026-06-23T18:12:34.241783+00:00,2026-06-22,VTI,NONE,0.0015107881256553784,0.0015107881256553784,0.0,1000000.0,0.0,0.0,0.0,0.0,0.0,BLOCKED_NO_TRADE
2026-06-23T18:12:34.241783+00:00,2026-06-22,VWO,NONE,0.0018481834610950848,0.0018481834610950848,0.0,1000000.0,0.0,0.0,0.0,0.0,0.0,BLOCKED_NO_TRADE
2026-06-23T18:12:34.241783+00:00,2026-06-22,XLB,NONE,0.0017665493725836847,0.0017665493725836847,0.0,1000000.0,0.0,0.0,0.0,0.0,0.0,BLOCKED_NO_TRADE
2026-06-23T18:12:34.242784+00:00,2026-06-22,XLE,NONE,0.0052616069797278295,0.0052616069797278295,0.0,1000000.0,0.0,0.0,0.0,0.0,0.0,BLOCKED_NO_TRADE
2026-06-23T18:12:34.242784+00:00,2026-06-22,XLF,NONE,0.003271122545765286,0.003271122545765286,0.0,1000000.0,0.0,0.0,0.0,0.0,0.0,BLOCKED_NO_TRADE
2026-06-23T18:12:34.242784+00:00,2026-06-22,XLI,NONE,0.002385630560568135,0.002385630560568135,0.0,1000000.0,0.0,0.0,0.0,0.0,0.0,BLOCKED_NO_TRADE
2026-06-23T18:12:34.243784+00:00,2026-06-22,XLK,NONE,0.000552904787930719,0.000552904787930719,0.0,1000000.0,0.0,0.0,0.0,0.0,0.0,BLOCKED_NO_TRADE
2026-06-23T18:12:34.243784+00:00,2026-06-22,XLP,NONE,0.01501100301950427,0.01501100301950427,0.0,1000000.0,0.0,0.0,0.0,0.0,0.0,BLOCKED_NO_TRADE
2026-06-23T18:12:34.243784+00:00,2026-06-22,XLRE,NONE,0.0047436062721603976,0.0047436062721603976,0.0,1000000.0,0.0,0.0,0.0,0.0,0.0,BLOCKED_NO_TRADE
2026-06-23T18:12:34.244785+00:00,2026-06-22,XLU,NONE,0.010286263054588877,0.010286263054588877,0.0,1000000.0,0.0,0.0,0.0,0.0,0.0,BLOCKED_NO_TRADE
2026-06-23T18:12:34.244785+00:00,2026-06-22,XLV,NONE,0.004244765568922952,0.004244765568922952,0.0,1000000.0,0.0,0.0,0.0,0.0,0.0,BLOCKED_NO_TRADE
2026-06-23T18:12:34.244785+00:00,2026-06-22,XLY,NONE,0.0008755979727662921,0.0008755979727662921,0.0,1000000.0,0.0,0.0,0.0,0.0,0.0,BLOCKED_NO_TRADE
2026-06-23T18:21:09.103172+00:00,2026-06-22,AGG,NONE,0.016427532165531177,0.016427532165531177,0.0,1000000.0,0.0,0.0,0.0,0.0,0.0,BLOCKED_NO_TRADE
2026-06-23T18:21:09.104172+00:00,2026-06-22,BIL,NONE,0.35292962640108677,0.35292962640108677,0.0,1000000.0,0.0,0.0,0.0,0.0,0.0,BLOCKED_NO_TRADE
2026-06-23T18:21:09.104172+00:00,2026-06-22,BND,NONE,0.024783366867346328,0.024783366867346328,0.0,1000000.0,0.0,0.0,0.0,0.0,0.0,BLOCKED_NO_TRADE
2026-06-23T18:21:09.105172+00:00,2026-06-22,BNDX,NONE,0.07621867533177362,0.07621867533177362,0.0,1000000.0,0.0,0.0,0.0,0.0,0.0,BLOCKED_NO_TRADE
2026-06-23T18:21:09.105172+00:00,2026-06-22,DBC,NONE,0.0054920543745197135,0.0054920543745197135,0.0,1000000.0,0.0,0.0,0.0,0.0,0.0,BLOCKED_NO_TRADE
2026-06-23T18:21:09.105172+00:00,2026-06-22,EEM,NONE,0.00134508052832857,0.00134508052832857,0.0,1000000.0,0.0,0.0,0.0,0.0,0.0,BLOCKED_NO_TRADE
2026-06-23T18:21:09.106171+00:00,2026-06-22,EFA,NONE,0.0014187072427404696,0.0014187072427404696,0.0,1000000.0,0.0,0.0,0.0,0.0,0.0,BLOCKED_NO_TRADE
2026-06-23T18:21:09.106171+00:00,2026-06-22,EMB,NONE,0.01526149439139359,0.01526149439139359,0.0,1000000.0,0.0,0.0,0.0,0.0,0.0,BLOCKED_NO_TRADE
2026-06-23T18:21:09.107172+00:00,2026-06-22,EWJ,NONE,0.0011548056303715161,0.0011548056303715161,0.0,1000000.0,0.0,0.0,0.0,0.0,0.0,BLOCKED_NO_TRADE
2026-06-23T18:21:09.107172+00:00,2026-06-22,FXI,NONE,0.0013911625898621318,0.0013911625898621318,0.0,1000000.0,0.0,0.0,0.0,0.0,0.0,BLOCKED_NO_TRADE
2026-06-23T18:21:09.107172+00:00,2026-06-22,GLD,NONE,0.002758642565325601,0.002758642565325601,0.0,1000000.0,0.0,0.0,0.0,0.0,0.0,BLOCKED_NO_TRADE
2026-06-23T18:21:09.108174+00:00,2026-06-22,HYG,NONE,0.039417450402849774,0.039417450402849774,0.0,1000000.0,0.0,0.0,0.0,0.0,0.0,BLOCKED_NO_TRADE
2026-06-23T18:21:09.108174+00:00,2026-06-22,IAU,NONE,0.0027898195154494212,0.0027898195154494212,0.0,1000000.0,0.0,0.0,0.0,0.0,0.0,BLOCKED_NO_TRADE
2026-06-23T18:21:09.109172+00:00,2026-06-22,IEF,NONE,0.009998194766180798,0.009998194766180798,0.0,1000000.0,0.0,0.0,0.0,0.0,0.0,BLOCKED_NO_TRADE
2026-06-23T18:21:09.109172+00:00,2026-06-22,IEFA,NONE,0.0014279864752396742,0.0014279864752396742,0.0,1000000.0,0.0,0.0,0.0,0.0,0.0,BLOCKED_NO_TRADE
2026-06-23T18:21:09.109172+00:00,2026-06-22,IWM,NONE,0.0009041772127237684,0.0009041772127237684,0.0,1000000.0,0.0,0.0,0.0,0.0,0.0,BLOCKED_NO_TRADE
2026-06-23T18:21:09.109172+00:00,2026-06-22,LQD,NONE,0.008929332673913767,0.008929332673913767,0.0,1000000.0,0.0,0.0,0.0,0.0,0.0,BLOCKED_NO_TRADE
2026-06-23T18:21:09.110678+00:00,2026-06-22,MTUM,NONE,0.0014415985030535247,0.0014415985030535247,0.0,1000000.0,0.0,0.0,0.0,0.0,0.0,BLOCKED_NO_TRADE
2026-06-23T18:21:09.110678+00:00,2026-06-22,QQQ,NONE,0.0008313908062220896,0.0008313908062220896,0.0,1000000.0,0.0,0.0,0.0,0.0,0.0,BLOCKED_NO_TRADE
2026-06-23T18:21:09.111684+00:00,2026-06-22,QUAL,NONE,0.0035061467226930342,0.0035061467226930342,0.0,1000000.0,0.0,0.0,0.0,0.0,0.0,BLOCKED_NO_TRADE
2026-06-23T18:21:09.111684+00:00,2026-06-22,RWX,NONE,0.002516120833099852,0.002516120833099852,0.0,1000000.0,0.0,0.0,0.0,0.0,0.0,BLOCKED_NO_TRADE
2026-06-23T18:21:09.111684+00:00,2026-06-22,SGOV,NONE,0.15,0.15,0.0,1000000.0,0.0,0.0,0.0,0.0,0.0,BLOCKED_NO_TRADE
2026-06-23T18:21:09.112684+00:00,2026-06-22,SHY,NONE,0.15,0.15,0.0,1000000.0,0.0,0.0,0.0,0.0,0.0,BLOCKED_NO_TRADE
2026-06-23T18:21:09.113275+00:00,2026-06-22,SLV,NONE,0.0013373680800915057,0.0013373680800915057,0.0,1000000.0,0.0,0.0,0.0,0.0,0.0,BLOCKED_NO_TRADE
2026-06-23T18:21:09.113275+00:00,2026-06-22,SPY,NONE,0.001528967267330737,0.001528967267330737,0.0,1000000.0,0.0,0.0,0.0,0.0,0.0,BLOCKED_NO_TRADE
2026-06-23T18:21:09.113275+00:00,2026-06-22,TIP,NONE,0.050043266092811886,0.050043266092811886,0.0,1000000.0,0.0,0.0,0.0,0.0,0.0,BLOCKED_NO_TRADE
2026-06-23T18:21:09.114282+00:00,2026-06-22,TLT,NONE,0.0024043265055315056,0.0024043265055315056,0.0,1000000.0,0.0,0.0,0.0,0.0,0.0,BLOCKED_NO_TRADE
2026-06-23T18:21:09.114282+00:00,2026-06-22,USMV,NONE,0.008153526347053838,0.008153526347053838,0.0,1000000.0,0.0,0.0,0.0,0.0,0.0,BLOCKED_NO_TRADE
2026-06-23T18:21:09.115280+00:00,2026-06-22,USO,NONE,0.001149032491189118,0.001149032491189118,0.0,1000000.0,0.0,0.0,0.0,0.0,0.0,BLOCKED_NO_TRADE
2026-06-23T18:21:09.115280+00:00,2026-06-22,VGK,NONE,0.0027548658396046415,0.0027548658396046415,0.0,1000000.0,0.0,0.0,0.0,0.0,0.0,BLOCKED_NO_TRADE
2026-06-23T18:21:09.116281+00:00,2026-06-22,VLUE,NONE,0.00172066079100446,0.00172066079100446,0.0,1000000.0,0.0,0.0,0.0,0.0,0.0,BLOCKED_NO_TRADE
2026-06-23T18:21:09.116281+00:00,2026-06-22,VNQ,NONE,0.004423357945920909,0.004423357945920909,0.0,1000000.0,0.0,0.0,0.0,0.0,0.0,BLOCKED_NO_TRADE
2026-06-23T18:21:09.116281+00:00,2026-06-22,VNQI,NONE,0.0037832409184873324,0.0037832409184873324,0.0,1000000.0,0.0,0.0,0.0,0.0,0.0,BLOCKED_NO_TRADE
2026-06-23T18:21:09.117282+00:00,2026-06-22,VTI,NONE,0.0015107881256553784,0.0015107881256553784,0.0,1000000.0,0.0,0.0,0.0,0.0,0.0,BLOCKED_NO_TRADE
2026-06-23T18:21:09.117282+00:00,2026-06-22,VWO,NONE,0.0018481834610950848,0.0018481834610950848,0.0,1000000.0,0.0,0.0,0.0,0.0,0.0,BLOCKED_NO_TRADE
2026-06-23T18:21:09.118281+00:00,2026-06-22,XLB,NONE,0.0017665493725836847,0.0017665493725836847,0.0,1000000.0,0.0,0.0,0.0,0.0,0.0,BLOCKED_NO_TRADE
2026-06-23T18:21:09.118281+00:00,2026-06-22,XLE,NONE,0.0052616069797278295,0.0052616069797278295,0.0,1000000.0,0.0,0.0,0.0,0.0,0.0,BLOCKED_NO_TRADE
2026-06-23T18:21:09.118281+00:00,2026-06-22,XLF,NONE,0.003271122545765286,0.003271122545765286,0.0,1000000.0,0.0,0.0,0.0,0.0,0.0,BLOCKED_NO_TRADE
2026-06-23T18:21:09.119281+00:00,2026-06-22,XLI,NONE,0.002385630560568135,0.002385630560568135,0.0,1000000.0,0.0,0.0,0.0,0.0,0.0,BLOCKED_NO_TRADE
2026-06-23T18:21:09.119281+00:00,2026-06-22,XLK,NONE,0.000552904787930719,0.000552904787930719,0.0,1000000.0,0.0,0.0,0.0,0.0,0.0,BLOCKED_NO_TRADE
2026-06-23T18:21:09.119281+00:00,2026-06-22,XLP,NONE,0.01501100301950427,0.01501100301950427,0.0,1000000.0,0.0,0.0,0.0,0.0,0.0,BLOCKED_NO_TRADE
2026-06-23T18:21:09.119281+00:00,2026-06-22,XLRE,NONE,0.0047436062721603976,0.0047436062721603976,0.0,1000000.0,0.0,0.0,0.0,0.0,0.0,BLOCKED_NO_TRADE
2026-06-23T18:21:09.120789+00:00,2026-06-22,XLU,NONE,0.010286263054588877,0.010286263054588877,0.0,1000000.0,0.0,0.0,0.0,0.0,0.0,BLOCKED_NO_TRADE
2026-06-23T18:21:09.120789+00:00,2026-06-22,XLV,NONE,0.004244765568922952,0.004244765568922952,0.0,1000000.0,0.0,0.0,0.0,0.0,0.0,BLOCKED_NO_TRADE
2026-06-23T18:21:09.120789+00:00,2026-06-22,XLY,NONE,0.0008755979727662921,0.0008755979727662921,0.0,1000000.0,0.0,0.0,0.0,0.0,0.0,BLOCKED_NO_TRADE
2026-06-24T23:30:23.306956+00:00,2026-06-24,AGG,BUY,0.016483483835857436,0.016427532165531177,5.595167032625831e-05,1000000.0,55.95167032625831,0.0,0.027975835163129154,0.027975835163129154,0.05595167032625831,BLOCKED_NO_TRADE
2026-06-24T23:30:23.307963+00:00,2026-06-24,BIL,SELL,0.3523192019148195,0.35292962640108677,-0.000610424486267247,1000000.0,-610.424486267247,0.0,0.3052122431336235,0.3052122431336235,0.610424486267247,BLOCKED_NO_TRADE
2026-06-24T23:30:23.307963+00:00,2026-06-24,BND,BUY,0.024865916645411597,0.024783366867346328,8.254977806526967e-05,1000000.0,82.54977806526966,0.0,0.041274889032634834,0.041274889032634834,0.08254977806526967,BLOCKED_NO_TRADE
2026-06-24T23:30:23.307963+00:00,2026-06-24,BNDX,SELL,0.0760988452198214,0.07621867533177362,-0.00011983011195222659,1000000.0,-119.83011195222659,0.0,0.059915055976113296,0.059915055976113296,0.11983011195222659,BLOCKED_NO_TRADE
2026-06-24T23:30:23.307963+00:00,2026-06-24,DBC,SELL,0.00540541339744064,0.0054920543745197135,-8.664097707907371e-05,1000000.0,-86.6409770790737,0.0,0.04332048853953686,0.04332048853953686,0.08664097707907371,BLOCKED_NO_TRADE
2026-06-24T23:30:23.309469+00:00,2026-06-24,EEM,SELL,0.0013042352717071405,0.00134508052832857,-4.0845256621429476e-05,1000000.0,-40.84525662142948,0.0,0.02042262831071474,0.02042262831071474,0.04084525662142948,BLOCKED_NO_TRADE
2026-06-24T23:30:23.309469+00:00,2026-06-24,EFA,SELL,0.0014147355894618319,0.0014187072427404696,-3.971653278637749e-06,1000000.0,-3.9716532786377488,0.0,0.0019858266393188743,0.0019858266393188743,0.003971653278637749,BLOCKED_NO_TRADE
2026-06-24T23:30:23.309469+00:00,2026-06-24,EMB,BUY,0.015385704111914382,0.01526149439139359,0.00012420972052079246,1000000.0,124.20972052079246,0.0,0.06210486026039623,0.06210486026039623,0.12420972052079246,BLOCKED_NO_TRADE
2026-06-24T23:30:23.310475+00:00,2026-06-24,EWJ,SELL,0.0011497811422765017,0.0011548056303715161,-5.02448809501445e-06,1000000.0,-5.02448809501445,0.0,0.0025122440475072254,0.0025122440475072254,0.005024488095014451,BLOCKED_NO_TRADE
2026-06-24T23:30:23.310475+00:00,2026-06-24,FXI,SELL,0.0013905253409343958,0.0013911625898621318,-6.372489277360095e-07,1000000.0,-0.6372489277360095,0.0,0.00031862446386800476,0.00031862446386800476,0.0006372489277360095,BLOCKED_NO_TRADE
2026-06-24T23:30:23.310475+00:00,2026-06-24,GLD,SELL,0.002737717513701267,0.002758642565325601,-2.092505162433391e-05,1000000.0,-20.92505162433391,0.0,0.010462525812166956,0.010462525812166956,0.02092505162433391,BLOCKED_NO_TRADE
2026-06-24T23:30:23.311474+00:00,2026-06-24,HYG,BUY,0.03979804561182212,0.039417450402849774,0.00038059520897234383,1000000.0,380.5952089723438,0.0,0.19029760448617192,0.19029760448617192,0.38059520897234383,BLOCKED_NO_TRADE
2026-06-24T23:30:23.311474+00:00,2026-06-24,IAU,SELL,0.002768454578811442,0.0027898195154494212,-2.136493663797926e-05,1000000.0,-21.364936637979262,0.0,0.010682468318989632,0.010682468318989632,0.021364936637979264,BLOCKED_NO_TRADE
2026-06-24T23:30:23.311474+00:00,2026-06-24,IEF,BUY,0.010015284657768634,0.009998194766180798,1.7089891587836192e-05,1000000.0,17.089891587836192,0.0,0.008544945793918096,0.008544945793918096,0.017089891587836192,BLOCKED_NO_TRADE
2026-06-24T23:30:23.311474+00:00,2026-06-24,IEFA,SELL,0.0014250795751786997,0.0014279864752396742,-2.9069000609745384e-06,1000000.0,-2.9069000609745386,0.0,0.0014534500304872694,0.0014534500304872694,0.002906900060974539,BLOCKED_NO_TRADE
2026-06-24T23:30:23.312762+00:00,2026-06-24,IWM,BUY,0.0009151144810731834,0.0009041772127237684,1.0937268349414989e-05,1000000.0,10.937268349414989,0.0,0.005468634174707495,0.005468634174707495,0.01093726834941499,BLOCKED_NO_TRADE
2026-06-24T23:30:23.312762+00:00,2026-06-24,LQD,BUY,0.008987576467973627,0.008929332673913767,5.824379405986076e-05,1000000.0,58.243794059860754,0.0,0.02912189702993038,0.02912189702993038,0.05824379405986076,BLOCKED_NO_TRADE
2026-06-24T23:30:23.312762+00:00,2026-06-24,MTUM,SELL,0.0014278186170767254,0.0014415985030535247,-1.3779885976799309e-05,1000000.0,-13.779885976799308,0.0,0.006889942988399654,0.006889942988399654,0.013779885976799309,BLOCKED_NO_TRADE
2026-06-24T23:30:23.313762+00:00,2026-06-24,QQQ,SELL,0.0008297794727518961,0.0008313908062220896,-1.6113334701935112e-06,1000000.0,-1.6113334701935111,0.0,0.0008056667350967556,0.0008056667350967556,0.0016113334701935112,BLOCKED_NO_TRADE
2026-06-24T23:30:23.313762+00:00,2026-06-24,QUAL,BUY,0.0035299241957091397,0.0035061467226930342,2.377747301610545e-05,1000000.0,23.77747301610545,0.0,0.011888736508052725,0.011888736508052725,0.02377747301610545,BLOCKED_NO_TRADE
2026-06-24T23:30:23.313762+00:00,2026-06-24,RWX,BUY,0.0025583211783649687,0.002516120833099852,4.2200345265116894e-05,1000000.0,42.200345265116894,0.0,0.021100172632558447,0.021100172632558447,0.042200345265116894,BLOCKED_NO_TRADE
2026-06-24T23:30:23.314763+00:00,2026-06-24,SGOV,BUY,0.15000000000000002,0.15,2.7755575615628914e-17,1000000.0,2.7755575615628914e-11,0.0,1.3877787807814457e-14,1.3877787807814457e-14,2.7755575615628914e-14,BLOCKED_NO_TRADE
2026-06-24T23:30:23.314763+00:00,2026-06-24,SHY,BUY,0.15000000000000002,0.15,2.7755575615628914e-17,1000000.0,2.7755575615628914e-11,0.0,1.3877787807814457e-14,1.3877787807814457e-14,2.7755575615628914e-14,BLOCKED_NO_TRADE
2026-06-24T23:30:23.314763+00:00,2026-06-24,SLV,SELL,0.001312599082891184,0.0013373680800915057,-2.4768997200321765e-05,1000000.0,-24.768997200321767,0.0,0.012384498600160884,0.012384498600160884,0.024768997200321767,BLOCKED_NO_TRADE
2026-06-24T23:30:23.315762+00:00,2026-06-24,SPY,BUY,0.0015375932170230008,0.001528967267330737,8.625949692263801e-06,1000000.0,8.6259496922638,0.0,0.0043129748461319005,0.0043129748461319005,0.008625949692263801,BLOCKED_NO_TRADE
2026-06-24T23:30:23.315762+00:00,2026-06-24,TIP,BUY,0.05010570834544071,0.050043266092811886,6.244225262882347e-05,1000000.0,62.44225262882347,0.0,0.031221126314411735,0.031221126314411735,0.06244225262882347,BLOCKED_NO_TRADE
2026-06-24T23:30:23.315762+00:00,2026-06-24,TLT,BUY,0.002411937092381598,0.0024043265055315056,7.610586850092301e-06,1000000.0,7.610586850092301,0.0,0.0038052934250461506,0.0038052934250461506,0.007610586850092301,BLOCKED_NO_TRADE
2026-06-24T23:30:23.316761+00:00,2026-06-24,USMV,BUY,0.00823433577825858,0.008153526347053838,8.080943120474145e-05,1000000.0,80.80943120474144,0.0,0.040404715602370724,0.040404715602370724,0.08080943120474145,BLOCKED_NO_TRADE
2026-06-24T23:30:23.316761+00:00,2026-06-24,USO,SELL,0.0011427754926157136,0.001149032491189118,-6.25699857340436e-06,1000000.0,-6.25699857340436,0.0,0.00312849928670218,0.00312849928670218,0.00625699857340436,BLOCKED_NO_TRADE
2026-06-24T23:30:23.316761+00:00,2026-06-24,VGK,BUY,0.002763729320684817,0.0027548658396046415,8.86348108017571e-06,1000000.0,8.86348108017571,0.0,0.004431740540087855,0.004431740540087855,0.00886348108017571,BLOCKED_NO_TRADE
2026-06-24T23:30:23.317761+00:00,2026-06-24,VLUE,SELL,0.0017087021104781046,0.00172066079100446,-1.1958680526355384e-05,1000000.0,-11.958680526355383,0.0,0.005979340263177692,0.005979340263177692,0.011958680526355384,BLOCKED_NO_TRADE
2026-06-24T23:30:23.317761+00:00,2026-06-24,VNQ,BUY,0.0044522277546370755,0.004423357945920909,2.8869808716166893e-05,1000000.0,28.869808716166894,0.0,0.014434904358083447,0.014434904358083447,0.028869808716166893,BLOCKED_NO_TRADE
2026-06-24T23:30:23.317761+00:00,2026-06-24,VNQI,BUY,0.0038149019744454066,0.0037832409184873324,3.1661055958074214e-05,1000000.0,31.661055958074215,0.0,0.01583052797903711,0.01583052797903711,0.03166105595807422,BLOCKED_NO_TRADE
2026-06-24T23:30:23.318761+00:00,2026-06-24,VTI,BUY,0.001520007891867913,0.0015107881256553784,9.21976621253459e-06,1000000.0,9.219766212534589,0.0,0.004609883106267295,0.004609883106267295,0.00921976621253459,BLOCKED_NO_TRADE
2026-06-24T23:30:23.318761+00:00,2026-06-24,VWO,SELL,0.001817550037482855,0.0018481834610950848,-3.063342361222989e-05,1000000.0,-30.63342361222989,0.0,0.015316711806114946,0.015316711806114946,0.03063342361222989,BLOCKED_NO_TRADE
2026-06-24T23:30:23.318761+00:00,2026-06-24,XLB,BUY,0.001788960920761749,0.0017665493725836847,2.2411548178064315e-05,1000000.0,22.411548178064315,0.0,0.011205774089032158,0.011205774089032158,0.022411548178064317,BLOCKED_NO_TRADE
2026-06-24T23:30:23.319761+00:00,2026-06-24,XLE,BUY,0.005289753581900632,0.0052616069797278295,2.8146602172802668e-05,1000000.0,28.146602172802666,0.0,0.014073301086401334,0.014073301086401334,0.028146602172802668,BLOCKED_NO_TRADE
2026-06-24T23:30:23.319761+00:00,2026-06-24,XLF,BUY,0.0033046781812781987,0.003271122545765286,3.355563551291291e-05,1000000.0,33.55563551291291,0.0,0.016777817756456453,0.016777817756456453,0.03355563551291291,BLOCKED_NO_TRADE
2026-06-24T23:30:23.319761+00:00,2026-06-24,XLI,BUY,0.002414015319860231,0.002385630560568135,2.8384759292096e-05,1000000.0,28.384759292096,0.0,0.014192379646048,0.014192379646048,0.028384759292096,BLOCKED_NO_TRADE
2026-06-24T23:30:23.320763+00:00,2026-06-24,XLK,SELL,0.0005511649550844568,0.000552904787930719,-1.7398328462622835e-06,1000000.0,-1.7398328462622836,0.0,0.0008699164231311419,0.0008699164231311419,0.0017398328462622837,BLOCKED_NO_TRADE
2026-06-24T23:30:23.320763+00:00,2026-06-24,XLP,SELL,0.014828416658223246,0.01501100301950427,-0.0001825863612810244,1000000.0,-182.5863612810244,0.0,0.0912931806405122,0.0912931806405122,0.1825863612810244,BLOCKED_NO_TRADE
2026-06-24T23:30:23.320763+00:00,2026-06-24,XLRE,BUY,0.004761265492642104,0.0047436062721603976,1.7659220481706407e-05,1000000.0,17.659220481706406,0.0,0.008829610240853204,0.008829610240853204,0.017659220481706407,BLOCKED_NO_TRADE
2026-06-24T23:30:23.321761+00:00,2026-06-24,XLU,BUY,0.010315141175062182,0.010286263054588877,2.8878120473304486e-05,1000000.0,28.878120473304485,0.0,0.014439060236652243,0.014439060236652243,0.028878120473304486,BLOCKED_NO_TRADE
2026-06-24T23:30:23.321761+00:00,2026-06-24,XLV,SELL,0.004225075924084176,0.004244765568922952,-1.9689644838775944e-05,1000000.0,-19.689644838775944,0.0,0.009844822419387972,0.009844822419387972,0.019689644838775944,BLOCKED_NO_TRADE
2026-06-24T23:30:23.322264+00:00,2026-06-24,XLY,BUY,0.0008885008730193183,0.0008755979727662921,1.2902900253026171e-05,1000000.0,12.902900253026171,0.0,0.006451450126513086,0.006451450126513086,0.012902900253026171,BLOCKED_NO_TRADE
