timestamp_utc,date,ticker,status,message
2026-06-23T17:33:46.791363+00:00,2026-06-22,SPY,OK,ok
2026-06-23T17:33:46.806983+00:00,2026-06-22,VTI,OK,ok
2026-06-23T17:33:46.821094+00:00,2026-06-22,QQQ,OK,ok
2026-06-23T17:33:46.835654+00:00,2026-06-22,IWM,OK,ok
2026-06-23T17:33:46.851070+00:00,2026-06-22,EFA,OK,ok
2026-06-23T17:33:46.865094+00:00,2026-06-22,IEFA,OK,ok
2026-06-23T17:33:46.879704+00:00,2026-06-22,VGK,OK,ok
2026-06-23T17:33:46.896236+00:00,2026-06-22,EWJ,OK,ok
2026-06-23T17:33:46.909746+00:00,2026-06-22,EEM,OK,ok
2026-06-23T17:33:46.925773+00:00,2026-06-22,VWO,OK,ok
2026-06-23T17:33:46.941185+00:00,2026-06-22,FXI,OK,ok
2026-06-23T17:33:46.955713+00:00,2026-06-22,XLF,OK,ok
2026-06-23T17:33:46.971228+00:00,2026-06-22,XLK,OK,ok
2026-06-23T17:33:46.989765+00:00,2026-06-22,XLE,OK,ok
2026-06-23T17:33:47.003774+00:00,2026-06-22,XLV,OK,ok
2026-06-23T17:33:47.017852+00:00,2026-06-22,XLI,OK,ok
2026-06-23T17:33:47.030429+00:00,2026-06-22,XLY,OK,ok
2026-06-23T17:33:47.043660+00:00,2026-06-22,XLP,OK,ok
2026-06-23T17:33:47.059680+00:00,2026-06-22,XLU,OK,ok
2026-06-23T17:33:47.072693+00:00,2026-06-22,XLB,OK,ok
2026-06-23T17:33:47.081204+00:00,2026-06-22,XLRE,OK,ok
2026-06-23T17:33:47.093730+00:00,2026-06-22,USMV,OK,ok
2026-06-23T17:33:47.104245+00:00,2026-06-22,MTUM,OK,ok
2026-06-23T17:33:47.116753+00:00,2026-06-22,VLUE,OK,ok
2026-06-23T17:33:47.126290+00:00,2026-06-22,QUAL,OK,ok
2026-06-23T17:33:47.140822+00:00,2026-06-22,AGG,OK,ok
2026-06-23T17:33:47.155255+00:00,2026-06-22,BND,OK,ok
2026-06-23T17:33:47.168766+00:00,2026-06-22,TLT,OK,ok
2026-06-23T17:33:47.182787+00:00,2026-06-22,IEF,OK,ok
2026-06-23T17:33:47.195833+00:00,2026-06-22,SHY,OK,ok
2026-06-23T17:33:47.209342+00:00,2026-06-22,TIP,OK,ok
2026-06-23T17:33:47.223357+00:00,2026-06-22,LQD,OK,ok
2026-06-23T17:33:47.236898+00:00,2026-06-22,HYG,OK,ok
2026-06-23T17:33:47.251920+00:00,2026-06-22,EMB,OK,ok
2026-06-23T17:33:47.263943+00:00,2026-06-22,BNDX,OK,ok
2026-06-23T17:33:47.277541+00:00,2026-06-22,BIL,OK,ok
2026-06-23T17:33:47.281540+00:00,2026-06-22,SGOV,OK,ok
2026-06-23T17:33:47.294562+00:00,2026-06-22,GLD,OK,ok
2026-06-23T17:33:47.307585+00:00,2026-06-22,IAU,OK,ok
2026-06-23T17:33:47.320092+00:00,2026-06-22,SLV,OK,ok
2026-06-23T17:33:47.332852+00:00,2026-06-22,DBC,OK,ok
2026-06-23T17:33:47.347369+00:00,2026-06-22,USO,OK,ok
2026-06-23T17:33:47.360882+00:00,2026-06-22,VNQ,OK,ok
2026-06-23T17:33:47.374043+00:00,2026-06-22,VNQI,OK,ok
2026-06-23T17:33:47.388676+00:00,2026-06-22,RWX,OK,ok
2026-06-23T18:12:31.152085+00:00,2026-06-22,SPY,OK,ok
2026-06-23T18:12:31.171631+00:00,2026-06-22,VTI,OK,ok
2026-06-23T18:12:31.196221+00:00,2026-06-22,QQQ,OK,ok
2026-06-23T18:12:31.214128+00:00,2026-06-22,IWM,OK,ok
2026-06-23T18:12:31.231148+00:00,2026-06-22,EFA,OK,ok
2026-06-23T18:12:31.243173+00:00,2026-06-22,IEFA,OK,ok
2026-06-23T18:12:31.258787+00:00,2026-06-22,VGK,OK,ok
2026-06-23T18:12:31.276923+00:00,2026-06-22,EWJ,OK,ok
2026-06-23T18:12:31.293953+00:00,2026-06-22,EEM,OK,ok
2026-06-23T18:12:31.311977+00:00,2026-06-22,VWO,OK,ok
2026-06-23T18:12:31.328489+00:00,2026-06-22,FXI,OK,ok
2026-06-23T18:12:31.343517+00:00,2026-06-22,XLF,OK,ok
2026-06-23T18:12:31.359110+00:00,2026-06-22,XLK,OK,ok
2026-06-23T18:12:31.372997+00:00,2026-06-22,XLE,OK,ok
2026-06-23T18:12:31.388509+00:00,2026-06-22,XLV,OK,ok
2026-06-23T18:12:31.404224+00:00,2026-06-22,XLI,OK,ok
2026-06-23T18:12:31.418738+00:00,2026-06-22,XLY,OK,ok
2026-06-23T18:12:31.434313+00:00,2026-06-22,XLP,OK,ok
2026-06-23T18:12:31.448336+00:00,2026-06-22,XLU,OK,ok
2026-06-23T18:12:31.461363+00:00,2026-06-22,XLB,OK,ok
2026-06-23T18:12:31.468361+00:00,2026-06-22,XLRE,OK,ok
2026-06-23T18:12:31.480383+00:00,2026-06-22,USMV,OK,ok
2026-06-23T18:12:31.491892+00:00,2026-06-22,MTUM,OK,ok
2026-06-23T18:12:31.503408+00:00,2026-06-22,VLUE,OK,ok
2026-06-23T18:12:31.513920+00:00,2026-06-22,QUAL,OK,ok
2026-06-23T18:12:31.527433+00:00,2026-06-22,AGG,OK,ok
2026-06-23T18:12:31.540995+00:00,2026-06-22,BND,OK,ok
2026-06-23T18:12:31.555201+00:00,2026-06-22,TLT,OK,ok
2026-06-23T18:12:31.568710+00:00,2026-06-22,IEF,OK,ok
2026-06-23T18:12:31.581288+00:00,2026-06-22,SHY,OK,ok
2026-06-23T18:12:31.593798+00:00,2026-06-22,TIP,OK,ok
2026-06-23T18:12:31.608310+00:00,2026-06-22,LQD,OK,ok
2026-06-23T18:12:31.621337+00:00,2026-06-22,HYG,OK,ok
2026-06-23T18:12:31.633846+00:00,2026-06-22,EMB,OK,ok
2026-06-23T18:12:31.646357+00:00,2026-06-22,BNDX,OK,ok
2026-06-23T18:12:31.658377+00:00,2026-06-22,BIL,OK,ok
2026-06-23T18:12:31.662889+00:00,2026-06-22,SGOV,OK,ok
2026-06-23T18:12:31.676137+00:00,2026-06-22,GLD,OK,ok
2026-06-23T18:12:31.688647+00:00,2026-06-22,IAU,OK,ok
2026-06-23T18:12:31.700158+00:00,2026-06-22,SLV,OK,ok
2026-06-23T18:12:31.713178+00:00,2026-06-22,DBC,OK,ok
2026-06-23T18:12:31.724686+00:00,2026-06-22,USO,OK,ok
2026-06-23T18:12:31.738193+00:00,2026-06-22,VNQ,OK,ok
2026-06-23T18:12:31.750723+00:00,2026-06-22,VNQI,OK,ok
2026-06-23T18:12:31.762916+00:00,2026-06-22,RWX,OK,ok
2026-06-23T18:21:05.706509+00:00,2026-06-22,SPY,OK,ok
2026-06-23T18:21:05.721452+00:00,2026-06-22,VTI,OK,ok
2026-06-23T18:21:05.736292+00:00,2026-06-22,QQQ,OK,ok
2026-06-23T18:21:05.749746+00:00,2026-06-22,IWM,OK,ok
2026-06-23T18:21:05.765916+00:00,2026-06-22,EFA,OK,ok
2026-06-23T18:21:05.776935+00:00,2026-06-22,IEFA,OK,ok
2026-06-23T18:21:05.789537+00:00,2026-06-22,VGK,OK,ok
2026-06-23T18:21:05.804158+00:00,2026-06-22,EWJ,OK,ok
2026-06-23T18:21:05.818284+00:00,2026-06-22,EEM,OK,ok
2026-06-23T18:21:05.832962+00:00,2026-06-22,VWO,OK,ok
2026-06-23T18:21:05.847055+00:00,2026-06-22,FXI,OK,ok
2026-06-23T18:21:05.861189+00:00,2026-06-22,XLF,OK,ok
2026-06-23T18:21:05.874771+00:00,2026-06-22,XLK,OK,ok
2026-06-23T18:21:05.887290+00:00,2026-06-22,XLE,OK,ok
2026-06-23T18:21:05.900378+00:00,2026-06-22,XLV,OK,ok
2026-06-23T18:21:05.914016+00:00,2026-06-22,XLI,OK,ok
2026-06-23T18:21:05.927095+00:00,2026-06-22,XLY,OK,ok
2026-06-23T18:21:05.941192+00:00,2026-06-22,XLP,OK,ok
2026-06-23T18:21:05.953244+00:00,2026-06-22,XLU,OK,ok
2026-06-23T18:21:05.965802+00:00,2026-06-22,XLB,OK,ok
2026-06-23T18:21:05.973353+00:00,2026-06-22,XLRE,OK,ok
2026-06-23T18:21:05.984923+00:00,2026-06-22,USMV,OK,ok
2026-06-23T18:21:05.995436+00:00,2026-06-22,MTUM,OK,ok
2026-06-23T18:21:06.007537+00:00,2026-06-22,VLUE,OK,ok
2026-06-23T18:21:06.018654+00:00,2026-06-22,QUAL,OK,ok
2026-06-23T18:21:06.030739+00:00,2026-06-22,AGG,OK,ok
2026-06-23T18:21:06.043253+00:00,2026-06-22,BND,OK,ok
2026-06-23T18:21:06.055353+00:00,2026-06-22,TLT,OK,ok
2026-06-23T18:21:06.067956+00:00,2026-06-22,IEF,OK,ok
2026-06-23T18:21:06.080030+00:00,2026-06-22,SHY,OK,ok
2026-06-23T18:21:06.092540+00:00,2026-06-22,TIP,OK,ok
2026-06-23T18:21:06.104633+00:00,2026-06-22,LQD,OK,ok
2026-06-23T18:21:06.116720+00:00,2026-06-22,HYG,OK,ok
2026-06-23T18:21:06.130358+00:00,2026-06-22,EMB,OK,ok
2026-06-23T18:21:06.139865+00:00,2026-06-22,BNDX,OK,ok
2026-06-23T18:21:06.150918+00:00,2026-06-22,BIL,OK,ok
2026-06-23T18:21:06.155916+00:00,2026-06-22,SGOV,OK,ok
2026-06-23T18:21:06.167029+00:00,2026-06-22,GLD,OK,ok
2026-06-23T18:21:06.177674+00:00,2026-06-22,IAU,OK,ok
2026-06-23T18:21:06.187747+00:00,2026-06-22,SLV,OK,ok
2026-06-23T18:21:06.200319+00:00,2026-06-22,DBC,OK,ok
2026-06-23T18:21:06.211403+00:00,2026-06-22,USO,OK,ok
2026-06-23T18:21:06.223469+00:00,2026-06-22,VNQ,OK,ok
2026-06-23T18:21:06.234553+00:00,2026-06-22,VNQI,OK,ok
2026-06-23T18:21:06.246069+00:00,2026-06-22,RWX,OK,ok
2026-06-24T23:30:16.968017+00:00,2026-06-24,SPY,OK,ok
2026-06-24T23:30:16.981257+00:00,2026-06-24,VTI,OK,ok
2026-06-24T23:30:16.992272+00:00,2026-06-24,QQQ,OK,ok
2026-06-24T23:30:17.005798+00:00,2026-06-24,IWM,OK,ok
2026-06-24T23:30:17.017814+00:00,2026-06-24,EFA,OK,ok
2026-06-24T23:30:17.028161+00:00,2026-06-24,IEFA,OK,ok
2026-06-24T23:30:17.040683+00:00,2026-06-24,VGK,OK,ok
2026-06-24T23:30:17.053224+00:00,2026-06-24,EWJ,OK,ok
2026-06-24T23:30:17.065245+00:00,2026-06-24,EEM,OK,ok
2026-06-24T23:30:17.080405+00:00,2026-06-24,VWO,OK,ok
2026-06-24T23:30:17.093892+00:00,2026-06-24,FXI,OK,ok
2026-06-24T23:30:17.106971+00:00,2026-06-24,XLF,OK,ok
2026-06-24T23:30:17.120507+00:00,2026-06-24,XLK,OK,ok
2026-06-24T23:30:17.134713+00:00,2026-06-24,XLE,OK,ok
2026-06-24T23:30:17.147729+00:00,2026-06-24,XLV,OK,ok
2026-06-24T23:30:17.160237+00:00,2026-06-24,XLI,OK,ok
2026-06-24T23:30:17.173264+00:00,2026-06-24,XLY,OK,ok
2026-06-24T23:30:17.185278+00:00,2026-06-24,XLP,OK,ok
2026-06-24T23:30:17.197788+00:00,2026-06-24,XLU,OK,ok
2026-06-24T23:30:17.209803+00:00,2026-06-24,XLB,OK,ok
2026-06-24T23:30:17.217802+00:00,2026-06-24,XLRE,OK,ok
2026-06-24T23:30:17.228310+00:00,2026-06-24,USMV,OK,ok
2026-06-24T23:30:17.238471+00:00,2026-06-24,MTUM,OK,ok
2026-06-24T23:30:17.247994+00:00,2026-06-24,VLUE,OK,ok
2026-06-24T23:30:17.257502+00:00,2026-06-24,QUAL,OK,ok
2026-06-24T23:30:17.269035+00:00,2026-06-24,AGG,OK,ok
2026-06-24T23:30:17.281050+00:00,2026-06-24,BND,OK,ok
2026-06-24T23:30:17.292803+00:00,2026-06-24,TLT,OK,ok
2026-06-24T23:30:17.304321+00:00,2026-06-24,IEF,OK,ok
2026-06-24T23:30:17.316834+00:00,2026-06-24,SHY,OK,ok
2026-06-24T23:30:17.329313+00:00,2026-06-24,TIP,OK,ok
2026-06-24T23:30:17.341819+00:00,2026-06-24,LQD,OK,ok
2026-06-24T23:30:17.352327+00:00,2026-06-24,HYG,OK,ok
2026-06-24T23:30:17.364342+00:00,2026-06-24,EMB,OK,ok
2026-06-24T23:30:17.372848+00:00,2026-06-24,BNDX,OK,ok
2026-06-24T23:30:17.384357+00:00,2026-06-24,BIL,OK,ok
2026-06-24T23:30:17.388368+00:00,2026-06-24,SGOV,OK,ok
2026-06-24T23:30:17.398877+00:00,2026-06-24,GLD,OK,ok
2026-06-24T23:30:17.409384+00:00,2026-06-24,IAU,OK,ok
2026-06-24T23:30:17.419891+00:00,2026-06-24,SLV,OK,ok
2026-06-24T23:30:17.431573+00:00,2026-06-24,DBC,OK,ok
2026-06-24T23:30:17.442080+00:00,2026-06-24,USO,OK,ok
2026-06-24T23:30:17.452599+00:00,2026-06-24,VNQ,OK,ok
2026-06-24T23:30:17.464108+00:00,2026-06-24,VNQI,OK,ok
2026-06-24T23:30:17.475615+00:00,2026-06-24,RWX,OK,ok
