time,bar_i,type,side,pnl,balance
2021-01-07 23:30:00,389,final,BUY,-94.59506014637373,9905.404939853626
2021-01-12 01:30:00,581,partial,BUY,90.92247296255931,9996.327412816185
2021-01-12 09:00:00,611,final,BUY,0.0,9996.327412816185
2021-01-18 00:30:00,945,partial,BUY,95.82167555221594,10092.1490883684
2021-01-19 20:00:00,1095,final,BUY,68.44405396586808,10160.593142334268
2021-01-20 06:30:00,1137,final,BUY,-100.57628910212996,10060.016853232139
2021-01-20 09:45:00,1150,final,BUY,-98.32059249989904,9961.69626073224
2021-01-21 09:00:00,1239,final,BUY,-98.9496353246609,9862.746625407579
2021-01-22 09:30:00,1333,final,SELL,-97.86422854849934,9764.88239685908
2021-01-25 05:45:00,1410,partial,BUY,127.51199999999862,9892.39439685908
2021-01-25 06:00:00,1411,final,BUY,55.19655339149608,9947.590950250575
2021-01-28 10:15:00,1704,partial,BUY,91.112984105843,10038.703934356417
2021-01-28 11:15:00,1708,final,BUY,0.0,10038.703934356417
2021-01-29 07:00:00,1783,partial,BUY,94.06994602828796,10132.773880384706
2021-01-29 07:45:00,1786,final,BUY,55.99401549302912,10188.767895877736
2021-01-29 08:45:00,1790,partial,BUY,94.21618414072806,10282.984080018465
2021-01-29 09:15:00,1792,final,BUY,0.0,10282.984080018465
2021-02-04 08:30:00,2157,final,BUY,-105.44960093427562,10177.534479084188
2021-02-05 07:00:00,2243,final,BUY,-98.99227519980037,10078.542203884388
2021-02-08 07:45:00,2338,partial,BUY,112.27859999999883,10190.820803884388
2021-02-08 08:30:00,2341,final,BUY,57.73240269743201,10248.553206581819
2021-02-08 10:30:00,2349,partial,BUY,105.22960000000043,10353.78280658182
2021-02-08 15:45:00,2370,final,BUY,0.0,10353.78280658182
2021-02-09 03:45:00,2414,partial,BUY,94.65476491189307,10448.437571493712
2021-02-09 04:45:00,2418,final,BUY,56.342121971365486,10504.779693465078
2021-02-09 09:00:00,2435,final,BUY,-104.59935776011913,10400.18033570496
2021-02-22 09:30:00,3249,partial,BUY,117.67140000000214,10517.851735704962
2021-02-22 09:30:00,3249,final,BUY,0.0,10517.851735704962
2021-02-23 09:30:00,3341,final,BUY,-106.30287658876567,10411.548859116197
2021-03-02 05:15:00,3784,partial,BUY,96.90607018978515,10508.454929305983
2021-03-02 06:00:00,3787,final,BUY,64.89245771637229,10573.347387022355
2021-03-03 03:00:00,3867,final,BUY,-109.33571417527446,10464.01167284708
2021-03-09 01:30:00,4229,partial,BUY,112.03500000000075,10576.04667284708
2021-03-09 02:30:00,4233,final,BUY,55.728636042909784,10631.77530888999
2021-03-09 04:00:00,4239,partial,BUY,99.56522700837358,10731.340535898364
2021-03-09 06:15:00,4248,final,BUY,62.228266880232695,10793.568802778596
2021-03-09 07:15:00,4252,final,BUY,-107.45200534595733,10686.116797432638
2021-03-10 08:30:00,4349,partial,BUY,101.90522593764626,10788.022023370284
2021-03-10 08:30:00,4349,final,BUY,0.0,10788.022023370284
2021-03-11 03:15:00,4420,partial,BUY,108.92699999999786,10896.949023370282
2021-03-11 07:00:00,4435,final,BUY,0.0,10896.949023370282
2021-03-12 11:45:00,4546,partial,BUY,100.30672024041229,10997.255743610694
2021-03-12 13:45:00,4554,final,BUY,67.87672798223319,11065.132471592928
2021-03-15 00:00:00,4595,final,BUY,-111.09195704383639,10954.040514549091
2021-03-19 02:30:00,4973,partial,BUY,102.29554149075825,11056.336056039849
2021-03-19 08:00:00,4995,final,BUY,0.0,11056.336056039849
2021-03-24 05:45:00,5262,final,BUY,-111.91330974105085,10944.422746298798
2021-03-24 12:00:00,5287,final,BUY,-110.36346023820806,10834.05928606059
2021-03-31 08:30:00,5725,final,SELL,-108.20571109124104,10725.85357496935
2021-03-31 12:45:00,5742,partial,BUY,98.04128795614507,10823.894862925494
2021-04-01 02:30:00,5793,final,BUY,66.34372869212893,10890.238591617623
2021-04-01 11:15:00,5828,partial,BUY,101.2277095324316,10991.466301150054
2021-04-05 00:00:00,5875,final,BUY,0.0,10991.466301150054
2021-04-06 21:00:00,6047,final,BUY,-109.02732888749142,10882.438972262564
2021-04-08 08:00:00,6183,final,BUY,-109.51711949636864,10772.921852766196
2021-04-08 09:00:00,6187,partial,BUY,101.82657193522347,10874.74842470142
2021-04-08 09:30:00,6189,final,BUY,66.12115060728684,10940.869575308707
2021-04-09 01:30:00,6249,final,BUY,-110.03779467888218,10830.831780629824
2021-04-11 21:15:00,6324,final,BUY,-109.1162044938369,10721.715576135986
2021-04-15 08:15:00,6644,partial,BUY,101.0155568914356,10822.731133027422
2021-04-15 08:30:00,6645,final,BUY,0.0,10822.731133027422
2021-04-15 10:00:00,6651,partial,BUY,155.57500000000175,10978.306133027425
2021-04-15 10:00:00,6651,final,BUY,0.0,10978.306133027425
2021-04-16 06:00:00,6727,partial,BUY,103.60699999999949,11081.913133027425
2021-04-16 06:45:00,6730,final,BUY,68.60486670987346,11150.517999737298
2021-04-16 09:00:00,6739,final,BUY,-110.98837106368183,11039.529628673616
2021-04-19 03:45:00,6810,partial,BUY,134.06399999999837,11173.593628673614
2021-04-19 04:30:00,6813,final,BUY,61.75090442551482,11235.344533099129
2021-04-21 03:15:00,6992,final,BUY,-110.95418155247194,11124.390351546657
2021-04-22 05:30:00,7093,final,BUY,-110.79268846781997,11013.597663078837
2021-04-23 09:00:00,7199,final,BUY,-109.41959064963271,10904.178072429204
2021-05-03 03:30:00,7305,final,BUY,-109.82437170885804,10794.353700720347
2021-05-03 06:30:00,7317,partial,BUY,124.8764999999995,10919.230200720347
2021-05-03 06:45:00,7318,final,BUY,62.39806477748062,10981.628265497828
2021-05-03 08:30:00,7325,partial,BUY,101.54852457698142,11083.17679007481
2021-05-03 09:00:00,7327,final,BUY,68.00124413637377,11151.178034211183
2021-05-03 10:00:00,7331,partial,BUY,104.74879542183953,11255.926829633023
2021-05-03 10:30:00,7333,final,BUY,67.33851134261113,11323.265340975635
2021-05-03 21:00:00,7371,final,BUY,-114.89975792673386,11208.3655830489
2021-05-06 07:00:00,7595,final,BUY,-111.44758048920993,11096.91800255969
2021-05-07 08:30:00,7693,partial,BUY,225.07660000000098,11321.994602559691
2021-05-07 08:30:00,7693,final,BUY,62.72750817693486,11384.722110736626
2021-05-14 09:30:00,8157,partial,BUY,107.18322259533136,11491.905333331957
2021-05-14 10:30:00,8161,final,BUY,0.0,11491.905333331957
2021-05-16 21:15:00,8200,partial,BUY,146.2734000000006,11638.178733331957
2021-05-16 21:15:00,8200,final,BUY,72.05523539999376,11710.23396873195
2021-05-17 07:15:00,8240,final,BUY,-117.65912247796541,11592.574846253985
2021-05-17 11:15:00,8256,partial,BUY,107.68940000000262,11700.264246253988
2021-05-17 19:45:00,8286,final,BUY,70.23665208091552,11770.500898334903
2021-05-18 08:30:00,8337,partial,BUY,110.02069659790482,11880.521594932809
2021-05-18 08:45:00,8338,final,BUY,0.0,11880.521594932809
2021-05-19 03:45:00,8410,final,BUY,-119.13490792569974,11761.386687007109
2021-05-26 05:00:00,8875,final,BUY,-119.97724601913251,11641.409440987976
2021-06-01 04:15:00,9164,final,BUY,-116.23196565975513,11525.17747532822
2021-06-03 09:00:00,9367,partial,SELL,108.47534167623725,11633.652817004458
2021-06-03 09:00:00,9367,final,SELL,0.0,11633.652817004458
2021-06-03 09:30:00,9369,partial,SELL,185.94800000000166,11819.60081700446
2021-06-03 09:30:00,9369,final,SELL,72.83822627267,11892.43904327713
2021-06-03 10:15:00,9372,final,SELL,-119.53221206253875,11772.906831214592
2021-06-04 08:30:00,9457,partial,BUY,145.38230000000115,11918.289131214593
2021-06-04 08:30:00,9457,final,BUY,0.0,11918.289131214593
2021-06-06 22:00:00,9507,final,BUY,-120.96000382139664,11797.329127393197
2021-06-07 21:30:00,9597,final,BUY,-119.55661323499633,11677.772514158201
2021-06-14 09:30:00,10013,final,SELL,-118.27604704823172,11559.49646710997
2021-06-17 02:30:00,10261,final,BUY,-115.65200075543771,11443.844466354532
2021-06-18 05:45:00,10366,partial,BUY,106.32476496491789,11550.16923131945
2021-06-18 07:00:00,10371,final,BUY,0.0,11550.16923131945
2021-06-23 11:00:00,10663,final,BUY,-114.67741753381371,11435.491813785637
2021-06-24 04:30:00,10729,partial,BUY,120.12000000000104,11555.611813785637
2021-06-24 07:00:00,10739,final,BUY,69.8203288788227,11625.43214266446
2021-06-25 10:15:00,10844,final,BUY,-115.4561366595924,11509.976006004868
2021-07-01 09:00:00,11207,partial,BUY,109.47729333319221,11619.45329933806
2021-07-01 10:30:00,11213,final,BUY,0.0,11619.45329933806
2021-07-02 06:30:00,11289,partial,BUY,109.38960752447801,11728.842906862537
2021-07-02 08:15:00,11296,final,BUY,0.0,11728.842906862537
2021-07-05 22:00:00,11423,partial,BUY,114.44999999999617,11843.292906862533
2021-07-06 00:45:00,11434,final,BUY,69.84056983513938,11913.133476697672
2021-07-06 02:00:00,11439,partial,BUY,112.88745542691593,12026.020932124587
2021-07-06 03:45:00,11446,final,BUY,74.87433268111772,12100.895264805706
2021-07-06 04:15:00,11448,final,BUY,-121.62520347898749,11979.270061326719
2021-07-06 08:30:00,11465,partial,BUY,120.39999999999871,12099.670061326717
2021-07-06 08:30:00,11465,final,BUY,72.06621269931657,12171.736274026032
2021-07-06 10:15:00,11472,final,BUY,-121.0110716733211,12050.72520235271
2021-07-07 09:15:00,11560,final,BUY,-122.07413876969304,11928.651063583018
2021-07-08 06:15:00,11640,final,BUY,-119.01460484941254,11809.636458733607
2021-07-14 09:45:00,12022,final,BUY,-117.79009834464433,11691.846360388961
2021-07-26 08:15:00,12752,final,BUY,-117.80616916056373,11574.040191228398
2021-07-29 11:00:00,13039,partial,BUY,108.85004428560879,11682.890235514007
2021-07-29 12:15:00,13044,final,BUY,68.0312776785047,11750.921513192512
2021-07-29 21:00:00,13075,final,BUY,-116.85788685313582,11634.063626339375
2021-08-01 21:00:00,13167,final,BUY,-116.41612513649942,11517.647501202877
2021-08-04 08:45:00,13398,partial,BUY,108.56574589384478,11626.21324709672
2021-08-04 08:45:00,13398,final,BUY,0.0,11626.21324709672
2021-08-04 10:00:00,13403,final,BUY,-115.28850909391576,11510.924738002805
2021-08-06 08:30:00,13581,final,BUY,-115.78422343866805,11395.140514564137
2021-08-11 08:30:00,13857,partial,BUY,222.22199999999813,11617.362514564134
2021-08-11 08:30:00,13857,final,BUY,0.0,11617.362514564134
2021-08-12 03:30:00,13929,partial,BUY,108.70572152353839,11726.068236087673
2021-08-12 08:00:00,13947,final,BUY,0.0,11726.068236087673
2021-08-13 06:30:00,14033,partial,BUY,110.00051692383231,11836.068753011505
2021-08-13 08:15:00,14040,final,BUY,0.0,11836.068753011505
2021-08-13 10:00:00,14047,partial,BUY,256.45199999999943,12092.520753011504
2021-08-13 10:00:00,14047,final,BUY,72.50268164461636,12165.023434656121
2021-08-15 20:45:00,14086,partial,BUY,113.4000000000003,12278.42343465612
2021-08-16 01:15:00,14104,final,BUY,0.0,12278.42343465612
2021-08-23 08:30:00,14593,partial,BUY,148.25999999999885,12426.683434656119
2021-08-23 08:30:00,14593,final,BUY,73.91665291267235,12500.600087568791
2021-08-23 09:15:00,14596,partial,BUY,116.8839272617978,12617.484014830588
2021-08-23 10:00:00,14599,final,BUY,0.0,12617.484014830588
2021-08-24 20:30:00,14729,final,BUY,-124.26472232760123,12493.219292502987
2021-08-27 04:00:00,14943,final,BUY,-125.86923958792748,12367.350052915059
2021-08-31 09:00:00,15147,final,BUY,-124.7716245766701,12242.57842833839
2021-09-03 09:30:00,15425,final,BUY,-121.88277089846815,12120.695657439921
2021-09-05 21:00:00,15467,final,BUY,-121.52376239445175,11999.171895045469
2021-09-09 08:00:00,15771,final,BUY,-121.05889859682067,11878.112996448648
2021-09-16 08:30:00,16233,partial,SELL,159.9583999999966,12038.071396448644
2021-09-16 08:30:00,16233,final,SELL,74.20438812405337,12112.275784572697
2021-09-16 09:15:00,16236,partial,SELL,113.6481241081996,12225.923908680898
2021-09-16 09:30:00,16237,final,SELL,75.57880174683123,12301.502710427729
2021-09-16 11:00:00,16243,final,SELL,-123.16680135253502,12178.335909075193
2021-09-17 02:00:00,16299,partial,BUY,112.64491451456912,12290.980823589762
2021-09-17 05:00:00,16311,final,BUY,71.52058064416997,12362.501404233932
2021-09-17 06:45:00,16318,final,BUY,-123.57984702453541,12238.921557209396
2021-09-20 12:00:00,16431,final,BUY,-123.31768584575092,12115.603871363646
2021-09-21 00:00:00,16475,final,BUY,-119.76593197736656,11995.83793938628
2021-09-21 11:15:00,16520,partial,BUY,111.49729661765222,12107.335236003932
2021-09-21 11:45:00,16522,final,BUY,0.0,12107.335236003932
2021-09-24 08:30:00,16785,final,BUY,-123.39044027654744,11983.944795727384
2021-09-29 07:15:00,17056,final,BUY,-121.13195632890255,11862.812839398483
2021-09-30 10:00:00,17159,partial,BUY,169.62399999999883,12032.43683939848
2021-09-30 10:00:00,17159,final,BUY,72.73714057900725,12105.173979977488
2021-09-30 11:00:00,17163,partial,BUY,114.74688764060636,12219.920867618093
2021-09-30 19:15:00,17192,final,BUY,0.0,12219.920867618093
2021-10-05 08:45:00,17430,final,BUY,-121.50853123898469,12098.412336379108
2021-10-06 08:30:00,17521,partial,BUY,113.72081565129393,12212.133152030401
2021-10-06 09:15:00,17524,final,BUY,0.0,12212.133152030401
2021-10-08 08:30:00,17705,partial,BUY,388.3803000000006,12600.513452030402
2021-10-08 08:30:00,17705,final,BUY,0.0,12600.513452030402
2021-10-08 10:00:00,17711,final,BUY,-128.4009050634313,12472.112546966971
2021-10-13 08:00:00,17979,partial,BUY,154.1399999999967,12626.252546966967
2021-10-13 08:00:00,17979,final,BUY,74.40949560300942,12700.662042569977
2021-10-13 08:30:00,17981,final,BUY,-125.87264985318598,12574.78939271679
2021-10-13 10:30:00,17989,partial,BUY,122.53499999999838,12697.324392716788
2021-10-14 06:00:00,18063,final,BUY,67.76234631545594,12765.086739032244
2021-10-15 07:30:00,18161,partial,SELL,177.21479999999792,12942.301539032242
2021-10-15 07:30:00,18161,final,SELL,74.55186397652255,13016.853403008765
2021-10-15 09:45:00,18170,final,SELL,-130.80464801103494,12886.04875499773
2021-10-18 02:00:00,18231,final,BUY,-131.09228599824746,12754.956468999482
2021-10-19 08:15:00,18348,partial,BUY,119.95092191479341,12874.907390914275
2021-10-19 08:15:00,18348,final,BUY,0.0,12874.907390914275
2021-10-19 10:15:00,18356,final,BUY,-129.43639366502498,12745.470997249251
2021-10-20 08:00:00,18439,partial,BUY,133.88760000000255,12879.358597249253
2021-10-20 08:30:00,18441,final,BUY,79.82160398781662,12959.18020123707
2021-10-22 08:15:00,18624,partial,BUY,213.80799999999905,13172.988201237069
2021-10-22 08:15:00,18624,final,BUY,77.88535470394436,13250.873555941012
2021-10-22 10:15:00,18632,partial,BUY,125.45399999999667,13376.327555941009
2021-10-22 11:15:00,18636,final,BUY,0.0,13376.327555941009
2021-10-28 08:15:00,18992,partial,BUY,125.20497199222895,13501.532527933237
2021-10-28 08:30:00,18993,final,BUY,0.0,13501.532527933237
2021-10-29 13:30:00,19105,final,SELL,-137.33986362983526,13364.192664303402
2021-11-01 09:15:00,19156,partial,BUY,125.08803835170863,13489.28070265511
2021-11-01 21:00:00,19199,final,BUY,0.0,13489.28070265511
2021-11-04 05:45:00,19418,partial,BUY,126.62182446654143,13615.902527121652
2021-11-04 07:00:00,19423,final,BUY,82.57945073904716,13698.4819778607
2021-11-05 03:15:00,19500,partial,BUY,129.26699089355324,13827.748968754253
2021-11-05 06:00:00,19511,final,BUY,0.0,13827.748968754253
2021-11-05 11:15:00,19532,partial,BUY,129.55677512186932,13957.305743876123
2021-11-07 20:00:00,19559,final,BUY,79.3204745644125,14036.626218440535
2021-11-10 12:45:00,19810,final,BUY,-146.34260415667677,13890.283614283859
2021-11-12 06:45:00,19970,final,SELL,-138.7143664752548,13751.569247808604
2021-11-12 08:15:00,19976,partial,BUY,173.5566000000023,13925.125847808606
2021-11-12 08:15:00,19976,final,BUY,83.29312335600434,14008.41897116461
2021-11-12 10:00:00,19983,partial,BUY,134.00799999999523,14142.426971164605
2021-11-12 10:00:00,19983,final,BUY,83.79355234633204,14226.220523510936
2021-11-17 09:45:00,20258,partial,BUY,132.59730699824303,14358.817830509179
2021-11-17 10:30:00,20261,final,BUY,0.0,14358.817830509179
2021-11-17 19:15:00,20292,partial,BUY,173.0609999999992,14531.878830509178
2021-11-17 19:45:00,20294,final,BUY,83.72517123424223,14615.60400174342
2021-11-23 02:00:00,20595,final,BUY,-142.84564087670879,14472.758360866712
2021-11-24 08:15:00,20712,final,BUY,-144.91108115001407,14327.847279716698
2021-11-26 02:45:00,20857,partial,BUY,182.71539999999771,14510.562679716695
2021-11-26 03:15:00,20859,final,BUY,82.39581258943554,14592.95849230613
2021-11-26 06:15:00,20871,partial,BUY,159.477500000001,14752.435992306131
2021-11-26 08:15:00,20879,final,BUY,0.0,14752.435992306131
2021-11-30 04:45:00,21036,partial,BUY,136.99345195520235,14889.429444261334
2021-11-30 06:45:00,21044,final,BUY,0.0,14889.429444261334
2021-11-30 10:30:00,21059,final,BUY,-147.99208297219366,14741.43736128914
2021-12-08 06:15:00,21594,final,BUY,-147.02652770504324,14594.410833584096
2021-12-16 20:45:00,22200,partial,BUY,136.77204470114154,14731.182878285237
2021-12-17 01:00:00,22217,final,BUY,91.58842279094188,14822.77130107618
2021-12-17 07:30:00,22243,partial,BUY,174.91949999999633,14997.690801076176
2021-12-17 08:00:00,22245,final,BUY,92.55335630943546,15090.244157385612
2021-12-17 08:30:00,22247,final,BUY,-151.5586300028781,14938.685527382735
2021-12-22 15:00:00,22549,partial,BUY,139.2266149748648,15077.9121423576
2021-12-22 20:45:00,22568,final,BUY,92.81774331657653,15170.729885674176
2021-12-23 06:00:00,22605,final,BUY,-152.777568496424,15017.952317177753
2021-12-28 08:00:00,22797,final,BUY,-149.6212082021084,14868.331108975644
2021-12-30 09:30:00,22987,partial,BUY,180.80999999999707,15049.141108975642
2021-12-30 11:00:00,22993,final,BUY,85.49672085924614,15134.637829834888
2021-12-30 20:15:00,23026,partial,BUY,139.91543017658933,15274.553260011478
2021-12-31 08:00:00,23073,final,BUY,89.94563368494892,15364.498893696427
2021-12-31 09:00:00,23077,final,BUY,-155.41718370569652,15209.08170999073
2021-12-31 09:45:00,23080,final,BUY,-153.52494293901938,15055.556767051712
2022-01-04 05:30:00,23247,final,SELL,-152.25027888062323,14903.306488171089
2022-01-05 04:30:00,23335,partial,BUY,139.62517772351447,15042.931665894603
2022-01-05 08:15:00,23350,final,BUY,92.06055674078016,15134.992222635383
2022-01-05 10:30:00,23359,final,BUY,-153.2986049965507,14981.693617638832
2022-01-06 07:30:00,23439,final,BUY,-150.1261130731823,14831.56750456565
2022-01-11 04:45:00,23704,final,BUY,-149.08550239876786,14682.482002166882
2022-01-11 14:45:00,23744,partial,BUY,136.4882910390706,14818.970293205952
2022-01-12 02:45:00,23788,final,BUY,0.0,14818.970293205952
2022-01-19 10:00:00,24261,partial,BUY,282.86719999999985,15101.837493205952
2022-01-19 10:00:00,24261,final,BUY,0.0,15101.837493205952
2022-01-20 08:30:00,24347,partial,BUY,141.50443209235095,15243.341925298304
2022-01-20 11:15:00,24358,final,BUY,0.0,15243.341925298304
2022-02-01 05:30:00,25071,partial,BUY,143.0799999999972,15386.421925298302
2022-02-01 09:30:00,25087,final,BUY,0.0,15386.421925298302
2022-02-02 15:30:00,25203,final,BUY,-154.73060000054036,15231.691325297761
2022-02-04 06:15:00,25350,final,BUY,-152.93109518573144,15078.76023011203
2022-02-09 15:15:00,25662,final,BUY,-150.98013110401368,14927.780099008016
2022-02-11 08:00:00,25817,partial,BUY,182.24499999999736,15110.025099008013
2022-02-11 08:30:00,25819,final,BUY,0.0,15110.025099008013
2022-02-11 12:15:00,25834,partial,BUY,153.17259999999968,15263.197699008013
2022-02-11 13:30:00,25839,final,BUY,90.81334664028122,15354.011045648294
2022-02-11 15:15:00,25846,partial,BUY,140.9109786407825,15494.922024289077
2022-02-13 21:30:00,25867,final,BUY,0.0,15494.922024289077
2022-02-14 22:15:00,25962,partial,BUY,146.60800000000037,15641.530024289077
2022-02-15 03:00:00,25981,final,BUY,0.0,15641.530024289077
2022-02-16 09:30:00,26099,partial,BUY,149.32890000000128,15790.858924289078
2022-02-16 12:00:00,26109,final,BUY,93.31449158447685,15884.173415873554
2022-02-16 14:00:00,26117,final,BUY,-159.44605753567384,15724.727358337881
2022-02-17 08:15:00,26186,partial,BUY,145.7660769838727,15870.493435321754
2022-02-17 08:30:00,26187,final,BUY,89.24453692889983,15959.737972250654
2022-02-17 09:00:00,26189,final,BUY,-159.8349211611353,15799.903051089519
2022-02-17 13:30:00,26207,partial,BUY,145.36054112515387,15945.263592214673
2022-02-17 20:30:00,26231,final,BUY,0.0,15945.263592214673
2022-02-22 03:15:00,26432,final,BUY,-159.3560850045733,15785.9075072101
2022-02-23 21:45:00,26594,partial,BUY,227.1360000000022,16013.043507210103
2022-02-23 21:45:00,26594,final,BUY,98.08137904264186,16111.124886252745
2022-02-23 23:00:00,26599,partial,BUY,396.66199999999924,16507.786886252743
2022-02-23 23:00:00,26599,final,BUY,100.5675769345405,16608.354463187283
2022-02-24 04:45:00,26622,partial,BUY,161.19599999999852,16769.550463187283
2022-02-24 05:00:00,26623,final,BUY,104.13689145706621,16873.68735464435
2022-02-24 07:15:00,26632,final,BUY,-168.0201570365898,16705.66719760776
2022-03-01 05:15:00,26900,partial,BUY,167.9139000000001,16873.58109760776
2022-03-01 05:45:00,26902,final,BUY,101.90185434024444,16975.482951948004
2022-03-01 07:45:00,26910,final,BUY,-168.48350180912144,16806.999450138883
2022-03-01 10:45:00,26922,partial,BUY,156.4062435558344,16963.405693694716
2022-03-01 11:30:00,26925,final,BUY,100.54687085732006,17063.952564552037
2022-03-01 13:15:00,26932,partial,BUY,181.30000000000223,17245.25256455204
2022-03-01 15:45:00,26942,final,BUY,108.79875988912136,17354.051324441163
2022-03-01 19:30:00,26953,final,BUY,-172.248113638193,17181.80321080297
2022-03-02 03:30:00,26985,final,BUY,-169.80775575370902,17011.99545504926
2022-03-04 15:15:00,27216,partial,BUY,156.51943406396862,17168.514889113227
2022-03-06 18:00:00,27223,final,BUY,103.19962685536301,17271.71451596859
2022-03-07 01:00:00,27251,final,BUY,-176.22299304205106,17095.49152292654
2022-03-08 03:15:00,27352,final,BUY,-176.47986162200687,16919.011661304532
2022-03-08 10:30:00,27381,partial,BUY,193.48419999999948,17112.49586130453
2022-03-08 10:45:00,27382,final,BUY,102.7375047985379,17215.233366103068
2022-03-08 12:15:00,27388,final,BUY,-175.90228755029466,17039.331078552772
2022-03-09 04:30:00,27449,final,BUY,-167.57150647104027,16871.759572081733
2022-03-10 08:45:00,27558,final,BUY,-165.4713670860035,16706.28820499573
2022-03-17 10:00:00,28027,partial,BUY,156.66687142000137,16862.955076415732
2022-03-17 11:45:00,28034,final,BUY,0.0,16862.955076415732
2022-03-21 11:30:00,28217,final,BUY,-170.20486545582116,16692.75021095991
2022-03-23 07:15:00,28384,final,BUY,-165.17269522702577,16527.577515732886
2022-03-23 10:30:00,28397,final,BUY,-166.8709537928476,16360.706561940038
2022-03-23 14:30:00,28413,partial,BUY,154.3137184442378,16515.020280384277
2022-03-23 14:45:00,28414,final,BUY,99.20167614272327,16614.221956527
2022-03-23 21:00:00,28435,final,BUY,-165.88593638129078,16448.336020145707
2022-03-24 04:15:00,28464,final,BUY,-163.6080937556526,16284.727926390055
2022-03-24 15:30:00,28509,final,BUY,-163.90854926997415,16120.81937712008
2022-03-29 09:45:00,28754,final,SELL,-162.77180034050386,15958.047576779576
2022-03-30 13:45:00,28862,final,BUY,-161.5216480994081,15796.525928680168
2022-03-31 04:15:00,28916,final,BUY,-159.31174157262785,15637.21418710754
2022-03-31 12:15:00,28948,final,BUY,-158.77976948977675,15478.434417617764
2022-03-31 14:00:00,28955,final,BUY,-156.45803504521746,15321.976382572546
2022-04-07 11:00:00,29403,final,BUY,-154.7859356572917,15167.190446915254
2022-04-08 12:45:00,29502,final,BUY,-152.93198674146697,15014.258460173787
2022-04-10 21:30:00,29533,final,BUY,-147.61771343386428,14866.640746739922
2022-04-11 08:00:00,29575,partial,BUY,138.71860289345986,15005.359349633381
2022-04-11 08:30:00,29577,final,BUY,90.07701486588076,15095.436364499263
2022-04-11 09:45:00,29582,final,BUY,-148.6395627356501,14946.796801763612
2022-04-12 09:45:00,29674,final,BUY,-147.78213568968047,14799.014666073932
2022-04-12 14:00:00,29691,final,BUY,-147.7369506114519,14651.27771546248
2022-04-18 08:30:00,29945,partial,BUY,160.88380000000467,14812.161515462485
2022-04-18 09:30:00,29949,final,BUY,0.0,14812.161515462485
2022-04-21 09:30:00,30225,final,BUY,-146.3404500044544,14665.82106545803
2022-04-26 06:45:00,30490,partial,BUY,150.7100000000014,14816.531065458032
2022-04-26 14:15:00,30520,final,BUY,0.0,14816.531065458032
2022-04-29 03:00:00,30751,partial,BUY,136.9300260968561,14953.461091554887
2022-04-29 03:45:00,30754,final,BUY,86.30043661566789,15039.761528170555
2022-04-29 08:15:00,30772,final,BUY,-148.79816788999256,14890.963360280562
2022-05-02 09:45:00,30870,partial,SELL,137.14113434383762,15028.1044946244
2022-05-02 10:15:00,30872,final,SELL,0.0,15028.1044946244
2022-05-04 19:45:00,31090,partial,BUY,172.21679999999958,15200.3212946244
2022-05-04 21:00:00,31095,final,BUY,89.50902135745402,15289.830315981855
2022-05-05 03:00:00,31119,final,BUY,-152.46148182456136,15137.368834157294
2022-05-05 09:15:00,31144,final,BUY,-152.25006957751793,14985.118764579776
2022-05-06 07:00:00,31227,partial,BUY,137.91247304565545,15123.031237625431
2022-05-06 08:30:00,31233,final,BUY,94.03123162203542,15217.062469247467
2022-05-09 09:45:00,31330,final,BUY,-151.1639451795727,15065.898524067894
2022-05-11 02:30:00,31485,partial,BUY,148.3650000000026,15214.263524067897
2022-05-11 03:00:00,31487,final,BUY,88.19371518957087,15302.457239257468
2022-05-11 08:30:00,31509,final,BUY,-153.34499823350302,15149.112241023966
2022-05-11 10:00:00,31515,final,BUY,-153.013111808772,14996.099129215194
2022-05-13 06:15:00,31684,final,BUY,-150.86814736703218,14845.230981848163
2022-05-18 03:30:00,31949,partial,BUY,138.9582857563,14984.189267604463
2022-05-18 05:30:00,31957,final,BUY,86.84892859768752,15071.03819620215
2022-05-19 06:00:00,32051,partial,BUY,141.7969139303302,15212.835110132479
2022-05-19 08:30:00,32061,final,BUY,92.8432174543816,15305.67832758686
2022-05-19 09:30:00,32065,final,BUY,-153.27758591900624,15152.400741667854
2022-05-19 11:30:00,32073,partial,BUY,143.98251556110918,15296.383257228963
2022-05-19 11:45:00,32074,final,BUY,0.0,15296.383257228963
2022-05-23 05:30:00,32233,partial,BUY,146.3000000000038,15442.683257228966
2022-05-23 07:00:00,32239,final,BUY,0.0,15442.683257228966
2022-05-27 08:30:00,32613,final,BUY,-155.0024358209821,15287.680821407983
2022-06-02 09:30:00,32975,partial,BUY,143.36926960336692,15431.05009101135
2022-06-02 09:30:00,32975,final,BUY,0.0,15431.05009101135
2022-06-02 10:15:00,32978,partial,BUY,144.03473529553435,15575.084826306884
2022-06-02 20:30:00,33015,final,BUY,95.53324279805702,15670.618069104941
2022-06-12 22:00:00,33573,final,BUY,-157.11580871501155,15513.50226038993
2022-06-13 15:00:00,33641,partial,SELL,159.25,15672.75226038993
2022-06-13 16:15:00,33646,final,SELL,95.58313843845099,15768.335398828382
2022-06-14 06:15:00,33698,final,BUY,-158.65575014759088,15609.67964868079
2022-06-15 05:30:00,33787,partial,BUY,146.59930812131358,15756.278956802103
2022-06-15 07:15:00,33794,final,BUY,97.73287208087731,15854.01182888298
2022-06-15 08:15:00,33798,final,BUY,-156.97623356760187,15697.035595315378
2022-06-15 09:30:00,33803,final,BUY,-154.8035620342439,15542.232033281134
2022-07-05 13:15:00,35086,partial,SELL,144.5143541824284,15686.746387463563
2022-07-06 08:30:00,35159,final,SELL,94.24849185810628,15780.99487932167
2022-07-08 03:30:00,35323,final,BUY,-156.93420940325268,15624.060669918417
2022-07-14 11:45:00,35724,final,SELL,-158.41225505113425,15465.648414867283
2022-07-18 07:30:00,35891,final,BUY,-153.56305370815767,15312.085361159125
2022-07-19 07:45:00,35984,final,BUY,-153.79946831834172,15158.285892840782
2022-07-21 08:15:00,36170,final,SELL,-153.3941665078521,15004.89172633293
2022-07-21 09:15:00,36174,final,BUY,-151.78429470617994,14853.10743162675
2022-07-22 05:30:00,36251,partial,BUY,139.69010780909235,14992.797539435842
2022-07-22 07:30:00,36259,final,BUY,85.5245558014858,15078.322095237327
2022-07-22 08:15:00,36262,final,BUY,-149.08722047472656,14929.2348747626
2022-07-22 10:30:00,36271,final,BUY,-149.08651715348788,14780.148357609112
2022-07-26 04:00:00,36429,final,BUY,-149.14829665142588,14631.000060957685
2022-07-27 16:00:00,36569,final,BUY,-146.2540897003098,14484.745971257376
2022-07-28 04:15:00,36614,partial,BUY,133.81158562751375,14618.55755688489
2022-07-28 05:45:00,36620,final,BUY,0.0,14618.55755688489
2022-07-29 05:30:00,36711,final,BUY,-148.17720118994933,14470.38035569494
2022-08-02 08:15:00,36906,partial,BUY,156.9280999999992,14627.30845569494
2022-08-02 08:15:00,36906,final,BUY,0.0,14627.30845569494
2022-08-02 12:00:00,36921,final,BUY,-144.3621782635187,14482.946277431422
2022-08-04 05:00:00,37077,partial,BUY,139.0703999999965,14622.016677431418
2022-08-04 05:45:00,37080,final,BUY,84.4984946869313,14706.51517211835
2022-08-04 07:30:00,37087,partial,BUY,137.05733048987383,14843.572502608224
2022-08-04 07:45:00,37088,final,BUY,91.3715536599175,14934.944056268141
2022-08-04 08:15:00,37090,final,BUY,-148.07484965474828,14786.869206613394
2022-08-04 09:00:00,37093,final,BUY,-148.76238430846388,14638.10682230493
2022-08-04 12:15:00,37106,partial,BUY,136.15291302956174,14774.259735334492
2022-08-04 14:15:00,37114,final,BUY,91.17382568943869,14865.43356102393
2022-08-05 02:15:00,37158,final,BUY,-147.66023828364268,14717.773322740288
2022-08-08 10:30:00,37283,partial,BUY,180.05049999999835,14897.823822740285
2022-08-08 19:30:00,37315,final,BUY,84.60180506244797,14982.425627802733
2022-08-15 07:45:00,37732,partial,SELL,139.22206312888693,15121.64769093162
2022-08-15 08:15:00,37734,final,SELL,0.0,15121.64769093162
2022-08-15 14:00:00,37757,final,BUY,-153.85084347206202,14967.796847459558
2022-08-19 03:15:00,38082,final,BUY,-148.7454649853653,14819.051382474194
2022-08-22 10:15:00,38202,partial,BUY,139.94618083230884,14958.997563306502
2022-08-23 04:15:00,38270,final,BUY,85.681335203451,15044.678898509954
2022-08-24 07:30:00,38375,final,BUY,-152.85575529480232,14891.823143215152
2022-08-25 04:30:00,38455,partial,BUY,138.17526466364086,15029.998407878793
2022-08-25 08:00:00,38469,final,BUY,0.0,15029.998407878793
2022-08-29 08:30:00,38655,partial,BUY,139.94837979507565,15169.946787673869
2022-08-29 08:45:00,38656,final,BUY,89.1563037304536,15259.103091404322
2022-09-02 08:30:00,39023,partial,BUY,141.9140782182354,15401.017169622557
2022-09-02 08:30:00,39023,final,BUY,0.0,15401.017169622557
2022-09-02 10:00:00,39029,partial,BUY,144.42533193865984,15545.442501561218
2022-09-02 10:30:00,39031,final,BUY,92.84485624628131,15638.2873578075
2022-09-02 11:15:00,39034,final,BUY,-156.60248219816367,15481.684875609335
2022-09-06 00:45:00,39166,final,BUY,-156.51934721945963,15325.165528389876
2022-09-06 20:15:00,39240,final,BUY,-151.52998309566897,15173.635545294208
2022-09-08 03:00:00,39359,partial,BUY,141.01280376895275,15314.64834906316
2022-09-08 07:30:00,39377,final,BUY,93.77698772812232,15408.425336791282
2022-09-08 08:15:00,39380,final,BUY,-153.35651629034146,15255.068820500941
2022-09-09 03:00:00,39451,partial,BUY,162.0149999999967,15417.083820500939
2022-09-09 03:15:00,39452,final,BUY,92.53644378688477,15509.620264287823
2022-09-09 07:45:00,39470,final,BUY,-154.09816034122855,15355.522103946594
2022-09-12 07:30:00,39561,partial,BUY,144.07146994459913,15499.593573891194
2022-09-12 08:00:00,39563,final,BUY,95.55760761631427,15595.151181507508
2022-09-12 09:30:00,39569,final,BUY,-157.7677387146516,15437.383442792856
2022-09-12 14:15:00,39588,final,BUY,-153.54154628840163,15283.841896504455
2022-09-27 08:45:00,40578,final,BUY,-151.92525057461629,15131.916645929838
2022-09-28 13:00:00,40687,partial,BUY,143.54756474892426,15275.464210678761
2022-09-29 01:00:00,40731,final,BUY,0.0,15275.464210678761
2022-09-30 06:15:00,40844,final,BUY,-152.98822280592162,15122.47598787284
2022-10-03 13:30:00,40965,partial,BUY,145.4313000000021,15267.907287872842
2022-10-03 15:45:00,40974,final,BUY,94.15379744554754,15362.06108531839
2022-10-04 03:15:00,41016,partial,BUY,140.29411055510553,15502.355195873495
2022-10-04 10:00:00,41043,final,BUY,85.89435340108639,15588.249549274582
2022-10-05 03:45:00,41110,final,BUY,-152.73020198512495,15435.519347289457
2022-10-17 04:30:00,41849,final,BUY,-153.73199769853932,15281.787349590917
2022-10-17 06:00:00,41855,partial,BUY,142.06633562558713,15423.853685216503
2022-10-17 06:30:00,41857,final,BUY,0.0,15423.853685216503
2022-10-17 10:15:00,41872,final,BUY,-154.8743417516739,15268.979343464829
2022-10-18 02:00:00,41931,final,BUY,-151.93543471066187,15117.043908754167
2022-10-20 12:00:00,42155,final,BUY,-151.55413282567315,14965.489775928494
2022-10-21 10:30:00,42241,final,BUY,-148.24301640665544,14817.246759521839
2022-10-23 18:00:00,42267,partial,BUY,136.24104322671295,14953.487802748552
2022-10-23 19:30:00,42273,final,BUY,92.89162038184897,15046.379423130402
2022-10-26 04:00:00,42491,partial,BUY,141.0175641346732,15187.396987265074
2022-10-26 05:00:00,42495,final,BUY,94.01170942311548,15281.40869668819
2022-10-26 06:15:00,42500,final,BUY,-153.80862131742106,15127.600075370769
2022-10-31 01:15:00,42732,final,BUY,-149.5653026914806,14978.034772679288
2022-11-01 02:15:00,42828,final,BUY,-150.32678505696435,14827.707987622323
2022-11-01 03:00:00,42831,partial,BUY,149.30370000000138,14977.011687622326
2022-11-01 04:45:00,42838,final,BUY,90.81091428056152,15067.822601902888
2022-11-01 07:15:00,42848,partial,BUY,139.04333531210904,15206.865937214998
2022-11-01 08:45:00,42854,final,BUY,0.0,15206.865937214998
2022-11-04 00:15:00,43096,partial,BUY,144.0230781688559,15350.889015383853
2022-11-04 04:15:00,43112,final,BUY,94.96027132012387,15445.849286703977
2022-11-04 07:30:00,43125,final,BUY,-156.87901833801925,15288.970268365958
2022-11-04 09:15:00,43132,partial,BUY,145.1050008049452,15434.075269170904
2022-11-04 13:15:00,43148,final,BUY,88.83979641119004,15522.915065582094
2022-11-06 18:00:00,43159,final,BUY,-157.1073860736378,15365.807679508456
2022-11-10 08:30:00,43493,partial,BUY,228.0655999999994,15593.873279508456
2022-11-10 08:30:00,43493,final,BUY,86.18270069035407,15680.05598019881
2022-11-11 00:30:00,43553,partial,BUY,148.56367431460475,15828.619654513413
2022-11-11 16:30:00,43617,final,BUY,97.95407097666248,15926.573725490076
2022-11-15 03:30:00,43749,final,BUY,-157.76078426033337,15768.812941229742
2022-11-22 08:45:00,44230,final,BUY,-157.44300827942058,15611.369932950322
2022-11-28 07:45:00,44571,final,BUY,-156.50683300251103,15454.86309994781
2022-11-28 23:15:00,44629,partial,BUY,144.83219952157788,15599.695299469387
2022-11-28 23:45:00,44631,final,BUY,91.69571073606244,15691.39101020545
2022-11-29 04:45:00,44651,final,BUY,-156.7119949310129,15534.679015274438
2022-11-29 08:00:00,44664,final,BUY,-155.30928565161503,15379.369729622824
2022-11-29 11:00:00,44676,final,BUY,-155.14508153114912,15224.224648091675
2022-11-30 08:15:00,44757,partial,BUY,143.44803950410375,15367.67268759578
2022-11-30 08:15:00,44757,final,BUY,0.0,15367.67268759578
2022-11-30 10:00:00,44764,final,BUY,-155.04099261904912,15212.63169497673
2022-12-01 09:00:00,44852,partial,BUY,152.7679999999992,15365.39969497673
2022-12-01 09:00:00,44852,final,BUY,0.0,15365.39969497673
2022-12-02 08:30:00,44942,final,BUY,-151.32907287989838,15214.070622096831
2022-12-06 01:45:00,45099,final,BUY,-151.36020226808273,15062.710419828749
2022-12-06 09:30:00,45130,final,BUY,-150.80929274003574,14911.901127088713
2022-12-07 20:15:00,45261,final,BUY,-146.92492145448978,14764.976205634222
2022-12-13 10:45:00,45595,final,BUY,-145.063564498083,14619.91264113614
2022-12-20 07:45:00,46043,final,BUY,-147.36048058210145,14472.552160554038
2022-12-20 10:00:00,46052,partial,BUY,148.3299999999975,14620.882160554036
2022-12-20 10:00:00,46052,final,BUY,0.0,14620.882160554036
2022-12-22 08:30:00,46230,final,BUY,-143.0242465847664,14477.85791396927
2022-12-22 15:15:00,46257,final,SELL,-144.76576379697602,14333.092150172293
2022-12-23 11:00:00,46332,partial,BUY,143.62250000000188,14476.714650172295
2022-12-23 13:30:00,46342,final,BUY,0.0,14476.714650172295
2022-12-27 09:00:00,46416,final,BUY,-145.86882784738555,14330.845822324909
2022-12-27 11:15:00,46425,final,BUY,-142.52918527492966,14188.316637049978
2023-01-02 21:30:00,46738,partial,BUY,139.6639999999976,14327.980637049975
2023-01-02 21:30:00,46738,final,BUY,0.0,14327.980637049975
2023-01-03 02:30:00,46758,partial,BUY,133.82941617955,14461.810053229525
2023-01-03 03:15:00,46761,final,BUY,0.0,14461.810053229525
2023-01-03 10:00:00,46788,final,BUY,-143.5695490726839,14318.240504156842
2023-01-04 03:15:00,46853,partial,BUY,135.13034742990408,14453.370851586746
2023-01-04 05:15:00,46861,final,BUY,0.0,14453.370851586746
2023-01-11 11:15:00,47345,final,BUY,-143.63624923230986,14309.734602354436
2023-01-12 07:15:00,47421,partial,BUY,133.690800728628,14443.425403083063
2023-01-12 08:15:00,47425,final,BUY,83.33971993473097,14526.765123017794
2023-01-12 09:30:00,47430,final,BUY,-143.37090209061853,14383.394220927175
2023-01-13 04:30:00,47502,final,BUY,-143.69635342837046,14239.697867498806
2023-01-13 12:45:00,47535,partial,BUY,132.65426876208096,14372.352136260886
2023-01-13 13:30:00,47538,final,BUY,90.96292715114032,14463.315063412027
2023-01-15 21:45:00,47567,partial,BUY,147.47040000000032,14610.785463412027
2023-01-16 00:30:00,47578,final,BUY,0.0,14610.785463412027
2023-01-18 10:00:00,47784,final,BUY,-145.32645440944407,14465.459009002583
2023-01-19 10:15:00,47877,partial,BUY,134.21962012026847,14599.67862912285
2023-01-19 13:30:00,47890,final,BUY,86.2840415058879,14685.962670628738
2023-01-19 15:00:00,47896,partial,BUY,211.40700000000015,14897.369670628737
2023-01-19 15:00:00,47896,final,BUY,88.73515621645447,14986.104826845192
2023-01-19 23:15:00,47925,final,BUY,-148.9073915847562,14837.197435260436
2023-01-20 04:00:00,47944,final,BUY,-148.3621348688969,14688.835300391538
2023-01-24 04:30:00,48126,final,BUY,-146.8089944053804,14542.026305986157
2023-01-31 08:45:00,48595,partial,BUY,163.1090999999982,14705.135405986155
2023-01-31 09:00:00,48596,final,BUY,87.10029544157352,14792.23570142773
2023-01-31 12:15:00,48609,partial,BUY,140.47599999999684,14932.711701427726
2023-02-01 08:15:00,48685,final,BUY,92.38967689429546,15025.101378322022
2023-02-02 08:45:00,48779,final,BUY,-151.1269733550398,14873.974404966983
2023-02-09 14:30:00,49262,final,BUY,-145.31566783095968,14728.658737136022
2023-02-10 03:00:00,49308,partial,BUY,187.2500000000008,14915.908737136022
2023-02-10 09:45:00,49335,final,BUY,0.0,14915.908737136022
2023-02-14 05:15:00,49501,final,BUY,-149.28017644042305,14766.628560695599
2023-02-14 09:15:00,49517,final,BUY,-148.9260992932127,14617.702461402387
2023-02-16 03:30:00,49678,final,BUY,-147.5939660296399,14470.108495372748
2023-02-17 09:45:00,49795,final,BUY,-146.35971712534388,14323.748778247404
2023-03-01 20:00:00,50354,final,BUY,-144.3945759204944,14179.35420232691
2023-03-03 13:45:00,50477,partial,BUY,159.18629999999735,14338.540502326907
2023-03-03 15:00:00,50478,final,BUY,88.07965731933655,14426.620159646243
2023-03-05 19:00:00,50482,final,BUY,-146.49550517606622,14280.124654470177
2023-03-08 10:15:00,50659,partial,BUY,133.64218295975158,14413.766837429928
2023-03-08 13:30:00,50664,final,BUY,0.0,14413.766837429928
2023-03-10 15:45:00,50805,partial,BUY,135.94560000000243,14549.712437429931
2023-03-12 17:00:00,50806,final,BUY,83.36259519489317,14633.075032624824
2023-03-15 07:00:00,50986,partial,BUY,200.2700000000009,14833.345032624824
2023-03-15 07:45:00,50989,final,BUY,90.27148530560429,14923.616517930428
2023-03-15 14:00:00,50998,final,BUY,-143.887725867065,14779.728792063363
2023-03-17 12:45:00,51129,partial,BUY,136.0526999999999,14915.781492063363
2023-03-17 13:15:00,51131,final,BUY,85.01026716356478,15000.791759226928
2023-03-19 20:00:00,51142,final,BUY,-149.3168698512818,14851.474889375646
2023-03-20 02:15:00,51167,partial,BUY,160.79700000000065,15012.271889375646
2023-03-20 04:45:00,51177,final,BUY,0.0,15012.271889375646
2023-03-23 08:45:00,51385,partial,BUY,142.0486841501655,15154.320573525813
2023-03-23 11:15:00,51391,final,BUY,81.17067665723698,15235.49125018305
2023-03-23 19:00:00,51406,final,BUY,-153.49567490603658,15081.995575277013
2023-03-27 08:45:00,51517,partial,SELL,173.52719999999914,15255.522775277012
2023-03-27 11:00:00,51522,final,SELL,0.0,15255.522775277012
2023-03-28 21:30:00,51616,final,BUY,-154.89926173204188,15100.62351354497
2023-04-03 06:00:00,51854,partial,BUY,186.84750000000236,15287.471013544971
2023-04-03 06:45:00,51857,final,BUY,95.61382107169447,15383.084834616666
2023-04-03 21:45:00,51889,final,BUY,-156.7015784566811,15226.383256159985
2023-04-10 09:00:00,52122,final,BUY,-150.46646495602545,15075.91679120396
2023-04-12 04:45:00,52245,final,BUY,-150.90923684716472,14925.007554356795
2023-04-13 10:30:00,52328,final,BUY,-145.76203054106713,14779.245523815727
2023-04-14 04:15:00,52379,final,BUY,-146.5877700243932,14632.657753791334
2023-04-14 14:45:00,52405,final,SELL,-144.75382819194783,14487.903925599387
2023-04-20 06:15:00,52659,partial,BUY,155.7030999999984,14643.607025599385
2023-04-20 13:15:00,52671,final,BUY,93.84350912784066,14737.450534727226
2023-04-25 00:00:00,52830,final,BUY,-146.18498619145498,14591.265548535772
2023-04-26 11:00:00,52926,final,BUY,-148.37610929402967,14442.889439241742
2023-05-01 10:00:00,53130,final,BUY,-141.93567890069403,14300.953760341048
2023-05-03 10:45:00,53269,partial,BUY,152.31999999999945,14453.273760341048
2023-05-03 14:00:00,53274,final,BUY,85.36912660280223,14538.64288694385
2023-05-03 21:00:00,53290,final,BUY,-143.72363083367873,14394.91925611017
2023-05-04 13:15:00,53339,final,BUY,-142.89722700208813,14252.022029108082
2023-05-11 08:15:00,53651,final,BUY,-143.3888907197993,14108.633138388283
2023-05-19 11:15:00,54047,partial,BUY,203.26319999999885,14311.896338388282
2023-05-19 11:15:00,54047,final,BUY,82.63279012717022,14394.529128515453
2023-05-22 20:45:00,54129,final,BUY,-143.93066153956852,14250.598466975884
2023-05-24 09:00:00,54238,final,BUY,-141.33145152927113,14109.267015446612
2023-05-30 10:00:00,54500,final,BUY,-143.2096520569985,13966.057363389613
2023-05-31 03:00:00,54548,final,BUY,-141.59150695336166,13824.46585643625
2023-06-01 21:00:00,54660,final,BUY,-135.88267167712547,13688.583184759125
2023-06-02 03:30:00,54686,final,BUY,-134.3394389669229,13554.243745792202
2023-06-05 10:00:00,54772,partial,BUY,236.1800000000016,13790.423745792204
2023-06-05 10:00:00,54772,final,BUY,81.32924376446043,13871.752989556664
2023-06-23 08:45:00,55691,partial,BUY,206.50000000000318,14078.252989556668
2023-06-23 08:45:00,55691,final,BUY,90.48845663909015,14168.741446195758
2023-06-23 10:30:00,55694,final,BUY,-143.71337922516977,14025.028066970588
2023-07-04 13:00:00,56152,final,BUY,-142.08531401535993,13882.942752955229
2023-07-07 12:30:00,56342,final,BUY,-136.95326863558967,13745.989484319638
2023-07-11 05:45:00,56455,partial,BUY,139.86700000000204,13885.85648431964
2023-07-11 09:15:00,56461,final,BUY,0.0,13885.85648431964
2023-07-17 09:00:00,56720,final,BUY,-138.26490295846088,13747.59158136118
2023-07-18 08:45:00,56787,partial,BUY,179.07050000000478,13926.662081361184
2023-07-18 08:45:00,56787,final,BUY,0.0,13926.662081361184
2023-07-18 22:15:00,56817,final,BUY,-140.5929033083853,13786.0691780528
2023-07-26 10:00:00,57192,final,BUY,-138.6267387178009,13647.442439334998
2023-07-27 02:15:00,57237,final,BUY,-138.49945065469456,13508.942988680305
2023-07-31 04:45:00,57383,final,BUY,-139.03051682358773,13369.912471856716
2023-07-31 15:30:00,57426,final,BUY,-132.41817445375568,13237.49429740296
2023-08-01 10:00:00,57496,final,SELL,-131.30541340263926,13106.188884000321
2023-08-10 09:00:00,58136,partial,BUY,123.74818308280217,13229.937067083123
2023-08-10 09:00:00,58136,final,BUY,0.0,13229.937067083123
2023-08-17 04:45:00,58579,final,BUY,-133.96955059837273,13095.96751648475
2023-08-18 08:15:00,58685,final,BUY,-131.77636361555366,12964.191152869196
2023-08-22 05:30:00,58858,partial,BUY,123.13700000000497,13087.3281528692
2023-08-22 06:00:00,58860,final,BUY,79.22830928308713,13166.556462152288
2023-08-22 08:15:00,58869,final,BUY,-132.93762740745478,13033.618834744833
2023-08-23 03:30:00,58942,final,BUY,-130.8396419935816,12902.779192751252
2023-08-23 06:15:00,58953,final,BUY,-129.48407271428047,12773.295120036972
2023-08-23 09:15:00,58965,partial,BUY,221.44499999999914,12994.740120036971
2023-08-23 09:15:00,58965,final,BUY,78.72688211912147,13073.467002156092
2023-08-23 09:45:00,58967,partial,BUY,203.97300000000357,13277.440002156096
2023-08-23 09:45:00,58967,final,BUY,79.69225218049814,13357.132254336593
2023-08-29 03:00:00,59308,final,BUY,-133.84059298642796,13223.291661350166
2023-08-30 07:30:00,59418,partial,BUY,121.90028605445822,13345.191947404624
2023-08-30 08:30:00,59422,final,BUY,76.18767878403561,13421.37962618866
2023-08-30 09:45:00,59427,partial,BUY,125.16847996647493,13546.548106155135
2023-08-30 09:45:00,59427,final,BUY,0.0,13546.548106155135
2023-08-30 12:00:00,59436,final,BUY,-135.3601086188428,13411.187997536292
2023-09-01 09:15:00,59609,final,BUY,-133.0865304868239,13278.101467049468
2023-09-05 01:45:00,59753,final,BUY,-133.33626556919444,13144.765201480273
2023-09-11 09:45:00,60153,final,BUY,-130.70836837958882,13014.056833100685
2023-09-15 09:15:00,60519,partial,BUY,153.7199999999977,13167.776833100683
2023-09-15 09:30:00,60520,final,BUY,78.64165302252627,13246.41848612321
2023-09-15 10:00:00,60522,partial,BUY,122.33030082171878,13368.748786944929
2023-09-15 10:00:00,60522,final,BUY,0.0,13368.748786944929
2023-09-15 13:15:00,60535,final,BUY,-134.42556421375457,13234.323222731175
2023-09-19 06:30:00,60692,partial,BUY,123.79728285862245,13358.120505589797
2023-09-19 08:30:00,60700,final,BUY,0.0,13358.120505589797
2023-09-20 14:00:00,60814,final,BUY,-133.82234000783276,13224.298165581964
2023-09-21 10:00:00,60890,final,SELL,-133.8998277385615,13090.398337843402
2023-09-22 05:30:00,60964,final,BUY,-130.832494520698,12959.565843322704
2023-09-27 00:00:00,61215,final,BUY,-128.74394402064695,12830.821899302056
2023-09-27 15:00:00,61275,final,SELL,-127.09203463754149,12703.729864664514
2023-09-29 09:45:00,61438,final,BUY,-125.57485112253973,12578.155013541975
2023-10-02 03:30:00,61505,final,BUY,-127.98716943877912,12450.167844103196
2023-10-11 06:15:00,62160,partial,BUY,153.18940000000038,12603.357244103197
2023-10-11 06:30:00,62161,final,BUY,71.714647447154,12675.071891550351
2023-10-11 08:15:00,62168,final,BUY,-127.08657430983727,12547.985317240515
2023-10-12 03:45:00,62242,final,BUY,-125.77922298537167,12422.206094255143
2023-10-13 05:15:00,62340,partial,BUY,124.55799999999763,12546.76409425514
2023-10-13 05:30:00,62341,final,BUY,72.54339599076593,12619.307490245907
2023-10-13 07:00:00,62347,partial,BUY,119.19225421354722,12738.499744459454
2023-10-13 07:00:00,62347,final,BUY,0.0,12738.499744459454
2023-10-13 07:45:00,62350,partial,BUY,119.44054637834778,12857.940290837802
2023-10-13 07:45:00,62350,final,BUY,76.09146776998864,12934.03175860779
2023-10-13 08:15:00,62352,partial,BUY,161.75879999999668,13095.790558607787
2023-10-13 08:15:00,62352,final,BUY,0.0,13095.790558607787
2023-10-13 09:15:00,62356,final,BUY,-131.244605153169,12964.545953454617
2023-10-13 11:15:00,62364,partial,BUY,129.3600000000014,13093.905953454618
2023-10-13 12:00:00,62367,final,BUY,84.14430629689879,13178.050259751517
2023-10-13 16:45:00,62386,partial,BUY,132.99999999999997,13311.050259751517
2023-10-15 18:00:00,62387,final,BUY,0.0,13311.050259751517
2023-10-18 07:30:00,62625,partial,BUY,123.82757486840102,13434.877834619918
2023-10-18 09:15:00,62632,final,BUY,80.75711404460935,13515.634948664527
2023-10-18 10:15:00,62636,final,BUY,-135.3533166178579,13380.281632046668
2023-10-19 19:30:00,62761,partial,BUY,124.59018484763735,13504.871816894305
2023-10-20 04:15:00,62796,final,BUY,80.09369025919477,13584.9655071535
2023-10-20 08:15:00,62812,final,BUY,-133.2925305319036,13451.672976621596
2023-10-20 12:00:00,62827,final,BUY,-133.63478334839328,13318.038193273202
2023-10-25 11:00:00,63099,final,BUY,-134.8719740991137,13183.166219174087
2023-10-30 00:15:00,63308,final,BUY,-130.07766757176682,13053.08855160232
2023-10-31 09:45:00,63438,final,BUY,-130.03044363489198,12923.058107967428
2023-11-01 07:15:00,63520,partial,BUY,121.62473902016711,13044.682846987596
2023-11-01 09:00:00,63527,final,BUY,74.46412593071364,13119.14697291831
2023-11-07 04:00:00,63871,partial,SELL,121.81308624592766,13240.960059164237
2023-11-07 04:15:00,63872,final,SELL,0.0,13240.960059164237
2023-11-07 07:15:00,63884,partial,SELL,132.72000000000344,13373.68005916424
2023-11-07 07:30:00,63885,final,SELL,79.65703509970172,13453.337094263941
2023-11-07 08:30:00,63889,final,SELL,-133.5778811558921,13319.75921310805
2023-11-08 21:45:00,64030,final,BUY,-134.68416148010624,13185.075051627942
2023-11-12 18:30:00,64201,final,BUY,-131.35074439653772,13053.724307231405
2023-11-12 22:00:00,64215,final,BUY,-129.72624060338921,12923.998066628015
2023-11-16 09:30:00,64537,partial,BUY,137.8495999999999,13061.847666628015
2023-11-16 09:30:00,64537,final,BUY,0.0,13061.847666628015
2023-11-16 11:00:00,64543,partial,BUY,142.2750000000019,13204.122666628016
2023-11-17 04:00:00,64607,final,BUY,83.99607001581535,13288.118736643832
2023-11-17 08:30:00,64625,final,BUY,-133.60711567439262,13154.511620969439
2023-11-20 03:15:00,64696,final,BUY,-132.89156736886025,13021.620053600578
2023-11-21 09:15:00,64812,partial,BUY,128.52000000000342,13150.140053600582
2023-11-21 09:30:00,64813,final,BUY,78.58954380561227,13228.729597406194
2023-11-21 11:15:00,64820,final,BUY,-131.6066462325864,13097.122951173607
2023-11-24 10:30:00,65079,final,BUY,-131.19616380976004,12965.926787363847
2023-11-28 09:30:00,65242,final,BUY,-128.04676545788243,12837.880021905965
2023-11-28 10:30:00,65246,partial,BUY,124.2639999999984,12962.144021905964
2023-11-28 11:00:00,65248,final,BUY,74.48388902312217,13036.627910929086
2023-11-28 18:30:00,65274,partial,BUY,124.10160000000286,13160.72951092909
2023-11-28 19:45:00,65279,final,BUY,76.55280800936634,13237.282318938456
2023-11-29 02:30:00,65306,final,BUY,-132.6411471017891,13104.641171836667
2023-12-01 06:00:00,65504,final,BUY,-132.43860368759624,12972.20256814907
2023-12-01 12:30:00,65530,partial,BUY,129.10800000000256,13101.310568149072
2023-12-01 12:45:00,65531,final,BUY,79.22485305592363,13180.535421204997
2023-12-01 13:30:00,65534,partial,BUY,121.30945557264423,13301.84487677764
2023-12-01 14:45:00,65539,final,BUY,0.0,13301.84487677764
2023-12-03 18:30:00,65550,partial,BUY,121.89094156609634,13423.735818343737
2023-12-03 18:30:00,65550,final,BUY,0.0,13423.735818343737
2023-12-04 19:30:00,65646,final,SELL,-128.7384698521605,13294.997348491577
2023-12-06 03:30:00,65770,final,BUY,-132.82069759754995,13162.176650894027
2023-12-06 09:45:00,65795,final,BUY,-131.52097261692688,13030.6556782771
2023-12-07 09:00:00,65884,final,BUY,-130.3551107887415,12900.300567488359
2023-12-08 15:15:00,66001,final,SELL,-127.70613779735685,12772.594429691002
2023-12-10 21:15:00,66021,final,BUY,-127.93315651509486,12644.661273175907
2023-12-12 08:00:00,66156,partial,BUY,167.98600000000033,12812.647273175908
2023-12-12 08:30:00,66158,final,BUY,77.47574212247673,12890.123015298384
2023-12-13 18:45:00,66287,partial,BUY,134.47000000000025,13024.593015298386
2023-12-14 03:15:00,66321,final,BUY,77.51658271123551,13102.109598009622
2023-12-19 13:00:00,66636,final,BUY,-132.8740807087672,12969.235517300855
2023-12-21 19:15:00,66841,final,BUY,-130.3762361076649,12838.85928119319
2023-12-22 06:15:00,66885,partial,BUY,133.51310000000456,12972.372381193194
2023-12-22 07:15:00,66889,final,BUY,79.25158005247249,13051.623961245667
2023-12-22 07:45:00,66891,final,BUY,-129.64455188680907,12921.979409358857
2023-12-22 08:45:00,66895,partial,BUY,121.34067366495982,13043.320083023817
2023-12-22 10:30:00,66902,final,BUY,0.0,13043.320083023817
2023-12-27 05:15:00,67065,final,BUY,-131.7099238252581,12911.610159198559
2023-12-27 13:00:00,67096,partial,BUY,118.96488250006949,13030.575041698628
2023-12-27 13:30:00,67098,final,BUY,0.0,13030.575041698628
2023-12-28 03:15:00,67149,final,BUY,-130.36898349020888,12900.20605820842
2024-01-02 06:30:00,67346,final,BUY,-128.56536671826325,12771.640691490156
2024-01-04 04:30:00,67522,partial,BUY,117.0640068527464,12888.704698342903
2024-01-04 08:30:00,67538,final,BUY,0.0,12888.704698342903
2024-01-08 07:45:00,67719,final,SELL,-128.20813157080283,12760.4965667721
2024-01-08 11:00:00,67732,partial,BUY,117.53682847660333,12878.033395248704
2024-01-08 12:30:00,67738,final,BUY,0.0,12878.033395248704
2024-01-11 08:15:00,67997,partial,BUY,130.05720000000338,13008.090595248706
2024-01-11 08:15:00,67997,final,BUY,0.0,13008.090595248706
2024-01-11 08:45:00,67999,final,BUY,-128.90296754426345,12879.187627704443
2024-01-12 07:00:00,68084,partial,BUY,121.19568733082144,13000.383315035264
2024-01-12 07:00:00,68084,final,BUY,0.0,13000.383315035264
2024-01-12 09:30:00,68094,partial,BUY,122.71782445741538,13123.101139492679
2024-01-12 10:30:00,68098,final,BUY,0.0,13123.101139492679
2024-01-17 04:00:00,68322,final,BUY,-129.37243223272026,12993.72870725996
2024-01-18 08:30:00,68432,final,BUY,-128.39236866218948,12865.33633859777
2024-01-18 20:30:00,68476,partial,BUY,119.59357458373239,12984.929913181502
2024-01-19 02:30:00,68500,final,BUY,79.53267275272742,13064.46258593423
2024-01-19 07:00:00,68518,partial,BUY,130.87200000000192,13195.334585934232
2024-01-19 07:30:00,68520,final,BUY,74.93435607834067,13270.268942012572
2024-01-19 08:15:00,68523,partial,BUY,124.85078176624668,13395.119723778818
2024-01-19 08:30:00,68524,final,BUY,82.80919198781226,13477.92891576663
2024-01-29 05:00:00,69062,final,BUY,-134.72366376979065,13343.205251996838
2024-01-29 09:30:00,69080,final,BUY,-134.4408696595633,13208.764382337275
2024-01-30 06:15:00,69159,final,BUY,-132.24215386397168,13076.522228473303
2024-01-30 10:00:00,69174,final,BUY,-129.22146773208806,12947.300760741215
2024-01-31 09:30:00,69264,partial,BUY,135.73000000000465,13083.03076074122
2024-01-31 09:30:00,69264,final,BUY,0.0,13083.03076074122
2024-01-31 13:30:00,69280,final,BUY,-130.9054296924021,12952.125331048817
2024-02-01 12:30:00,69368,final,BUY,-132.37287342525633,12819.752457623561
2024-02-06 09:45:00,69633,partial,BUY,119.40754868075354,12939.160006304315
2024-02-06 10:00:00,69634,final,BUY,73.10666245760285,13012.266668761918
2024-02-06 12:15:00,69643,final,BUY,-129.56353256529837,12882.70313619662
2024-02-13 06:15:00,70079,partial,BUY,141.39439999999885,13024.09753619662
2024-02-13 08:15:00,70087,final,BUY,78.3647484078715,13102.462284604491
2024-02-13 08:45:00,70089,final,BUY,-132.5701831622007,12969.89210144229
2024-02-15 08:30:00,70272,partial,BUY,247.1700000000063,13217.062101442296
2024-02-15 08:30:00,70272,final,BUY,0.0,13217.062101442296
2024-02-15 09:30:00,70276,partial,BUY,124.03956672566392,13341.10166816796
2024-02-15 09:30:00,70276,final,BUY,81.36706272091828,13422.468730888877
2024-02-15 10:15:00,70279,partial,BUY,125.78123748698707,13548.249968375863
2024-02-15 10:30:00,70280,final,BUY,0.0,13548.249968375863
2024-02-16 08:30:00,70364,final,BUY,-135.55335136436406,13412.6966170115
2024-02-20 05:30:00,70526,partial,BUY,126.03871092335406,13538.735327934854
2024-02-20 08:30:00,70538,final,BUY,79.69660878056902,13618.431936715422
2024-02-20 09:30:00,70542,final,BUY,-137.1518982368243,13481.280038478599
2024-02-22 04:15:00,70705,final,BUY,-134.89255674247966,13346.38748173612
2024-02-25 18:00:00,70848,final,BUY,-133.04881863733158,13213.338663098788
2024-02-27 03:30:00,70978,partial,BUY,131.31999999999644,13344.658663098784
2024-02-27 04:45:00,70983,final,BUY,0.0,13344.658663098784
2024-02-28 09:45:00,71095,final,BUY,-134.58601155796896,13210.072651540815
2024-03-01 03:30:00,71254,final,BUY,-131.3846872504214,13078.687964290393
2024-03-01 08:00:00,71272,final,BUY,-129.6463503892992,12949.041613901094
2024-03-01 11:30:00,71286,partial,BUY,121.75486651232403,13070.796480413417
2024-03-01 12:00:00,71288,final,BUY,82.39051117375311,13153.18699158717
2024-03-04 09:15:00,71369,partial,BUY,159.26400000000413,13312.450991587175
2024-03-04 09:30:00,71370,final,BUY,74.29983644715095,13386.750828034326
2024-03-04 10:45:00,71375,partial,BUY,172.62000000000535,13559.37082803433
2024-03-04 11:00:00,71376,final,BUY,80.66591660438007,13640.03674463871
2024-03-05 03:15:00,71437,partial,BUY,128.77851492811132,13768.815259566822
2024-03-05 04:15:00,71441,final,BUY,80.48657183006482,13849.301831396886
2024-03-05 08:45:00,71459,final,BUY,-138.00246323862666,13711.29936815826
2024-03-05 10:00:00,71464,partial,BUY,131.90800000000036,13843.207368158259
2024-03-05 10:00:00,71464,final,BUY,0.0,13843.207368158259
2024-03-06 10:00:00,71556,final,BUY,-139.22187878358363,13703.985489374674
2024-03-06 14:00:00,71572,final,BUY,-136.62311165950587,13567.362377715168
2024-03-07 01:00:00,71612,final,BUY,-132.7856765861152,13434.576701129052
2024-03-08 05:30:00,71722,final,BUY,-134.38206386606907,13300.194637262983
2024-03-08 12:45:00,71751,final,BUY,-130.2977717342692,13169.896865528714
2024-03-13 12:00:00,72028,partial,BUY,148.25999999999885,13318.156865528712
2024-03-13 12:15:00,72029,final,BUY,78.53420893883639,13396.691074467548
2024-03-18 04:00:00,72272,partial,BUY,125.94515147601552,13522.636225943563
2024-03-18 05:45:00,72279,final,BUY,77.10927641388481,13599.745502357448
2024-03-20 17:00:00,72504,partial,BUY,133.0560000000012,13732.801502357448
2024-03-20 17:15:00,72505,final,BUY,83.78868548675428,13816.590187844202
2024-03-20 20:00:00,72516,partial,BUY,125.76270348605611,13942.352891330258
2024-03-21 08:45:00,72567,final,BUY,0.0,13942.352891330258
2024-03-26 05:45:00,72831,partial,BUY,132.88800000000393,14075.240891330262
2024-03-26 07:30:00,72838,final,BUY,0.0,14075.240891330262
2024-03-27 07:00:00,72928,final,BUY,-138.85690081358553,13936.383990516677
2024-03-28 07:45:00,73023,final,BUY,-141.06421461552236,13795.319775901155
2024-03-28 15:45:00,73055,partial,BUY,147.71470000000014,13943.034475901155
2024-03-31 18:00:00,73056,final,BUY,81.74774930882904,14024.782225209983
2024-03-31 20:30:00,73062,partial,BUY,129.5575820320508,14154.339807242033
2024-03-31 23:30:00,73074,final,BUY,79.3209685910515,14233.660775833085
