entry_time,exit_time,entry_i,exit_i,side,entry_price,exit_price,initial_lot,final_lot,pnl,reason,bars_held,partial_done,balance
2024-05-17 04:15:00,2024-05-17 05:15:00,1085,1089,BUY,18534.648,18554.736627939976,0.14,0.07,42.27150866867102,TP,4,True,10042.271508668671
2024-05-17 14:15:00,2024-05-17 15:00:00,1125,1128,BUY,18482.203,18534.222559642116,0.06,0.03,47.87875523802053,TP,3,True,10090.150263906693
2024-05-21 08:45:00,2024-05-21 09:15:00,1281,1283,BUY,18632.225,18599.989732506063,0.16,0.16,-104.11285598059418,SL,2,False,9986.037407926098
2024-05-27 11:45:00,2024-05-27 12:15:00,1649,1651,SELL,18860.403,18870.468999999997,0.12,0.12,-24.878399999997345,REGIME_CHANGE,2,False,9961.1590079261
2024-05-28 04:45:00,2024-05-28 06:00:00,1697,1702,SELL,18901.082,18901.181999999997,0.11,0.05,13.868618028480558,BE_AFTER_PARTIAL,5,True,9975.027625954583
2024-06-04 02:45:00,2024-06-04 03:30:00,2134,2137,BUY,18552.625,18552.525,0.11,0.05,18.913988405398268,BE_AFTER_PARTIAL,3,True,9993.941614359981
2024-06-07 08:45:00,2024-06-07 09:45:00,2425,2429,BUY,18919.871,19017.26637223951,0.06,0.03,92.04472442112659,TP,4,True,10085.986338781107
2024-06-17 12:30:00,2024-06-17 13:30:00,2974,2978,SELL,19801.492,19892.07738994147,0.06,0.06,-109.06246792976685,SL,4,False,9976.92387085134
2024-06-18 05:15:00,2024-06-18 07:00:00,3034,3041,SELL,19960.169,19929.530767927467,0.1,0.05,51.29521173450703,TP,7,True,10028.219082585849
2024-06-20 00:00:00,2024-06-20 01:00:00,3178,3182,SELL,20002.581,20020.858,0.18,0.18,-66.87720000000671,REGIME_CHANGE,4,False,9961.341882585843
2024-06-27 09:45:00,2024-06-27 11:00:00,3662,3667,SELL,19814.647,19757.445577060324,0.06,0.03,52.64246477032488,TP,5,True,10013.984347356169
2024-06-28 10:15:00,2024-06-28 10:45:00,3753,3755,SELL,20011.857,19885.358057587193,0.05,0.03,102.53186366777517,TP,2,True,10116.516211023945
2024-07-02 09:45:00,2024-07-02 10:30:00,3929,3932,SELL,19830.859,19830.959,0.06,0.03,28.395263835336518,SL,3,True,10144.911474859282
2024-07-05 02:30:00,2024-07-05 03:15:00,4142,4145,SELL,20211.658,20211.757999999998,0.18,0.09,16.883173501795245,BE_AFTER_PARTIAL,3,True,10161.794648361078
2024-07-11 08:45:00,2024-07-11 09:15:00,4523,4525,SELL,20721.981,20662.597340342625,0.1,0.05,88.61238370808351,TP,2,True,10250.407032069163
2024-07-16 03:15:00,2024-07-16 04:00:00,4768,4771,BUY,20364.548,20364.448,0.09,0.05,23.90263497869106,SL,3,True,10274.309667047854
2024-07-19 04:15:00,2024-07-19 07:00:00,5028,5034,BUY,19639.514,19720.21429609664,0.06,0.03,73.74893409283743,TP,6,True,10348.05860114069
2024-07-25 02:15:00,2024-07-25 02:45:00,5371,5373,BUY,18994.148,19093.420000000002,0.06,0.03,87.27779211801956,TP,2,True,10435.336393258709
2024-08-12 09:45:00,2024-08-12 10:00:00,6468,6469,BUY,18463.769,18463.669,0.05,0.03,16.205104702756216,BE_AFTER_PARTIAL,1,True,10451.541497961465
2024-08-13 03:15:00,2024-08-13 05:00:00,6530,6537,SELL,18691.847,18632.991711679704,0.07,0.03,61.38030502835217,TP,7,True,10512.921802989817
2024-08-15 08:45:00,2024-08-15 09:45:00,6730,6734,SELL,19194.937,19302.388875404486,0.05,0.05,-107.75187540448387,SL,4,False,10405.169927585333
2024-08-20 10:45:00,2024-08-20 11:45:00,7005,7009,BUY,19656.759,19743.998686187733,0.04,0.02,55.24303567795957,TP,4,True,10460.412963263292
2024-09-03 05:00:00,2024-09-03 07:30:00,7859,7869,BUY,19451.636,19451.536,0.05,0.03,3.3517884720204165,BE_AFTER_PARTIAL,10,True,10463.764751735313
2024-09-06 03:15:00,2024-09-06 07:15:00,8119,8135,BUY,18733.071,18732.971,0.05,0.03,0.09880823535058886,BE_AFTER_PARTIAL,16,True,10463.863559970663
2024-10-10 08:45:00,2024-10-10 09:30:00,10273,10276,BUY,20158.758,20158.658000000003,0.06,0.03,17.46050955918894,BE_AFTER_PARTIAL,3,True,10481.324069529852
2024-10-16 09:45:00,2024-10-16 10:00:00,10633,10634,BUY,20072.548,20072.448,0.06,0.03,31.286775400049954,BE_AFTER_PARTIAL,1,True,10512.6108449299
2024-11-07 09:45:00,2024-11-07 10:15:00,11999,12001,SELL,20948.093,20998.693,0.06,0.06,-61.07999999999825,REGIME_CHANGE,2,False,10451.530844929903
2024-11-11 09:45:00,2024-11-11 11:15:00,12173,12179,BUY,21104.159,21104.059,0.07,0.03,15.42814734505053,BE_AFTER_PARTIAL,6,True,10466.958992274953
2024-11-13 08:45:00,2024-11-13 09:30:00,12347,12350,SELL,21120.704,21045.862858219636,0.06,0.03,68.18432870806849,TP,3,True,10535.143320983021
2024-12-11 08:45:00,2024-12-11 09:15:00,14086,14088,SELL,21485.314,21548.098545998648,0.08,0.08,-100.93527359783883,SL,2,False,10434.208047385182
2024-12-25 22:30:00,2024-12-25 22:45:00,14923,14924,SELL,21852.703,21856.904,0.08,0.08,-7.20159999999567,REGIME_CHANGE,1,False,10427.006447385187
2024-12-27 09:30:00,2024-12-27 09:45:00,15056,15057,BUY,21619.115,21549.316699843195,0.07,0.07,-98.13762021952893,SL,1,False,10328.868827165657
2024-12-30 07:45:00,2024-12-30 08:30:00,15138,15141,BUY,21291.501,21193.636415341807,0.05,0.05,-98.16458465819306,SL,3,False,10230.704242507465
2025-01-10 08:45:00,2025-01-10 09:30:00,15827,15830,BUY,20950.535,20950.435,0.03,0.01,26.551425242024123,BE_AFTER_PARTIAL,3,True,10257.255667749489
2025-01-15 08:45:00,2025-01-15 12:00:00,16094,16107,SELL,21131.136,21131.235999999997,0.04,0.02,13.924536001467787,SL,13,True,10271.180203750955
2025-01-16 02:15:00,2025-01-16 04:30:00,16157,16166,SELL,21320.381,21320.481,0.06,0.03,3.1046070336966656,BE_AFTER_PARTIAL,9,True,10274.284810784651
2025-01-17 08:15:00,2025-01-17 08:30:00,16270,16271,SELL,21254.279,21337.59301614894,0.06,0.06,-100.3368193787313,SL,1,False,10173.94799140592
2025-01-20 09:30:00,2025-01-20 10:15:00,16360,16363,SELL,21568.241,21568.341,0.05,0.03,12.463432514954185,BE_AFTER_PARTIAL,3,True,10186.411423920872
2025-01-23 16:00:00,2025-01-23 21:15:00,16640,16654,SELL,21897.093,21897.193,0.05,0.03,11.697280040955231,SL,14,True,10198.108703961827
2025-01-28 09:45:00,2025-01-28 10:15:00,16882,16884,BUY,21060.214,21249.342,0.03,0.01,61.986431038355946,TP,2,True,10260.095135000183
2025-01-29 01:15:00,2025-01-29 04:00:00,16937,16948,SELL,21533.96,21534.059999999998,0.06,0.03,5.226347827078134,BE_AFTER_PARTIAL,11,True,10265.321482827261
2025-02-07 10:15:00,2025-02-07 10:45:00,17596,17598,BUY,21624.88,21624.780000000002,0.03,0.01,27.765662938896565,SL,2,True,10293.087145766158
2025-02-11 03:00:00,2025-02-11 03:30:00,17745,17747,BUY,21637.558,21677.708615707023,0.1,0.05,60.891173822407296,TP,2,True,10353.978319588567
2025-02-18 01:45:00,2025-02-18 03:00:00,18172,18177,SELL,22220.037,22220.137,0.13,0.07,11.59966364652675,BE_AFTER_PARTIAL,5,True,10365.577983235095
2025-03-21 07:45:00,2025-03-21 08:45:00,20247,20251,BUY,19495.015,19494.915,0.04,0.02,13.991568617143786,BE_AFTER_PARTIAL,4,True,10379.569551852237
2025-03-26 09:00:00,2025-03-26 10:45:00,20519,20526,BUY,20114.682,20006.807324422014,0.05,0.05,-108.17467557798663,SL,7,False,10271.394876274251
2025-03-28 02:45:00,2025-03-28 04:45:00,20672,20680,BUY,19708.202,19708.102000000003,0.06,0.03,10.034546159290622,SL,8,True,10281.42942243354
2025-04-15 18:15:00,2025-04-16 13:30:00,21787,21864,BUY,18596.049,18337.666791482243,0.02,0.02,-103.4728834071025,SL,77,False,10177.956539026438
2025-04-24 09:45:00,2025-04-24 10:15:00,22294,22296,SELL,18840.469,19010.409354302905,0.03,0.03,-102.14421258174232,SL,2,False,10075.812326444695
2025-04-30 08:30:00,2025-04-30 08:45:00,22645,22646,BUY,19338.871,19230.947853825026,0.05,0.05,-108.22314617497324,SL,1,False,9967.589180269722
2025-05-16 10:45:00,2025-05-16 11:30:00,23722,23725,BUY,21246.515,21345.972338777974,0.04,0.02,60.85494078379212,TP,3,True,10028.444121053513
2025-05-22 08:00:00,2025-05-22 08:30:00,24067,24069,BUY,21013.236,21013.136000000002,0.04,0.02,16.767883293190387,BE_AFTER_PARTIAL,2,True,10045.212004346704
2025-06-02 09:45:00,2025-06-02 11:45:00,24680,24688,SELL,21377.992,21378.091999999997,0.03,0.01,29.09654122442618,SL,8,True,10074.30854557113
2025-06-05 03:30:00,2025-06-05 04:45:00,24922,24927,SELL,21772.859,21772.959,0.09,0.05,13.680556582779682,BE_AFTER_PARTIAL,5,True,10087.98910215391
2025-06-06 08:45:00,2025-06-06 10:00:00,25032,25037,SELL,21737.825,21810.913999999997,0.05,0.05,-73.3889999999963,REGIME_CHANGE,5,False,10014.600102153914
2025-06-11 08:45:00,2025-06-11 09:45:00,25299,25303,SELL,22022.492,21935.793021036647,0.04,0.02,52.96048121922009,TP,4,True,10067.560583373135
2025-06-25 08:00:00,2025-06-25 09:30:00,26173,26179,SELL,22266.948,22320.14427597458,0.09,0.09,-96.29329675424437,SL,6,False,9971.267286618891
2025-06-26 04:30:00,2025-06-26 06:15:00,26248,26255,SELL,22346.247,22346.346999999998,0.09,0.05,14.129306591707572,SL,7,True,9985.3965932106
2025-06-27 02:45:00,2025-06-27 04:00:00,26330,26335,SELL,22523.993,22524.092999999997,0.11,0.05,14.529224275994638,BE_AFTER_PARTIAL,5,True,9999.925817486595
2025-07-14 21:45:00,2025-07-14 22:00:00,27352,27353,SELL,22899.349,22964.422350044268,0.08,0.08,-104.59736007083092,SL,1,False,9895.328457415764
2025-07-17 02:15:00,2025-07-17 05:00:00,27548,27559,SELL,22942.769,22942.869,0.08,0.04,8.593170966241743,SL,11,True,9903.921628382004
2025-07-27 18:15:00,2025-07-28 08:45:00,28139,28197,SELL,23372.848,23372.948,0.06,0.03,-0.4626019383141829,SL,58,True,9903.45902644369
2025-08-05 10:45:00,2025-08-05 12:30:00,28739,28746,BUY,23073.737,23073.637000000002,0.04,0.02,14.771131860833849,BE_AFTER_PARTIAL,7,True,9918.230158304523
2025-08-05 18:15:00,2025-08-05 21:30:00,28762,28775,BUY,22944.86,22996.163841669175,0.03,0.01,22.973100540207376,TP,13,True,9941.20325884473
2025-08-07 06:00:00,2025-08-07 06:30:00,28898,28900,SELL,23488.658,23498.982,0.06,0.06,-12.748800000000628,REGIME_CHANGE,2,False,9928.454458844728
2025-08-08 10:30:00,2025-08-08 11:45:00,29005,29010,SELL,23569.971,23570.071,0.05,0.03,13.169257538135572,SL,5,True,9941.623716382863
2025-08-19 09:45:00,2025-08-19 10:00:00,29625,29626,BUY,23601.459,23601.359,0.06,0.03,20.749444801661447,BE_AFTER_PARTIAL,1,True,9962.373161184523
2025-08-20 09:45:00,2025-08-20 10:00:00,29714,29715,BUY,23245.637,23146.00673060432,0.05,0.05,-99.93026939567862,SL,1,False,9862.442891788845
2025-08-28 09:45:00,2025-08-28 10:45:00,30248,30252,SELL,23640.859,23640.959,0.05,0.03,14.982434877046035,SL,4,True,9877.42532666589
2025-09-02 03:45:00,2025-09-02 06:15:00,30478,30488,BUY,23309.794,23221.791026579023,0.06,0.06,-105.96356810517405,SL,10,False,9771.461758560717
2025-09-09 10:45:00,2025-09-09 12:00:00,30951,30956,BUY,23711.853,23777.13948348852,0.05,0.03,55.29473901811798,TP,5,True,9826.756497578835
2025-09-10 08:45:00,2025-09-10 09:45:00,31032,31036,SELL,23980.0,23902.749,0.07,0.03,70.54904570949627,TP,4,True,9897.30554328833
2025-09-25 03:15:00,2025-09-25 04:00:00,31989,31992,BUY,24462.679,24510.160848444713,0.1,0.05,71.80959393791491,TP,3,True,9969.115137226247
2025-09-25 07:15:00,2025-09-25 08:45:00,32005,32011,BUY,24407.119,24330.422996077687,0.07,0.07,-107.79440549123713,SL,6,False,9861.32073173501
2025-09-26 08:45:00,2025-09-26 09:30:00,32100,32103,SELL,24495.783,24412.35580991116,0.05,0.03,68.55164292543412,TP,3,True,9929.872374660445
2025-09-30 03:45:00,2025-09-30 05:30:00,32258,32265,BUY,24544.544,24584.98430172836,0.07,0.03,44.38531363078699,TP,7,True,9974.25768829123
2025-10-02 09:45:00,2025-10-02 10:15:00,32460,32462,BUY,24834.22,24834.120000000003,0.06,0.03,20.386300266502655,BE_AFTER_PARTIAL,2,True,9994.643988557733
2025-10-20 10:00:00,2025-10-20 10:45:00,33529,33532,SELL,25055.958,25133.665999999997,0.04,0.04,-62.40639999999898,REGIME_CHANGE,3,False,9932.237588557733
2025-10-22 10:30:00,2025-10-22 11:00:00,33709,33711,BUY,24965.166,24965.066000000003,0.03,0.01,20.311708153951912,BE_AFTER_PARTIAL,2,True,9952.549296711684
2025-10-28 08:15:00,2025-10-28 09:15:00,34060,34064,SELL,25912.566,25912.665999999997,0.08,0.04,16.253783751976446,BE_AFTER_PARTIAL,4,True,9968.80308046366
2025-11-07 06:15:00,2025-11-07 07:30:00,34760,34765,BUY,25015.12,25015.02,0.04,0.02,23.79383558467758,SL,5,True,9992.596916048336
2025-11-12 09:45:00,2025-11-12 11:00:00,35041,35046,BUY,25541.536,25426.37989039765,0.04,0.04,-92.3648876818805,SL,5,False,9900.232028366456
2025-11-25 09:45:00,2025-11-25 10:00:00,35842,35843,BUY,24661.686,24661.586000000003,0.03,0.01,28.724575989597653,BE_AFTER_PARTIAL,1,True,9928.956604356054
2025-12-02 09:45:00,2025-12-02 10:30:00,36220,36223,SELL,25546.279,25546.378999999997,0.04,0.02,16.36777399244107,BE_AFTER_PARTIAL,3,True,9945.324378348494
2025-12-03 09:15:00,2025-12-03 09:45:00,36307,36309,BUY,25387.925,25387.825,0.04,0.02,38.363980058165325,SL,2,True,9983.688358406658
2025-12-19 09:45:00,2025-12-19 11:00:00,37377,37382,SELL,25310.899,25310.999,0.03,0.01,28.74533000988769,SL,5,True,10012.433688416546
2025-12-22 09:30:00,2025-12-22 09:45:00,37465,37466,SELL,25542.011,25456.569,0.09,0.09,153.25559999999837,REGIME_CHANGE,1,False,10165.689288416545
2025-12-23 09:00:00,2025-12-23 09:45:00,37552,37555,BUY,25389.886,25497.786,0.07,0.03,84.34295516652608,TP,3,True,10250.032243583071
2025-12-24 11:45:00,2025-12-24 13:00:00,37652,37657,SELL,25653.203,25653.303,0.08,0.04,14.757967058992946,BE_AFTER_PARTIAL,5,True,10264.790210642062
2026-01-06 03:15:00,2026-01-06 03:30:00,38229,38230,BUY,25408.12,25351.351679578718,0.09,0.09,-102.72297675830545,SL,1,False,10162.067233883758
2026-01-06 10:00:00,2026-01-06 11:00:00,38256,38260,SELL,25569.066,25479.60668530388,0.05,0.03,72.50061051824159,TP,4,True,10234.567844402
2026-01-07 09:45:00,2026-01-07 10:00:00,38344,38345,SELL,25671.175,25671.274999999998,0.06,0.03,22.091672250465344,BE_AFTER_PARTIAL,1,True,10256.659516652464
2026-01-08 09:45:00,2026-01-08 10:45:00,38433,38437,BUY,25447.849,25447.749,0.04,0.02,24.471922862927894,SL,4,True,10281.131439515391
2026-01-14 05:30:00,2026-01-14 08:00:00,38772,38782,BUY,25607.381,25607.281000000003,0.06,0.03,6.971836112876044,BE_AFTER_PARTIAL,10,True,10288.103275628268
2026-01-16 10:00:00,2026-01-16 10:30:00,38968,38970,BUY,25575.511,25460.43147834575,0.04,0.04,-92.3036173234001,SL,2,False,10195.799658304868
2026-01-21 07:00:00,2026-01-21 08:30:00,39210,39216,BUY,24905.649,24905.549000000003,0.05,0.03,17.071197405355633,SL,6,True,10212.870855710224
2026-01-23 03:45:00,2026-01-23 06:00:00,39375,39384,BUY,25480.053,25479.953,0.06,0.03,0.7038544482870202,BE_AFTER_PARTIAL,9,True,10213.57471015851
2026-02-03 09:45:00,2026-02-03 10:00:00,40022,40023,BUY,25643.038,25506.686195678107,0.04,0.04,-109.32144345751497,SL,1,False,10104.253266700995
2026-02-05 07:45:00,2026-02-05 09:30:00,40192,40199,BUY,24689.779,24689.679,0.02,0.01,11.499991860879963,BE_AFTER_PARTIAL,7,True,10115.753258561874
2026-02-11 05:15:00,2026-02-11 06:15:00,40538,40542,BUY,25080.447,25153.58643592911,0.05,0.03,59.876018117735654,TP,4,True,10175.629276679609
2026-02-11 10:30:00,2026-02-11 11:15:00,40559,40562,BUY,24997.883,25180.0409091906,0.02,0.01,55.58020213859825,TP,3,True,10231.209478818208
2026-02-16 09:15:00,2026-02-16 09:45:00,40821,40823,BUY,24714.649,24627.2129929965,0.06,0.06,-105.28320840419998,SL,2,False,10125.926270414007
2026-02-25 09:45:00,2026-02-25 10:15:00,41433,41435,SELL,25219.405,25257.012,0.05,0.05,-37.90699999999997,REGIME_CHANGE,2,False,10088.019270414008
2026-02-26 09:45:00,2026-02-26 10:00:00,41522,41523,BUY,25221.066,25115.9584099024,0.05,0.05,-105.40759009759931,SL,1,False,9982.61168031641
2026-03-06 08:45:00,2026-03-06 10:00:00,42052,42057,BUY,24706.32,24706.22,0.03,0.01,17.523725823249258,BE_AFTER_PARTIAL,5,True,10000.135406139658
2026-03-24 02:15:00,2026-03-24 03:15:00,43089,43093,SELL,24264.826,24264.926,0.03,0.01,25.345498140304986,BE_AFTER_PARTIAL,4,True,10025.480904279962
2026-04-01 21:30:00,2026-04-02 01:45:00,43685,43702,BUY,23799.369,23594.763004781053,0.02,0.02,-81.96239808757849,SL,17,False,9943.518506192384
2026-04-13 10:00:00,2026-04-13 11:15:00,44269,44274,SELL,25141.392,25169.368,0.04,0.04,-22.620799999999,REGIME_CHANGE,5,False,9920.897706192385
2026-04-14 09:45:00,2026-04-14 11:30:00,44357,44364,SELL,25585.827,25684.824540309524,0.05,0.05,-99.29754030952317,SL,7,False,9821.600165882863
2026-04-15 10:30:00,2026-04-15 12:45:00,44449,44458,SELL,25969.029,25969.128999999997,0.04,0.02,2.8954709997685857,BE_AFTER_PARTIAL,9,True,9824.495636882632
2026-04-17 08:15:00,2026-04-17 08:30:00,44618,44619,SELL,26436.653,26468.547,0.07,0.07,-45.07160000000033,REGIME_CHANGE,1,False,9779.42403688263
2026-04-17 09:00:00,2026-04-17 09:45:00,44621,44624,SELL,26582.642,26582.742,0.04,0.02,29.914554891507727,SL,3,True,9809.338591774138
2026-05-01 09:45:00,2026-05-03 18:00:00,45514,45540,SELL,27658.899,27794.33839438588,0.04,0.04,-108.59151550870214,SL,26,False,9700.747076265436
2026-05-04 06:15:00,2026-05-04 08:00:00,45589,45596,BUY,27581.899,27734.324670017573,0.03,0.01,67.86361814299701,TP,7,True,9768.610694408433
2026-05-07 03:15:00,2026-05-07 04:45:00,45844,45850,SELL,28680.294,28619.234977551165,0.05,0.03,49.48665241756026,TP,6,True,9818.097346825994
2026-05-08 08:45:00,2026-05-08 09:15:00,45955,45957,SELL,28847.316,28765.860999999997,0.05,0.03,65.4727816381739,TP,2,True,9883.57012846417
2026-05-29 09:45:00,2026-05-29 10:15:00,47278,47280,SELL,30386.509,30386.608999999997,0.04,0.02,18.81852332222712,BE_AFTER_PARTIAL,2,True,9902.388651786396
2026-06-01 09:15:00,2026-06-01 09:30:00,47365,47366,BUY,30285.158,30285.058,0.04,0.02,23.66831162350223,BE_AFTER_PARTIAL,1,True,9926.056963409897
2026-06-14 18:15:00,2026-06-15 09:45:00,48194,48256,SELL,30031.049,30422.725052013473,0.01,0.01,-78.3952104026948,SL,62,False,9847.661753007204
