direction,window_ny,days,volatility,median_pf,min_pf,median_return,min_return,worst_dd,total_trades,median_dsr,fold_pfs,score
buy,03_13,mon_thu,high,2.147417820490239,1.1315199105786502,2.0598255651393615,0.14284984926526967,-2.8423574835682874,29,0.06587887654287977,2.155|2.140|2.453|1.132,2.3754410375218105
buy,07_17,mon_thu,high,2.5909809092908507,0.726379943049641,1.5033414839978665,-1.8344156867922679,-5.417171580814913,22,0.0854821326427532,inf|0.726|2.182|inf,2.250975546284574
both,03_17,mon_thu,all,1.371500934822465,0.9678693934828823,3.7121540476847015,-0.604942485373372,-7.131872313383475,110,0.05304444804578183,1.328|1.415|1.450|0.968,2.1731445889898464
buy,00_12,mon_thu,high,1.9538647341403155,1.0730702180765928,2.667575801760824,0.1519334014083329,-3.865290793912172,33,0.07512955791827908,1.073|1.763|3.033|2.144,2.148677898000807
buy,03_17,mon_thu,all,1.4298227951347906,0.8965215466550813,3.6867370796267007,-1.8424044362560954,-7.689266557047353,103,0.05931756189118652,1.504|1.409|1.450|0.897,2.1443972282529553
buy,03_13,all,high,1.8232913050536135,1.1315199105786502,2.111382664605843,0.14284984926526967,-4.258171755302201,39,0.062487889968995194,2.155|1.670|1.977|1.132,2.1286774676130555
buy,00_12,all,high,1.833957848498714,1.0730702180765928,2.7191329012273058,0.1519334014083329,-4.953014977931308,43,0.07242962197338737,1.073|1.524|2.354|2.144,2.1161148706443176
buy,03_17,mon_thu,high,1.8265478913849158,1.1315199105786502,2.5998174389589512,0.14284984926526967,-3.60471687871359,34,0.05165443678851466,2.155|1.498|3.045|1.132,2.094255357349451
buy,03_17,all,high,1.6575546097852056,1.1315199105786502,2.298382091899176,0.14284984926526967,-4.893680954666867,46,0.06744715446071245,2.155|1.486|1.829|1.132,2.030737343534984
buy,08_17,mon_thu,high,2.5909809092908507,0.5570709399692065,1.1959774928301359,-2.5406495464859624,-6.226419095945875,18,0.06302771766950566,inf|0.557|2.182|inf,2.0018245948438835
both,00_12,mon_thu,all,1.187460285827124,0.9907567040390757,2.082281368724248,-0.18827060087822645,-7.115677213104206,116,0.027602027252896885,1.088|1.287|1.353|0.991,1.9910898926108953
both,03_13,mon_thu,all,1.2445631025537234,0.9061541603727795,2.4139630455697114,-1.7668927424633885,-7.616523188465097,102,0.03254784827187949,1.277|1.810|1.212|0.906,1.9528707673826236
both,03_17,all,all,1.2545401216018628,0.9181814473702475,3.1133532939798925,-2.0386354401754625,-8.850504785276888,140,0.03950313372294408,1.189|1.405|1.320|0.918,1.9462405850981916
buy,00_12,mon_thu,all,1.2176158104308916,0.9315957572024186,2.396676463565761,-1.306386335713583,-8.146217295388212,109,0.029378252034370715,1.168|1.268|1.353|0.932,1.9346674638141959
buy,03_17,all,all,1.2972837062632137,0.8628883628689917,3.5610786102502456,-3.2760973910581748,-10.030019577042575,133,0.04526471380199944,1.274|1.409|1.320|0.863,1.9039352106838305
buy,03_13,mon_thu,all,1.311148690087357,0.8364199463301774,2.98959050284493,-2.9124963393076353,-8.72012794832086,95,0.04293199284246614,1.410|1.843|1.212|0.836,1.864447101564851
both,03_13,all,all,1.2551436223392538,0.8596804110148586,2.882228751890059,-3.3603471003059937,-10.11032408918444,127,0.0360548662358475,1.234|1.535|1.276|0.860,1.8475475714446494
both,00_12,all,all,1.1779906655755892,0.9238232530089167,2.4648343042511622,-1.9413582988807687,-9.637694244674707,143,0.029759369514174246,1.110|1.246|1.268|0.924,1.8432833081896112
both,03_13,mon_thu,high,2.104483411246629,0.5827279227288998,2.0598255651393615,-0.8800431704290679,-2.8990325486318134,33,0.06587887654287977,2.155|2.054|2.453|0.583,1.8300143884765434
buy,03_13,all,all,1.3033919066579807,0.799587475624336,3.3299540681604123,-4.594440831637203,-11.193598615135365,120,0.04310232898350886,1.331|1.566|1.276|0.800,1.809091430306561
buy,00_12,all,all,1.2013222699242005,0.873430637486644,2.9043456743143237,-3.084162365945553,-10.716478971085133,136,0.033096005223575434,1.172|1.231|1.268|0.873,1.788921196066149
buy,07_17,all,high,2.0354929828150397,0.7414105587198948,0.7681882979536092,-2.4705440335707873,-6.057605839529772,29,0.05694609468277703,inf|0.741|1.071|inf,1.762246468265133
both,07_17,mon_thu,all,1.5110447110386875,0.8421344464666843,2.957363112360456,-1.0748393787664234,-4.661019733276203,55,0.08291020883960798,5.164|0.842|1.374|1.648,1.7195042383986117
both,00_12,mon_thu,high,1.4146066265704218,1.0730702180765928,2.1561292919136443,0.1519334014083329,-3.865290793912172,37,0.06189297853901188,1.073|1.725|3.033|1.104,1.6496580094565882
both,00_12,all,high,1.3121505472725583,1.0730702180765928,2.207686391380126,0.1519334014083329,-4.696128673684012,47,0.05920512246249121,1.073|1.520|2.354|1.104,1.64225479354493
both,03_13,all,high,1.8141596786187835,0.5827279227288998,2.111382664605843,-0.8800431704290679,-3.824804738446436,43,0.062487889968995194,2.155|1.651|1.977|0.583,1.6317548638341477
buy,08_17,mon_thu,all,1.9244520163613648,0.5570709399692065,3.2053502418245894,-2.5406495464859624,-6.226419095945875,40,0.11916140438451718,3.603|0.557|1.700|2.149,1.6306161667473444
both,all,mon_thu,all,0.9619997117561331,0.8759620401283763,-0.5411723508285393,-2.713485522920178,-7.1252461741205115,139,0.008858551710714872,0.876|0.881|1.459|1.043,1.6205643534947516
both,03_17,mon_thu,high,1.8250921358668664,0.5827279227288998,2.6561782359089903,-0.8800431704290679,-3.1713498618578253,38,0.055662741029280725,2.155|1.495|3.045|0.583,1.6063738933049774
buy,07_17,mon_thu,all,1.5672067636038292,0.726379943049641,2.916694811199183,-1.8344156867922679,-5.417171580814913,52,0.09217033766001875,5.164|0.726|1.374|1.761,1.6026725748730182
buy,all,mon_thu,all,0.9707491207801147,0.8362283535338255,-0.5834448005334947,-2.5447653756641375,-7.3560289812111295,131,0.007547559274244666,0.956|0.836|1.459|0.985,1.5819716687271204
both,all,all,all,0.9621839979281565,0.8631526164659535,-0.9286855809430061,-3.279022382390573,-8.61253817410491,174,0.006632950154223054,0.863|0.957|1.219|0.968,1.5590002033923769
buy,all,all,all,0.9301894232790966,0.9268931795835893,-1.5519566656838402,-1.859323777380728,-9.560255258077525,166,0.005046622849119898,0.933|0.928|1.219|0.927,1.5557647030333457
both,03_17,all,high,1.646794450943962,0.5827279227288998,2.298382091899176,-0.8800431704290679,-4.636794650419572,50,0.06744715446071245,2.155|1.464|1.829|0.583,1.5268917859714088
both,08_17,mon_thu,all,1.7913639721612153,0.5570709399692065,3.2460185429858734,-2.5406495464859624,-6.226419095945875,42,0.11611698473760955,3.603|0.557|1.700|1.883,1.5213259216294257
buy,all,all,high,1.4443180891199128,0.6579495040846645,2.0234145810093196,-1.7314651790487967,-4.963728100354886,61,0.03966862569184636,0.658|1.165|1.724|2.144,1.5135236211423932
buy,all,mon_thu,high,1.619189757328546,0.6579495040846645,1.1796967903337507,-1.7314651790487967,-4.909727933267787,47,0.03254907886739736,0.658|1.094|2.429|2.144,1.5121542070919936
both,07_17,mon_thu,high,1.6997079430367519,0.8421344464666843,0.9918949741506866,-1.0748393787664234,-4.661019733276203,24,0.04216392076242948,inf|0.842|2.182|1.217,1.5083635313991435
both,07_17,all,all,1.0915622576250446,0.822746492617754,0.9420993171514791,-1.921088103247881,-5.697186511305821,78,0.016340147164152122,3.677|0.823|1.091|1.093,1.4920821775079693
buy,07_17,all,all,1.0921476775740486,0.7827315066762656,0.9014310159902061,-2.2831673462520685,-6.057605839529772,75,0.016195373712108104,3.677|0.783|1.091|1.094,1.4054043939667444
buy,08_17,all,high,2.0354929828150397,0.49512640436609284,0.7174564577603126,-4.332734131730554,-8.45324093065895,24,0.03449168137252481,inf|0.495|1.071|inf,1.379095060113472
both,all,all,high,1.142468957498001,0.560261834220051,1.729632895862998,-2.6140821003660664,-5.28910599076563,66,0.023958314589726432,0.560|1.181|1.724|1.104,1.1581456038716582
both,08_17,mon_thu,high,1.7010610323246123,0.5570709399692065,0.684530982982956,-2.5406495464859624,-6.226419095945875,19,0.0353651138734528,inf|0.557|2.182|1.220,1.1132577320199628
both,09_16,mon_thu,all,1.448430871987558,0.44454417429721893,1.960709618741996,-2.6645476035198623,-5.464538822127779,36,0.04513006579413413,4.337|0.445|1.678|1.219,0.9896719909671905
buy,09_16,mon_thu,all,1.4655458669010448,0.44454417429721893,1.920041317580723,-2.6645476035198623,-5.464538822127779,34,0.04581945306371092,4.337|0.445|1.678|1.253,0.9825181803229799
both,all,mon_thu,high,1.1128183504628093,0.560261834220051,0.8859151051874181,-2.6140821003660664,-5.053028774797865,52,0.016285820329810623,0.560|1.121|2.429|1.104,0.9576056365567607
both,07_17,all,high,1.1442200165609413,0.7866682180089537,0.25674178810642934,-2.1084647905666,-5.697186511305821,31,0.01362788572955664,inf|0.787|1.071|1.217,0.9372656342576962
both,08_17,all,all,1.0482268630494156,0.4455648764634243,0.29192003385508647,-5.287315866791287,-8.521719145520951,61,0.012467999638242284,2.545|0.446|1.134|0.963,0.7755529654134108
buy,08_17,all,all,1.041605378638553,0.4455648764634243,0.25125173269380796,-5.287315866791287,-8.521719145520951,59,0.012181409809615545,2.545|0.446|1.134|0.949,0.74446748002521
both,09_16,all,all,1.0290273355130057,0.41467451570598923,0.18330917265301228,-4.497438021959477,-7.735574544172029,50,0.011459607127443542,2.555|0.415|1.122|0.936,0.6157596280458529
buy,09_16,all,all,1.0184642306371445,0.41467451570598923,0.14264087149173377,-4.497438021959477,-7.735574544172029,48,0.011092154488468946,2.555|0.415|1.122|0.915,0.5807163496305842
both,08_17,all,high,1.1455731058488017,0.49512640436609284,0.2581258536940023,-4.332734131730554,-8.45324093065895,25,0.01303832795203301,inf|0.495|1.071|1.220,0.4922912064224726
both,09_16,mon_thu,high,1.3060750482466925,0.0,-0.482588809349882,-2.6645476035198623,-5.464538822127779,17,0.02861667366402813,inf|0.445|2.168|0.000,0.147036330222166
buy,09_16,mon_thu,high,1.3060750482466925,0.0,0.028857700497292305,-2.6645476035198623,-5.464538822127779,16,0.028697507906964407,inf|0.445|2.168|0.000,0.14016696216922497
buy,17_03,all,high,0.8775845733367938,0.2730157013927177,-1.107219270929466,-2.927310249498083,-4.022158290551313,15,0.007504265769250777,0.273|0.498|1.257|inf,0.00036418645752744894
buy,17_03,mon_thu,all,0.8285937407099454,0.1840650344154067,-2.6275344227262245,-7.076505137266231,-7.361387398737687,31,0.0073655502798899665,0.400|0.184|1.257|3.228,-0.06098508100806288
both,17_03,all,high,0.8775845733367938,0.22393131580546366,-1.107219270929466,-3.8099271708153526,-4.855882861922759,16,0.007504265769250777,0.224|0.498|1.257|inf,-0.061731936270869814
both,17_03,mon_thu,all,0.8146700657228878,0.1840650344154067,-2.6275344227262245,-7.959122058583512,-8.241298417689483,32,0.007361070651668478,0.372|0.184|1.257|3.228,-0.08930698248931868
buy,17_03,mon_thu,high,0.7897573479226182,0.2730157013927177,-1.1839078776864187,-2.927310249498083,-4.173069116306282,13,0.0074057413594187235,0.273|0.322|1.257|inf,-0.11677695467883331
both,17_03,mon_thu,high,0.7897573479226182,0.22393131580546366,-1.1839078776864187,-3.8099271708153526,-4.855882861922759,14,0.007379369901814198,0.224|0.322|1.257|inf,-0.17435102692610227
buy,17_03,all,all,0.5361084808621936,0.2767649543953762,-3.5488622578647435,-6.368044043704413,-7.8634380113648,36,0.0012805838104748878,0.460|0.277|0.612|3.228,-0.2262622108999266
both,17_03,all,all,0.5200930384167137,0.2767649543953762,-3.5488622578647435,-7.2506609650216935,-7.979252293913179,37,0.001268668907756371,0.428|0.277|0.612|3.228,-0.23375446480240158
both,09_16,all,high,0.770507844782095,0.0,-0.9156582259951973,-3.5428562868987545,-6.785504501728854,22,0.006102734334705775,inf|0.473|1.068|0.000,-0.37699332566278143
buy,09_16,all,high,0.770507844782095,0.0,-0.404211716148023,-3.5428562868987545,-6.785504501728854,21,0.0062940596278442,inf|0.473|1.068|0.000,-0.38384059550568195
