entry_time,exit_time,entry_i,exit_i,side,entry_price,exit_price,exit_reason,initial_lot,bars_held,partial_done,pnl,return_on_initial_balance,balance
2024-05-06 04:00:00,2024-05-06 05:23:02.014,292,297,BUY,2323.055,2316.027537435464,SL,0.14,5,False,-98.38447590349915,-0.009838447590349915,9901.615524096502
2024-05-06 10:00:00,2024-05-06 10:39:06.752,316,318,BUY,2328.265,2320.5032560620584,SL,0.13,2,False,-100.90267119323882,-0.010090267119323882,9800.712852903263
2024-05-09 10:30:00,2024-05-09 21:02:29.998,594,632,BUY,2335.265,2351.8960625806126,TP,0.12,38,True,159.65820077388452,0.015965820077388452,9960.371053677149
2024-05-09 21:45:00,2024-05-10 02:58:46.323,635,655,BUY,2350.735,2368.9554022227003,TP,0.11,20,True,148.1926047446291,0.01481926047446291,10108.56365842178
2024-05-10 03:15:00,2024-05-10 08:22:02.443,657,677,BUY,2369.665,2369.665,SL,0.17,20,True,95.01094039839818,0.009501094039839817,10203.574598820178
2024-05-13 08:30:00,2024-05-13 09:49:39.057,770,775,BUY,2345.935,2341.096298586506,SL,0.21,5,False,-101.61272968337744,-0.010161272968337744,10101.961869136801
2024-05-14 05:30:00,2024-05-14 06:36:05.809,850,854,BUY,2347.015,2342.6716131268495,SL,0.23,4,False,-99.89789808245905,-0.009989789808245905,10002.063971054342
2024-05-15 03:45:00,2024-05-15 04:38:07.877,935,938,BUY,2363.145,2370.079680133679,TP,0.29,3,True,156.26145901223475,0.015626145901223475,10158.325430066578
2024-05-15 05:00:00,2024-05-15 05:36:28.063,940,942,BUY,2373.515,2369.8430352463756,SL,0.28,2,False,-102.81501310147907,-0.010281501310147908,10055.510416965099
2024-05-15 11:30:00,2024-05-16 05:26:59.170,966,1033,BUY,2384.405,2384.405,SL,0.11,67,True,94.72314820710534,0.009472314820710533,10150.233565172204
2024-05-17 09:15:00,2024-05-17 09:36:58.906,1141,1142,BUY,2403.085,2398.2575489942938,SL,0.21,1,False,-101.37647111983188,-0.010137647111983188,10048.857094052371
2024-05-17 10:45:00,2024-05-17 11:14:27.791,1147,1148,BUY,2409.222,2409.222,SL,0.14,1,True,91.26430722506556,0.009126430722506556,10140.121401277436
2024-05-17 11:30:00,2024-05-17 16:33:06.913,1150,1170,BUY,2406.755,2422.132059591119,TP,0.13,20,True,154.79573321726042,0.015479573321726042,10294.917134494697
2024-05-19 21:00:00,2024-05-20 01:34:41.987,1184,1202,BUY,2425.742,2443.811630408305,TP,0.11,18,True,146.96632732087966,0.014696632732087966,10441.883461815576
2024-05-20 02:00:00,2024-05-20 02:24:03.240,1204,1205,BUY,2449.885,2440.076895191277,SL,0.11,1,False,-107.88915289595661,-0.010788915289595661,10333.99430891962
2024-05-24 00:30:00,2024-05-24 11:35:49.431,1566,1610,BUY,2332.365,2332.365,SL,0.13,44,True,99.70921527025153,0.009970921527025153,10433.703524189872
2024-05-27 10:15:00,2024-05-27 14:28:20.287,1697,1713,BUY,2356.935,2351.5084030166704,SL,0.19,16,False,-103.10534268326137,-0.010310534268326137,10330.598181506612
2024-06-03 13:30:00,2024-06-04 03:39:25.704,2160,2212,BUY,2348.835,2342.1399017672275,SL,0.15,52,False,-100.42647349158868,-0.010042647349158869,10230.171708015023
2024-06-04 09:15:00,2024-06-04 09:39:58.278,2235,2236,BUY,2334.965,2330.126243563768,SL,0.21,1,False,-101.61388516087118,-0.010161388516087118,10128.557822854153
2024-06-05 09:30:00,2024-06-05 09:46:36.671,2328,2329,BUY,2342.725,2338.2373696601567,SL,0.23,1,False,-103.21549781639443,-0.010321549781639443,10025.342325037758
2024-06-05 10:15:00,2024-06-05 10:23:06.552,2331,2331,BUY,2336.545,2345.8908093650707,TP,0.21,0,True,147.6637879681116,0.014766378796811159,10173.00611300587
2024-06-05 10:45:00,2024-06-05 21:14:34.716,2333,2370,BUY,2349.725,2363.326771974993,TP,0.15,37,True,149.61949172492268,0.014961949172492267,10322.625604730792
2024-06-05 21:45:00,2024-06-06 04:36:52.794,2373,2400,BUY,2367.295,2359.745085247097,SL,0.14,27,False,-105.69880654064309,-0.01056988065406431,10216.92679819015
2024-06-06 11:45:00,2024-06-06 12:23:34.094,2429,2431,BUY,2377.495,2370.8586604772718,SL,0.15,2,False,-99.54509284092182,-0.009954509284092182,10117.381705349228
2024-06-07 00:30:00,2024-06-07 01:48:12.136,2476,2481,BUY,2384.536,2378.546862915383,SL,0.17,5,False,-101.8153304384914,-0.010181533043849141,10015.566374910737
2024-06-10 12:45:00,2024-06-10 21:02:44.357,2617,2646,BUY,2311.275,2304.3745107586733,SL,0.15,29,False,-103.50733861990193,-0.010350733861990194,9912.059036290835
2024-06-11 14:45:00,2024-06-12 08:30:08.927,2717,2784,BUY,2313.575,2324.5469521757996,TP,0.18,67,True,147.02415915571657,0.014702415915571657,10059.083195446552
2024-06-12 09:30:00,2024-06-12 09:36:55.110,2788,2788,BUY,2340.735,2331.9539679898844,SL,0.11,0,False,-96.59135211127295,-0.009659135211127295,9962.49184333528
2024-06-14 06:15:00,2024-06-14 07:42:18.295,2959,2964,BUY,2324.015,2333.877524253645,TP,0.2,5,True,151.22537188922342,0.015122537188922343,10113.717215224502
2024-06-14 08:00:00,2024-06-14 09:30:26.513,2966,2972,BUY,2332.315,2326.208623632489,SL,0.17,6,False,-103.80839824768829,-0.010380839824768829,10009.908816976813
2024-06-17 05:30:00,2024-06-17 08:30:07.150,3048,3060,BUY,2321.055,2316.83421690404,SL,0.24,12,False,-101.29879430303117,-0.010129879430303117,9908.610022673782
2024-06-20 01:15:00,2024-06-20 04:02:41.006,3297,3308,BUY,2342.005,2337.591158092792,SL,0.22,11,False,-97.10452195858215,-0.009710452195858215,9811.5055007152
2024-06-20 10:15:00,2024-06-20 10:49:11.570,3333,3335,BUY,2350.565,2362.4482930512513,TP,0.17,2,True,153.69059012951806,0.015369059012951805,9965.196090844718
2024-06-20 11:15:00,2024-06-21 09:22:45.375,3337,3421,BUY,2357.825,2357.825,SL,0.15,84,True,92.80049084369124,0.009280049084369123,10057.996581688409
2024-06-23 21:45:00,2024-06-25 08:32:20.619,3467,3602,BUY,2325.316,2325.316,SL,0.14,135,True,97.36506975178354,0.009736506975178354,10155.361651440193
2024-06-27 05:45:00,2024-06-27 08:01:40.444,3775,3784,BUY,2310.925,2318.070335976544,TP,0.28,9,True,150.5284112391877,0.01505284112391877,10305.89006267938
2024-06-27 08:30:00,2024-06-27 08:40:03.373,3786,3786,BUY,2317.995,2325.3981834085425,TP,0.28,0,True,155.96039713996507,0.015596039713996507,10461.850459819345
2024-06-27 09:00:00,2024-06-27 10:23:44.685,3788,3793,BUY,2323.095,2323.095,SL,0.23,5,True,97.4093127690926,0.009740931276909259,10559.259772588437
2024-06-27 11:00:00,2024-06-27 12:50:31.162,3796,3803,BUY,2329.232,2323.940282313219,SL,0.2,7,False,-105.8343537356177,-0.01058343537356177,10453.42541885282
2024-06-28 07:00:00,2024-06-28 08:21:00.924,3872,3877,BUY,2336.065,2332.384595668671,SL,0.28,5,False,-103.05132127721481,-0.01030513212772148,10350.374097575605
2024-07-01 07:45:00,2024-07-01 08:39:55.085,3967,3970,BUY,2336.995,2332.510379517108,SL,0.23,3,False,-103.14627110651236,-0.010314627110651236,10247.227826469092
2024-07-03 03:30:00,2024-07-03 05:35:15.435,4134,4142,BUY,2342.295,2342.295,SL,0.3,8,True,97.14729246792103,0.009714729246792104,10344.375118937012
2024-07-03 07:00:00,2024-07-03 07:21:18.991,4148,4149,BUY,2347.195,2343.67431321189,SL,0.29,1,False,-102.0999168551957,-0.01020999168551957,10242.275202081817
2024-07-03 08:45:00,2024-07-03 08:53:37.057,4155,4155,BUY,2352.915,2349.3153812104783,SL,0.29,0,False,-104.3889448961272,-0.01043889448961272,10137.88625718569
2024-07-03 09:15:00,2024-07-03 09:27:40.743,4157,4157,BUY,2352.965,2349.033315539016,SL,0.26,0,False,-102.22379598559293,-0.010222379598559293,10035.662461200096
2024-07-03 10:00:00,2024-07-03 12:54:13.700,4160,4171,BUY,2356.055,2356.055,SL,0.21,11,True,95.48705300916312,0.009548705300916312,10131.149514209259
2024-07-05 02:30:00,2024-07-05 05:33:23.135,4304,4316,BUY,2364.225,2364.225,SL,0.45,12,True,95.08281437561118,0.009508281437561118,10226.23232858487
2024-07-05 09:30:00,2024-07-05 09:41:32.292,4332,4332,BUY,2374.505,2383.024605172451,TP,0.24,0,True,155.05681413860682,0.015505681413860682,10381.289142723477
2024-07-05 15:00:00,2024-07-07 18:58:46.301,4354,4365,BUY,2391.275,2384.784423817872,SL,0.16,11,False,-103.84921891405247,-0.010384921891405247,10277.439923809425
2024-07-08 12:15:00,2024-07-08 19:06:08.153,4435,4458,SELL,2354.845,2360.540823950819,SL,0.18,23,False,-102.52483111474157,-0.010252483111474158,10174.915092694682
2024-07-10 08:15:00,2024-07-10 09:55:15.380,4603,4609,BUY,2378.165,2385.6955004015163,TP,0.27,6,True,155.1283082712356,0.015512830827123559,10330.043400965918
2024-07-10 10:15:00,2024-07-10 10:20:08.276,4611,4611,BUY,2383.785,2379.6643320466505,SL,0.25,0,False,-103.01669883373279,-0.010301669883373278,10227.026702132185
2024-07-15 10:45:00,2024-07-15 11:07:22.997,4889,4890,BUY,2423.895,2435.360909739129,TP,0.18,1,True,153.6431905043277,0.015364319050432769,10380.669892636512
2024-07-15 11:30:00,2024-07-15 12:52:42.802,4892,4897,BUY,2436.335,2429.80150422736,SL,0.16,5,False,-104.5359323622397,-0.01045359323622397,10276.133960274272
2024-07-16 06:00:00,2024-07-16 07:50:28.478,4962,4969,BUY,2442.765,2438.060377365512,SL,0.22,7,False,-103.50169795873173,-0.010350169795873172,10172.63226231554
2024-07-16 08:45:00,2024-07-16 08:52:19.553,4973,4973,BUY,2434.772,2429.933536258736,SL,0.21,0,False,-101.60773856654714,-0.010160773856654714,10071.024523748993
2024-07-16 10:00:00,2024-07-16 11:07:41.810,4978,4982,BUY,2442.955,2457.5092292110503,TP,0.14,4,True,153.3045476897276,0.015330454768972759,10224.32907143872
2024-07-16 11:30:00,2024-07-16 21:22:05.315,4984,5019,BUY,2460.345,2476.217137224468,TP,0.13,35,True,159.77951472631116,0.015977951472631115,10384.108586165032
2024-07-16 22:00:00,2024-07-16 22:39:50.667,5022,5024,BUY,2479.795,2471.421878097146,SL,0.12,2,False,-100.4774628342493,-0.010047746283424929,10283.631123330782
2024-07-23 05:00:00,2024-07-23 08:31:52.369,5418,5432,BUY,2404.295,2404.295,SL,0.21,14,True,97.04180955930528,0.009704180955930527,10380.672932890087
2024-07-25 07:15:00,2024-07-25 07:57:16.725,5611,5613,BUY,2377.095,2368.48655836417,SL,0.12,2,False,-103.3012996299585,-0.01033012996299585,10277.371633260129
2024-07-30 13:15:00,2024-07-30 23:13:40.125,5911,5946,BUY,2402.626,2413.9808596522435,TP,0.18,35,True,152.15511934006335,0.015215511934006335,10429.526752600192
2024-07-30 23:45:00,2024-07-31 14:44:08.026,5949,6008,BUY,2418.235,2431.935963694281,TP,0.15,59,True,150.710600637085,0.015071060063708501,10580.237353237277
2024-07-31 16:00:00,2024-07-31 22:45:24.438,6014,6037,BUY,2450.075,2442.419618339424,SL,0.14,23,False,-107.17534324806456,-0.010717534324806457,10473.062009989211
2024-08-08 07:00:00,2024-08-08 08:21:40.755,6530,6535,BUY,2405.385,2414.8365361652977,TP,0.22,5,True,163.19652445413703,0.016319652445413703,10636.258534443348
2024-08-08 08:45:00,2024-08-08 09:00:37.575,6537,6538,BUY,2409.662,2404.8680232137685,SL,0.22,1,False,-105.46748929708791,-0.01054674892970879,10530.791045146261
2024-08-08 10:00:00,2024-08-08 10:56:00.779,6542,6545,BUY,2414.375,2414.375,SL,0.18,3,True,95.80883217275368,0.009580883217275368,10626.599877319015
2024-08-08 12:30:00,2024-08-08 12:57:37.971,6552,6553,BUY,2423.456,2416.6871478927483,SL,0.16,1,False,-108.30163371602977,-0.010830163371602976,10518.298243602985
2024-08-08 13:45:00,2024-08-09 09:44:32.717,6557,6632,BUY,2422.162,2422.162,SL,0.15,75,True,98.19772447363721,0.009819772447363722,10616.495968076622
2024-08-12 10:15:00,2024-08-12 11:15:21.089,6727,6731,BUY,2449.035,2459.0902151451364,TP,0.21,4,True,158.87239929316007,0.015887239929316007,10775.368367369783
2024-08-12 11:45:00,2024-08-12 13:44:19.263,6733,6740,BUY,2456.312,2467.721140314678,TP,0.19,7,True,169.61588601154773,0.01696158860115477,10944.984253381332
2024-08-12 14:00:00,2024-08-12 21:12:54.477,6742,6766,BUY,2467.395,2467.395,SL,0.18,24,True,100.24455637033134,0.010024455637033134,11045.228809751663
2024-08-16 10:00:00,2024-08-16 10:04:09.527,7094,7094,BUY,2495.272,2485.4405751976847,SL,0.11,0,False,-108.14567282546797,-0.010814567282546797,10937.083136926194
2024-08-16 12:30:00,2024-08-20 04:04:13.442,7104,7254,BUY,2495.495,2517.5732734132444,TP,0.1,150,True,169.26676283487313,0.016926676283487315,11106.349899761068
2024-08-20 05:30:00,2024-08-20 11:02:09.124,7260,7282,BUY,2524.915,2518.382339011821,SL,0.17,22,False,-111.05523679904354,-0.011105523679904354,10995.294662962024
2024-08-23 05:15:00,2024-08-23 09:47:46.839,7535,7553,BUY,2499.602,2494.78450175689,SL,0.23,18,False,-110.80245959152171,-0.011080245959152172,10884.492203370502
2024-08-27 14:45:00,2024-08-27 21:48:34.393,7757,7781,BUY,2524.515,2518.5724199214756,SL,0.18,24,False,-106.96644141343768,-0.010696644141343768,10777.525761957066
2024-08-28 08:30:00,2024-08-28 08:56:14.764,7824,7825,SELL,2496.055,2500.5224322227473,SL,0.24,1,False,-107.21837334593873,-0.010721837334593873,10670.307388611127
2024-08-29 02:45:00,2024-08-29 08:30:38.432,7893,7916,BUY,2517.695,2512.398563118568,SL,0.2,23,False,-105.92873762864656,-0.010592873762864656,10564.37865098248
2024-09-05 02:30:00,2024-09-05 04:27:49.864,8342,8349,BUY,2506.635,2515.5669217273635,TP,0.24,7,True,162.56097543801644,0.016256097543801643,10726.939626420497
2024-09-05 04:45:00,2024-09-05 09:04:26.499,8351,8368,BUY,2515.426,2515.426,SL,0.24,17,True,101.43448037786473,0.010143448037786473,10828.374106798361
2024-09-11 02:30:00,2024-09-11 06:17:14.815,8710,8725,BUY,2525.135,2520.5489885231295,SL,0.24,15,False,-110.06427544489634,-0.011006427544489633,10718.309831353465
2024-09-12 09:30:00,2024-09-12 10:46:41.274,8830,8835,BUY,2539.802,2553.301372046747,TP,0.16,5,True,168.29217151610945,0.016829217151610947,10886.602002869573
2024-09-12 11:15:00,2024-09-12 21:09:57.772,8837,8872,BUY,2550.735,2566.8795782276848,TP,0.13,35,True,162.52208749202669,0.01625220874920267,11049.1240903616
2024-09-13 09:15:00,2024-09-15 23:06:25.765,8921,8972,BUY,2576.832,2587.4723523012194,TP,0.21,51,True,168.11756635926866,0.016811756635926867,11217.24165672087
2024-09-17 02:45:00,2024-09-17 04:04:26.984,9079,9084,BUY,2585.975,2582.3712456570297,SL,0.31,5,False,-111.71638463207636,-0.011171638463207635,11105.525272088793
2024-09-19 08:30:00,2024-09-19 08:35:57.288,9286,9286,BUY,2589.835,2582.227387948649,SL,0.15,0,False,-114.11418077026838,-0.011411418077026838,10991.411091318525
2024-09-19 12:15:00,2024-09-20 03:07:31.023,9301,9356,BUY,2589.995,2607.6204797090336,TP,0.12,55,True,169.20460520672475,0.016920460520672476,11160.61569652525
2024-09-20 03:30:00,2024-09-20 05:56:31.831,9358,9367,BUY,2607.185,2602.5314442672643,SL,0.24,9,False,-111.68533758565535,-0.011168533758565535,11048.930358939595
2024-09-20 07:00:00,2024-09-20 09:30:07.888,9372,9382,BUY,2613.515,2608.8911014125138,SL,0.24,10,False,-110.97356609966664,-0.011097356609966665,10937.956792839928
2024-09-20 11:00:00,2024-09-22 22:57:43.928,9388,9431,BUY,2614.326,2626.1505768509755,TP,0.19,43,True,175.79204251783602,0.017579204251783602,11113.748835357765
2024-09-23 10:45:00,2024-09-23 11:03:45.734,9479,9480,BUY,2632.645,2627.8216134925697,SL,0.23,1,False,-110.93788967089722,-0.011093788967089723,11002.810945686868
2024-09-24 00:00:00,2024-09-24 01:46:27.649,9528,9535,BUY,2634.326,2629.704036368424,SL,0.24,7,False,-110.9271271578218,-0.01109271271578218,10891.883818529046
2024-09-24 11:15:00,2024-09-24 15:28:41.757,9573,9589,BUY,2646.532,2661.029717929487,TP,0.15,16,True,159.47489722435807,0.015947489722435808,11051.358715753404
2024-09-24 16:00:00,2024-09-25 01:51:20.225,9592,9627,BUY,2662.925,2654.49553889309,SL,0.13,35,False,-109.58299438983477,-0.010958299438983478,10941.775721363569
2024-09-26 04:45:00,2024-09-26 07:18:01.126,9731,9741,BUY,2669.295,2679.8905110274204,TP,0.21,10,True,167.40907423324364,0.016740907423324364,11109.184795596811
2024-09-26 08:00:00,2024-09-26 08:11:07.087,9744,9744,BUY,2683.065,2677.5708231716694,SL,0.2,0,False,-109.88353656661276,-0.010988353656661277,10999.301259030199
2024-10-01 06:30:00,2024-10-01 09:07:03.973,10014,10024,BUY,2649.335,2649.335,SL,0.25,10,True,100.89743639735842,0.010089743639735842,11100.198695427556
2024-10-01 10:00:00,2024-10-01 10:00:03.158,10028,10028,BUY,2669.095,2663.410073312688,SL,0.2,0,False,-113.69853374623744,-0.011369853374623744,10986.500161681319
2024-10-01 13:00:00,2024-10-01 14:10:51.902,10040,10044,BUY,2666.766,2659.57871740071,SL,0.15,4,False,-107.80923898935042,-0.010780923898935042,10878.690922691969
2024-10-04 01:45:00,2024-10-04 02:50:04.900,10271,10275,BUY,2667.455,2662.3679768461166,SL,0.21,4,False,-106.82748623155067,-0.010682748623155066,10771.863436460419
2024-10-11 08:30:00,2024-10-11 08:41:33.360,10755,10755,BUY,2646.555,2641.9269295685676,SL,0.23,0,False,-106.44561992294075,-0.010644561992294075,10665.417816537478
2024-10-11 09:30:00,2024-10-11 11:15:23.914,10759,10766,BUY,2647.236,2657.3718110308196,TP,0.21,7,True,160.14581428695342,0.016014581428695343,10825.563630824432
2024-10-11 11:45:00,2024-10-13 18:00:44.508,10768,10789,BUY,2658.815,2653.4678142054277,SL,0.2,21,False,-106.94371589144794,-0.010694371589144793,10718.619914932984
2024-10-15 12:30:00,2024-10-15 13:03:44.723,10955,10957,BUY,2666.002,2659.7115975157803,SL,0.17,2,False,-106.93684223173341,-0.010693684223173341,10611.683072701251
2024-10-16 02:45:00,2024-10-16 06:21:01.548,11008,11022,BUY,2675.602,2675.602,SL,0.23,14,True,98.03175735134447,0.009803175735134447,10709.714830052595
2024-10-16 08:00:00,2024-10-16 09:50:03.962,11029,11036,BUY,2678.615,2678.615,SL,0.26,7,True,101.41947254457217,0.010141947254457218,10811.134302597167
2024-10-17 10:30:00,2024-10-17 12:31:32.071,11131,11139,BUY,2690.016,2684.5685606030056,SL,0.2,8,False,-108.94878793988939,-0.010894878793988939,10702.185514657278
2024-10-17 21:45:00,2024-10-18 02:24:49.550,11172,11190,BUY,2704.965,2704.965,SL,0.19,18,True,99.43893149506842,0.009943893149506841,10801.624446152346
2024-10-18 05:30:00,2024-10-18 09:06:23.826,11203,11217,BUY,2712.355,2707.3916603309704,SL,0.22,14,False,-109.19347271865263,-0.010919347271865262,10692.430973433693
2024-10-18 10:30:00,2024-10-20 22:28:59.961,11223,11266,BUY,2717.265,2729.6785238529565,TP,0.17,43,True,160.54824183157365,0.016054824183157367,10852.979215265266
2024-10-21 05:45:00,2024-10-21 06:13:14.166,11296,11297,BUY,2736.415,2731.3402041501654,SL,0.21,1,False,-106.57071284652602,-0.010657071284652602,10746.40850241874
2024-10-22 07:00:00,2024-10-22 07:20:12.423,11393,11394,BUY,2739.206,2734.663980384096,SL,0.24,1,False,-109.00847078170408,-0.010900847078170408,10637.400031637037
2024-10-22 11:15:00,2024-10-22 11:42:53.351,11410,11411,BUY,2744.082,2738.792689109331,SL,0.2,1,False,-105.7862178133746,-0.01057862178133746,10531.613813823662
2024-10-22 13:15:00,2024-10-22 21:36:06.170,11418,11447,BUY,2746.682,2741.169602257653,SL,0.19,29,False,-104.73555710458959,-0.010473555710458958,10426.878256719072
2024-10-23 00:30:00,2024-10-23 07:00:53.948,11459,11485,BUY,2749.415,2749.415,SL,0.22,26,True,97.26038380381078,0.009726038380381078,10524.138640522882
2024-10-23 19:30:00,2024-10-24 03:15:06.772,11531,11562,BUY,2719.735,2736.797715402954,TP,0.12,31,True,163.80206786835768,0.016380206786835768,10687.94070839124
2024-10-24 09:00:00,2024-10-24 09:50:23.715,11585,11588,BUY,2739.295,2734.4678126941467,SL,0.22,3,False,-106.19812072877448,-0.010619812072877448,10581.742587662466
2024-10-25 08:00:00,2024-10-25 10:10:08.058,11673,11681,BUY,2724.472,2734.6861153649515,TP,0.21,8,True,161.38302276623338,0.01613830227662334,10743.125610428699
2024-10-28 21:45:00,2024-10-28 22:30:13.191,11820,11823,BUY,2753.805,2748.5507585152313,SL,0.2,3,False,-105.08482969536999,-0.010508482969536999,10638.040780733329
2024-10-29 09:30:00,2024-10-29 10:25:36.585,11867,11870,BUY,2768.826,2761.6487041487335,SL,0.15,3,False,-107.65943776899802,-0.010765943776899801,10530.38134296433
2024-10-30 01:30:00,2024-10-30 02:51:54.306,11927,11932,BUY,2786.575,2780.6360693145643,SL,0.18,5,False,-106.90075233783864,-0.010690075233783864,10423.480590626492
2024-10-31 09:15:00,2024-10-31 09:46:58.818,12050,12052,SELL,2752.525,2740.182911509237,TP,0.17,2,True,159.6243444805394,0.015962434448053942,10583.10493510703
2024-10-31 10:15:00,2024-10-31 11:00:48.814,12054,12057,SELL,2734.485,2741.916971627623,SL,0.14,3,False,-104.04760278671803,-0.010404760278671803,10479.057332320312
2024-10-31 14:30:00,2024-11-01 09:25:41.231,12071,12142,BUY,2748.512,2748.512,SL,0.13,71,True,100.27093022359404,0.010027093022359403,10579.328262543906
2024-11-06 09:00:00,2024-11-07 08:23:23.151,12413,12502,SELL,2664.045,2681.011117041641,SL,0.06,89,False,-101.7967022498442,-0.01017967022498442,10477.531560294061
2024-11-07 09:45:00,2024-11-07 15:15:48.131,12508,12530,BUY,2691.045,2707.3558027119375,TP,0.13,22,True,164.1954139668366,0.01641954139668366,10641.726974260897
2024-11-07 15:45:00,2024-11-07 21:04:11.828,12532,12549,BUY,2703.865,2695.0514366710245,SL,0.12,17,False,-105.76275994770367,-0.010576275994770366,10535.964214313193
2024-11-11 09:15:00,2024-11-11 10:37:47.808,12690,12695,SELL,2632.505,2615.9448298624293,TP,0.13,5,True,166.70571271821018,0.01667057127182102,10702.669927031404
2024-11-11 11:15:00,2024-11-11 15:34:34.065,12698,12715,SELL,2614.995,2623.8907466901237,SL,0.12,17,False,-106.74896028148578,-0.010674896028148579,10595.920966749918
2024-11-11 16:00:00,2024-11-12 00:23:22.998,12717,12746,BUY,2622.285,2613.1000697650593,SL,0.12,29,False,-110.2191628192868,-0.01102191628192868,10485.701803930631
2024-11-12 07:30:00,2024-11-12 10:29:23.250,12775,12786,BUY,2602.945,2602.945,SL,0.14,11,True,99.45504036557242,0.00994550403655724,10585.156844296203
2024-11-14 07:45:00,2024-11-14 10:25:16.731,12960,12970,BUY,2553.925,2570.7507410314965,TP,0.13,10,True,169.3791263837328,0.01693791263837328,10754.535970679935
2024-11-17 20:45:00,2024-11-18 01:04:10.365,13100,13117,BUY,2591.365,2582.026009766457,SL,0.12,17,False,-112.06788280251567,-0.011206788280251567,10642.46808787742
2024-11-18 05:00:00,2024-11-18 10:57:16.970,13133,13156,BUY,2595.975,2612.3365401895503,TP,0.13,23,True,164.7061712414726,0.01647061712414726,10807.174259118892
2024-11-18 11:15:00,2024-11-19 04:19:55.245,13158,13222,BUY,2613.325,2628.9717832760475,TP,0.14,64,True,164.8127838410328,0.01648127838410328,10971.987042959925
2024-11-19 04:45:00,2024-11-19 08:22:02.669,13224,13238,BUY,2631.265,2631.265,SL,0.2,14,True,104.27761539425045,0.010427761539425045,11076.264658354175
2024-11-20 20:00:00,2024-11-20 20:57:19.995,13373,13376,BUY,2658.775,2652.811197135862,SL,0.19,3,False,-113.31225441862125,-0.011331225441862125,10962.952403935555
2024-11-21 04:00:00,2024-11-21 04:38:05.734,13405,13407,BUY,2669.105,2664.2600386814825,SL,0.23,2,False,-111.43411032590393,-0.011143411032590393,10851.51829360965
2024-11-21 06:30:00,2024-11-21 07:03:23.261,13415,13417,BUY,2673.385,2669.0271952877133,SL,0.25,2,False,-108.94511780717266,-0.010894511780717266,10742.573175802478
2024-11-21 13:15:00,2024-11-21 21:35:45.446,13442,13471,BUY,2671.415,2682.484362286402,TP,0.19,29,True,164.56451932450798,0.016456451932450798,10907.137695126985
2024-11-21 22:00:00,2024-11-22 02:50:45.223,13473,13492,BUY,2686.382,2697.9405780531056,TP,0.19,19,True,171.83752705617076,0.017183752705617075,11078.975222183155
2024-11-22 03:15:00,2024-11-22 06:00:49.702,13494,13505,BUY,2697.465,2708.599974899119,TP,0.2,11,True,170.73628178648596,0.017073628178648596,11249.71150396964
2024-11-22 11:00:00,2024-11-24 18:00:14.424,13525,13549,BUY,2703.945,2694.5762135584937,SL,0.12,24,False,-112.42543729807765,-0.011242543729807765,11137.286066671562
2024-11-25 06:30:00,2024-11-25 09:08:08.734,13599,13609,BUY,2683.705,2670.774936337342,SL,0.09,10,False,-116.37057296392277,-0.011637057296392276,11020.91549370764
2024-11-25 10:00:00,2024-11-25 18:43:02.384,13613,13643,SELL,2641.195,2609.4664696516634,TP,0.07,30,True,167.10359316790712,0.016710359316790713,11188.019086875547
2024-11-27 02:15:00,2024-11-27 10:01:27.372,13766,13797,BUY,2647.492,2647.492,SL,0.17,31,True,105.34678278552505,0.010534678278552504,11293.365869661073
2024-11-28 21:45:00,2024-11-29 10:02:55.658,13922,13971,BUY,2657.655,2650.5135273199535,SL,0.16,49,False,-114.26356288074749,-0.011426356288074748,11179.102306780325
2024-12-02 03:00:00,2024-12-02 09:13:01.209,14026,14050,BUY,2630.155,2649.547958209693,TP,0.12,24,True,186.17239881305284,0.018617239881305283,11365.274705593378
2024-12-05 22:30:00,2024-12-06 09:10:05.913,14376,14418,BUY,2636.822,2626.8613173664858,SL,0.11,42,False,-109.56750896865788,-0.010956750896865788,11255.70719662472
2024-12-09 09:45:00,2024-12-09 12:47:32.757,14513,14525,BUY,2672.845,2663.9417375361695,SL,0.13,12,False,-115.74241202979374,-0.011574241202979374,11139.964784594926
2024-12-10 07:30:00,2024-12-10 08:19:07.341,14596,14599,BUY,2677.965,2672.2722484919113,SL,0.2,3,False,-113.8550301617761,-0.01138550301617761,11026.10975443315
2024-12-10 09:15:00,2024-12-10 12:54:00.317,14603,14617,BUY,2682.545,2695.042266590928,TP,0.18,14,True,167.46337231843492,0.016746337231843492,11193.573126751584
2024-12-10 20:00:00,2024-12-10 22:44:31.456,14642,14652,BUY,2701.302,2695.352072984849,SL,0.19,10,False,-113.04861328786775,-0.011304861328786775,11080.524513463715
2024-12-12 10:00:00,2024-12-12 12:58:01.240,14790,14801,SELL,2686.294,2686.294,SL,0.14,11,True,105.98555008271705,0.010598555008271705,11186.510063546433
2024-12-12 20:30:00,2024-12-13 03:49:38.375,14828,14857,BUY,2689.005,2679.9551777465995,SL,0.12,29,False,-108.5978670408076,-0.01085978670408076,11077.912196505626
2024-12-18 20:45:00,2024-12-19 08:15:08.764,15197,15243,BUY,2614.546,2601.8920987979623,SL,0.09,46,False,-113.88511081833803,-0.011388511081833804,10964.027085687288
2024-12-20 10:30:00,2024-12-22 19:39:52.328,15344,15376,BUY,2624.855,2618.212690078648,SL,0.17,32,False,-112.91926866298536,-0.011291926866298535,10851.107817024304
2024-12-23 18:45:00,2024-12-24 09:54:51.903,15465,15525,BUY,2615.252,2610.6238311733264,SL,0.23,60,False,-106.44788301349217,-0.010644788301349217,10744.659934010811
2024-12-26 10:30:00,2024-12-26 12:02:44.226,15607,15613,BUY,2635.565,2631.172514386289,SL,0.24,6,False,-105.41965472906303,-0.010541965472906303,10639.240279281748
2024-12-29 18:15:00,2024-12-30 02:01:29.977,15726,15757,BUY,2623.275,2618.0992133507825,SL,0.21,31,False,-108.69151963356897,-0.010869151963356896,10530.54875964818
2024-12-31 04:15:00,2024-12-31 07:08:09.883,15858,15869,BUY,2614.095,2609.4639138696252,SL,0.23,11,False,-106.51498099861512,-0.010651498099861512,10424.033778649564
2024-12-31 11:15:00,2025-01-02 03:07:18.449,15886,15945,BUY,2625.435,2636.6811074606903,TP,0.19,59,True,167.19213091560104,0.016719213091560103,10591.225909565164
2025-01-02 05:45:00,2025-01-02 08:13:07.735,15956,15965,BUY,2644.285,2639.6050096130257,SL,0.23,9,False,-107.63977890040589,-0.010763977890040589,10483.586130664758
2025-01-02 09:30:00,2025-01-02 11:24:40.640,15971,15978,BUY,2646.655,2657.53045358446,TP,0.19,7,True,161.68174328896592,0.01616817432889659,10645.267873953726
2025-01-02 11:45:00,2025-01-03 00:50:50.440,15980,16028,BUY,2657.645,2657.645,SL,0.2,48,True,99.96859795652107,0.009996859795652107,10745.236471910246
2025-01-07 09:00:00,2025-01-07 09:17:13.678,16245,16246,BUY,2662.865,2657.0957270567733,SL,0.19,1,False,-109.61618592130344,-0.010961618592130344,10635.620285988942
2025-01-07 09:45:00,2025-01-07 10:00:00.180,16248,16249,BUY,2661.802,2655.8627548432464,SL,0.18,1,False,-106.90641282156683,-0.010690641282156682,10528.713873167375
2025-01-08 09:15:00,2025-01-08 12:29:39.313,16338,16350,BUY,2662.615,2662.615,SL,0.27,12,True,99.3820987141557,0.00993820987141557,10628.09597188153
2025-01-09 09:00:00,2025-01-09 09:27:24.071,16429,16430,BUY,2672.825,2668.4653580010076,SL,0.24,1,False,-104.63140797581218,-0.010463140797581217,10523.464563905718
2025-01-10 09:45:00,2025-01-10 10:32:50.858,16524,16527,BUY,2686.186,2695.9672566715076,TP,0.22,3,True,168.88969852802842,0.016888969852802842,10692.354262433746
2025-01-10 12:15:00,2025-01-10 13:18:01.664,16534,16538,BUY,2696.566,2690.6256672034697,SL,0.18,4,False,-106.92599033754232,-0.01069259903375423,10585.428272096204
2025-01-13 18:30:00,2025-01-14 04:39:27.560,16647,16687,BUY,2666.202,2666.202,SL,0.17,40,True,96.29970398769797,0.009629970398769797,10681.727976083901
2025-01-15 01:15:00,2025-01-15 08:30:24.776,16766,16795,BUY,2681.811,2690.0878593322127,TP,0.26,29,True,166.64076788854055,0.016664076788854055,10848.368743972442
2025-01-15 12:30:00,2025-01-16 01:13:06.144,16811,16857,BUY,2691.185,2691.185,SL,0.17,46,True,100.74171756475843,0.010074171756475844,10949.1104615372
2025-01-16 03:30:00,2025-01-16 06:34:36.672,16867,16879,BUY,2701.615,2710.679351085303,TP,0.24,12,True,164.9711897525229,0.01649711897525229,11114.081651289724
2025-01-16 09:00:00,2025-01-16 13:44:05.189,16889,16907,BUY,2715.695,2715.695,SL,0.21,18,True,101.53009536497537,0.010153009536497537,11215.611746654698
2025-01-20 21:30:00,2025-01-21 03:44:21.205,17109,17133,BUY,2721.905,2721.905,SL,0.2,24,True,106.25695209829608,0.010625695209829608,11321.868698752995
2025-01-21 10:00:00,2025-01-21 22:37:53.527,17159,17205,BUY,2738.435,2750.1913257900164,TP,0.19,46,True,174.7773767449118,0.017477737674491182,11496.646075497907
2025-01-21 23:45:00,2025-01-22 01:09:51.408,17210,17215,BUY,2752.605,2752.605,SL,0.28,5,True,106.34170683369557,0.010634170683369557,11602.987782331602
2025-01-22 04:30:00,2025-01-22 06:19:51.348,17229,17236,BUY,2762.145,2757.073223829523,SL,0.23,7,False,-116.65085192096696,-0.011665085192096697,11486.336930410635
2025-01-23 22:00:00,2025-01-24 09:27:36.400,17387,17432,BUY,2774.655,2774.655,SL,0.17,45,True,108.9267655844288,0.01089267655844288,11595.263695995063
2025-01-24 10:45:00,2025-01-24 10:56:36.669,17438,17438,BUY,2782.165,2775.981820184788,SL,0.19,0,False,-117.48041648902881,-0.011748041648902882,11477.783279506035
2025-01-28 11:30:00,2025-01-28 20:03:01.660,17625,17655,BUY,2757.655,2765.46573973311,TP,0.29,30,True,176.00200198606314,0.017600200198606312,11653.785281492099
2025-01-30 03:45:00,2025-01-30 08:02:21.076,17778,17795,BUY,2772.285,2781.9807565143383,TP,0.24,17,True,176.46276856095682,0.017646276856095683,11830.248050053056
2025-01-30 08:30:00,2025-01-30 10:50:38.394,17797,17806,BUY,2782.375,2793.817000000001,TP,0.21,9,True,180.78360000001447,0.01807836000000145,12011.031650053072
2025-01-30 11:15:00,2025-01-30 12:00:29.337,17808,17811,BUY,2794.345,2789.892131818455,SL,0.27,3,False,-120.227440901715,-0.0120227440901715,11890.804209151356
2025-01-30 13:00:00,2025-01-30 14:23:33.005,17815,17820,BUY,2795.982,2791.235426844961,SL,0.25,5,False,-118.66432887597966,-0.011866432887597967,11772.139880275376
2025-01-30 19:30:00,2025-01-31 01:52:47.760,17837,17862,BUY,2798.105,2793.1140712750985,SL,0.24,25,False,-119.78228939763721,-0.011978228939763722,11652.357590877738
2025-01-31 07:45:00,2025-01-31 08:30:05.391,17886,17889,BUY,2807.685,2803.2959965092896,SL,0.27,3,False,-118.50309424917988,-0.011850309424917988,11533.854496628559
2025-01-31 10:15:00,2025-01-31 10:19:34.624,17896,17896,BUY,2815.675,2811.2406081371582,SL,0.26,0,False,-115.29418843389068,-0.011529418843389068,11418.560308194668
2025-01-31 10:45:00,2025-01-31 11:16:51.844,17898,17900,BUY,2811.685,2806.674681414979,SL,0.23,2,False,-115.23732745547706,-0.011523732745547705,11303.32298073919
2025-02-03 10:00:00,2025-02-03 10:18:52.565,17987,17988,BUY,2830.06,2822.8789883723302,SL,0.16,1,False,-114.89618604271527,-0.011489618604271527,11188.426794696476
2025-02-04 10:00:00,2025-02-04 23:13:24.337,18079,18127,BUY,2840.222,2856.288112736863,TP,0.14,48,True,169.22972082828585,0.016922972082828586,11357.65651552476
2025-02-05 03:15:00,2025-02-05 06:11:15.383,18144,18155,BUY,2865.325,2865.325,SL,0.18,11,True,108.35636719693467,0.010835636719693467,11466.012882721696
2025-02-05 10:30:00,2025-02-05 11:07:37.380,18173,18175,BUY,2877.045,2869.5844962936276,SL,0.15,2,False,-111.90755559558738,-0.011190755559558738,11354.105327126108
2025-02-05 12:15:00,2025-02-05 13:15:50.083,18180,18184,BUY,2875.425,2866.887412735016,SL,0.13,4,False,-110.98863444479548,-0.011098863444479547,11243.116692681313
2025-02-07 10:00:00,2025-02-07 11:01:24.303,18355,18359,BUY,2876.472,2876.472,SL,0.19,4,True,103.81147526974695,0.010381147526974695,11346.92816795106
2025-02-10 04:00:00,2025-02-10 08:19:22.674,18423,18440,BUY,2896.925,2907.6817330640947,TP,0.21,17,True,169.9563824126914,0.01699563824126914,11516.884550363753
2025-02-10 10:15:00,2025-02-10 10:50:00.441,18448,18450,BUY,2910.255,2904.7717439318926,SL,0.21,2,False,-115.14837743025737,-0.011514837743025736,11401.736172933495
2025-02-10 12:15:00,2025-02-10 13:24:25.143,18456,18460,SELL,2901.055,2906.5369983253904,SL,0.21,4,False,-115.12196483320211,-0.01151219648332021,11286.614208100293
2025-02-10 20:15:00,2025-02-10 21:35:03.704,18484,18489,BUY,2930.865,2930.865,SL,0.17,5,True,106.66332378578475,0.010666332378578475,11393.277531886077
2025-02-13 00:45:00,2025-02-13 03:14:51.891,18686,18695,BUY,2921.245,2910.3975964726174,SL,0.11,9,False,-119.32143880120793,-0.011932143880120793,11273.95609308487
2025-02-16 21:00:00,2025-02-18 09:31:16.065,18855,18987,BUY,2896.105,2924.2015101686984,TP,0.08,132,True,161.0866583005374,0.016108665830053742,11435.042751385408
2025-02-18 10:00:00,2025-02-18 20:00:09.157,18989,19025,BUY,2928.215,2928.215,SL,0.18,36,True,107.6968615716074,0.01076968615716074,11542.739612957015
2025-02-18 21:15:00,2025-02-18 21:44:02.262,19030,19031,BUY,2937.185,2931.948690072279,SL,0.22,1,False,-115.19881840985909,-0.011519881840985909,11427.540794547156
2025-02-27 13:30:00,2025-02-27 15:17:06.900,19647,19654,BUY,2884.115,2874.137013091186,SL,0.11,7,False,-109.757855996952,-0.0109757855996952,11317.782938550205
2025-03-03 16:45:00,2025-03-03 20:08:46.674,19844,19853,BUY,2894.385,2885.813912500166,SL,0.13,9,False,-111.42413749784193,-0.011142413749784193,11206.358801052362
2025-03-04 04:45:00,2025-03-04 09:38:05.411,19888,19907,BUY,2919.952,2910.583510488478,SL,0.12,19,False,-112.42187413826468,-0.011242187413826469,11093.936926914097
2025-03-11 07:00:00,2025-03-11 08:05:54.152,20361,20365,BUY,2914.005,2908.8124280602533,SL,0.21,4,False,-109.04401073468306,-0.010904401073468305,10984.892916179415
2025-03-11 09:00:00,2025-03-11 09:41:05.065,20369,20371,BUY,2918.832,2912.207982142251,SL,0.17,2,False,-112.60830358173462,-0.011260830358173463,10872.28461259768
2025-03-12 11:30:00,2025-03-13 09:06:26.644,20471,20553,BUY,2938.101,2953.157867303458,TP,0.14,82,True,158.59900226308474,0.015859900226308475,11030.883614860764
2025-03-13 10:00:00,2025-03-13 11:43:39.811,20557,20563,BUY,2970.251,2984.9155544722125,TP,0.15,6,True,161.3100991943356,0.016131009919433562,11192.1937140551
2025-03-13 12:00:00,2025-03-14 04:18:36.903,20565,20626,BUY,2980.465,2995.970098806478,TP,0.14,61,True,163.32037409489686,0.016332037409489686,11355.514088149997
2025-03-14 05:30:00,2025-03-14 05:36:31.320,20631,20631,BUY,3002.935,2996.5991379781426,SL,0.18,0,False,-114.04551639343208,-0.011404551639343207,11241.468571756566
2025-03-14 06:30:00,2025-03-14 08:34:15.317,20635,20643,BUY,2997.122,2988.9301628429266,SL,0.14,8,False,-114.68572019902514,-0.011468572019902513,11126.78285155754
2025-03-17 22:30:00,2025-03-18 00:23:47.018,20787,20794,BUY,3013.115,3007.6261450842667,SL,0.2,7,False,-109.777098314662,-0.0109777098314662,11017.005753242878
2025-03-18 02:30:00,2025-03-18 03:43:42.143,20803,20807,BUY,3017.061,3027.092197682041,TP,0.22,4,True,173.20534664323986,0.017320534664323987,11190.211099886117
2025-03-18 04:00:00,2025-03-18 04:31:37.829,20809,20811,BUY,3026.871,3021.489052636876,SL,0.21,2,False,-113.02089462560933,-0.011302089462560934,11077.190205260507
2025-03-18 07:30:00,2025-03-18 08:39:42.725,20823,20827,BUY,3029.225,3029.225,SL,0.19,4,True,105.94379467309108,0.010594379467309107,11183.133999933598
2025-03-18 09:15:00,2025-03-19 00:35:50.494,20830,20887,BUY,3026.225,3040.496765805571,TP,0.16,57,True,177.92134704278823,0.017792134704278824,11361.055346976387
2025-03-25 09:00:00,2025-03-25 10:11:45.389,21289,21293,BUY,3029.535,3024.0886146394755,SL,0.21,4,False,-114.37409257101126,-0.011437409257101126,11246.681254405376
2025-03-27 03:15:00,2025-03-27 05:15:54.729,21450,21458,BUY,3037.785,3046.840126844696,TP,0.25,8,True,169.02903443433047,0.016902903443433048,11415.710288839706
2025-03-27 05:45:00,2025-03-27 07:37:56.973,21460,21467,BUY,3052.805,3047.1694999640886,SL,0.2,7,False,-112.71000071822527,-0.011271000071822527,11303.00028812148
2025-03-27 10:00:00,2025-03-27 11:00:14.672,21477,21481,BUY,3058.142,3050.6759478878494,SL,0.15,4,False,-111.99078168225695,-0.011199078168225695,11191.009506439224
2025-03-27 21:00:00,2025-03-28 03:11:54.689,21517,21541,BUY,3074.265,3074.265,SL,0.15,24,True,104.81394487761804,0.010481394487761805,11295.823451316843
2025-03-30 22:30:00,2025-03-31 01:53:46.847,21607,21620,BUY,3099.095,3115.954830650352,TP,0.13,13,True,169.7222952135446,0.01697222952135446,11465.545746530388
2025-03-31 02:15:00,2025-03-31 02:33:30.174,21622,21623,BUY,3125.205,3116.643779971544,SL,0.13,1,False,-111.29586036992623,-0.011129586036992623,11354.249886160462
2025-03-31 03:30:00,2025-03-31 05:47:47.646,21627,21636,BUY,3122.382,3113.5308074959908,SL,0.13,9,False,-115.06550255212096,-0.011506550255212095,11239.18438360834
2025-03-31 08:45:00,2025-03-31 09:05:01.685,21648,21649,BUY,3124.655,3116.166551316832,SL,0.13,1,False,-110.34983288118883,-0.011034983288118883,11128.834550727152
2025-04-02 05:00:00,2025-04-02 06:39:57.618,21817,21823,BUY,3131.652,3123.6331609520153,SL,0.14,6,False,-112.26374667178698,-0.011226374667178697,11016.570804055365
2025-04-02 19:30:00,2025-04-02 20:18:17.518,21871,21874,BUY,3160.085,3147.944743965072,SL,0.09,3,False,-109.26230431435124,-0.010926230431435124,10907.308499741015
2025-04-09 03:30:00,2025-04-09 08:02:30.587,22271,22289,BUY,3043.525,3072.3610923903566,TP,0.08,18,True,165.3269297047089,0.01653269297047089,11072.635429445723
2025-04-09 09:45:00,2025-04-09 13:24:40.044,22296,22310,BUY,3073.145,3073.145,SL,0.07,14,True,104.75000867867963,0.010475000867867963,11177.385438124404
2025-04-09 15:30:00,2025-04-10 10:06:15.048,22319,22389,BUY,3091.845,3137.654405337854,TP,0.05,70,True,152.6980177928474,0.015269801779284739,11330.08345591725
2025-04-10 11:15:00,2025-04-10 20:24:02.928,22394,22426,BUY,3159.695,3197.6336795598454,TP,0.06,32,True,182.10566188725716,0.018210566188725717,11512.189117804508
2025-04-10 21:30:00,2025-04-11 01:44:43.413,22431,22447,BUY,3211.165,3191.4214204062796,SL,0.06,16,False,-118.46147756232222,-0.011846147756232222,11393.727640242185
2025-04-11 06:30:00,2025-04-14 06:23:41.527,22467,22558,BUY,3228.455,3207.2639311814155,SL,0.05,91,False,-105.95534409292213,-0.010595534409292213,11287.772296149262
2025-04-15 20:15:00,2025-04-15 21:06:26.767,22702,22705,BUY,3256.435,3274.594713595798,TP,0.12,3,True,174.33325051966239,0.01743332505196624,11462.105546668925
2025-04-15 21:30:00,2025-04-15 21:32:46.699,22707,22707,BUY,3265.185,3255.8134156891756,SL,0.12,0,False,-112.45901172989214,-0.011245901172989214,11349.646534939033
2025-04-15 22:00:00,2025-04-16 00:29:45.239,22709,22718,BUY,3270.725,3270.725,SL,0.12,9,True,104.9219863944423,0.01049219863944423,11454.568521333475
2025-04-16 01:00:00,2025-04-16 04:03:19.551,22721,22733,BUY,3283.955,3304.830742163603,TP,0.11,12,True,169.78936959730652,0.016978936959730653,11624.35789093078
2025-04-16 04:30:00,2025-04-16 04:31:40.582,22735,22735,BUY,3300.165,3289.8668815731635,SL,0.11,0,False,-113.2793026952013,-0.01132793026952013,11511.078588235578
2025-04-16 12:15:00,2025-04-16 21:51:23.912,22766,22800,BUY,3326.645,3326.645,SL,0.07,34,True,101.37718600554703,0.010137718600554704,11612.455774241125
2025-04-20 21:30:00,2025-04-21 07:57:48.734,22891,22932,BUY,3371.545,3405.6546025289517,TP,0.07,41,True,179.643906652478,0.017964390665247798,11792.099680893603
2025-04-21 09:15:00,2025-04-21 09:34:04.539,22938,22939,BUY,3421.015,3407.6235167590094,SL,0.09,1,False,-120.52334916891458,-0.012052334916891458,11671.57633172469
2025-04-21 10:15:00,2025-04-21 10:46:15.315,22942,22944,BUY,3426.855,3413.922440167976,SL,0.09,2,False,-116.39303848821419,-0.01163930384882142,11555.183293236474
2025-04-21 19:45:00,2025-04-21 20:01:15.574,22976,22977,BUY,3442.235,3428.328594683904,SL,0.08,1,False,-111.25124252876776,-0.011125124252876777,11443.932050707706
2025-04-21 22:00:00,2025-04-21 23:28:01.090,22985,22990,BUY,3453.435,3488.2615887379447,TP,0.07,5,True,183.4200340198419,0.018342003401984188,11627.352084727549
2025-04-21 23:45:00,2025-04-22 03:05:31.748,22992,23005,BUY,3490.975,3472.3371442620232,SL,0.06,13,False,-111.82713442786007,-0.011182713442786008,11515.524950299688
2025-04-22 21:15:00,2025-04-22 23:11:44.668,23074,23081,BUY,3372.235,3340.1145953723867,SL,0.04,7,False,-128.4816185104537,-0.01284816185104537,11387.043331789235
2025-04-25 14:00:00,2025-04-27 18:00:18.373,23325,23337,BUY,3293.645,3326.588997842363,TP,0.07,12,True,173.5050553031107,0.01735050553031107,11560.548387092345
2025-05-05 05:15:00,2025-05-05 06:04:38.787,23842,23845,BUY,3290.295,3314.64218414293,TP,0.09,3,True,175.2997258290971,0.01752997258290971,11735.848112921441
2025-05-05 06:30:00,2025-05-05 21:01:26.011,23847,23901,BUY,3314.845,3340.2103265478004,TP,0.09,54,True,182.63035114416226,0.018263035114416227,11918.478464065603
2025-05-06 14:00:00,2025-05-06 18:09:28.952,23969,23981,BUY,3414.525,3396.4934074242287,SL,0.07,12,False,-126.2211480303995,-0.01262211480303995,11792.257316035204
2025-05-14 09:30:00,2025-05-14 09:53:21.758,24503,24504,SELL,3186.345,3198.537872854314,SL,0.1,1,False,-121.92872854314373,-0.012192872854314373,11670.32858749206
2025-05-14 23:30:00,2025-05-15 01:55:20.829,24555,24564,SELL,3153.355,3126.642339509123,TP,0.09,9,True,192.33115553431563,0.019233115553431563,11862.659743026376
2025-05-15 16:45:00,2025-05-15 21:19:47.996,24624,24638,BUY,3237.345,3223.298754856102,SL,0.08,14,False,-112.36996115118383,-0.011236996115118383,11750.289781875192
2025-05-20 10:30:00,2025-05-20 21:00:42.460,24875,24913,BUY,3280.255,3308.9012777951793,TP,0.08,38,True,164.23865935902757,0.016423865935902757,11914.528441234219
2025-05-23 02:30:00,2025-05-23 07:49:50.636,25119,25140,BUY,3326.415,3347.8956009158696,TP,0.11,21,True,174.70888744907333,0.017470888744907334,12089.237328683294
2025-05-23 08:30:00,2025-05-23 09:20:45.447,25143,25146,BUY,3348.102,3348.102,SL,0.11,3,True,110.82561844550318,0.011082561844550318,12200.062947128798
2025-05-23 11:15:00,2025-05-25 18:20:05.097,25154,25178,BUY,3357.545,3345.0665685244326,SL,0.1,24,False,-124.78431475567504,-0.012478431475567504,12075.278632373123
2025-05-27 13:45:00,2025-05-27 23:28:26.356,25338,25372,BUY,3303.905,3292.5094798457185,SL,0.11,34,False,-125.35072169709885,-0.012535072169709885,11949.927910676024
2025-05-28 04:30:00,2025-05-28 07:14:32.264,25393,25403,BUY,3318.802,3309.3855276456766,SL,0.13,10,False,-122.41414060620627,-0.012241414060620627,11827.513770069818
2025-05-29 00:00:00,2025-05-29 07:31:51.595,25467,25497,BUY,3274.985,3302.625232420828,TP,0.09,30,True,199.0096734299612,0.01990096734299612,12026.523443499778
2025-05-29 12:15:00,2025-05-29 15:38:07.696,25516,25529,BUY,3329.952,3316.565806743046,SL,0.09,13,False,-120.47573931258921,-0.012047573931258921,11906.047704187189
2025-06-02 03:00:00,2025-06-02 09:46:27.488,25663,25690,BUY,3344.865,3368.1442441227996,TP,0.1,27,True,178.47420494146627,0.017847420494146626,12084.521909128656
2025-06-02 10:15:00,2025-06-02 20:41:20.223,25692,25729,BUY,3374.882,3374.882,SL,0.12,37,True,116.07715469681388,0.011607715469681389,12200.59906382547
2025-06-05 07:15:00,2025-06-05 07:29:10.274,25956,25956,BUY,3403.145,3394.716933115471,SL,0.14,0,False,-117.99293638340625,-0.011799293638340624,12082.606127442063
2025-06-09 00:45:00,2025-06-09 13:00:00.162,26114,26163,BUY,3312.565,3337.773967903715,TP,0.1,49,True,193.26875392847978,0.019326875392847977,12275.874881370542
2025-06-10 16:00:00,2025-06-10 19:20:14.072,26267,26276,BUY,3329.025,3320.0684067997845,SL,0.14,9,False,-125.3923048030183,-0.01253923048030183,12150.482576567523
2025-06-12 21:00:00,2025-06-13 02:46:36.619,26467,26490,BUY,3417.102,3417.102,SL,0.09,23,True,118.08455886804259,0.01180845588680426,12268.567135435565
2025-06-24 03:00:00,2025-06-24 03:57:18.292,27125,27128,SELL,3322.545,3332.0085287912493,SL,0.13,3,False,-123.02587428624021,-0.01230258742862402,12145.541261149325
2025-06-26 03:45:00,2025-06-26 05:13:02.273,27312,27317,BUY,3346.505,3340.735115310213,SL,0.21,5,False,-121.1675784855265,-0.01211675784855265,12024.373682663798
2025-06-27 09:45:00,2025-06-27 10:00:00.115,27428,27429,SELL,3265.285,3274.893378048774,SL,0.13,1,False,-124.90891463406571,-0.01249089146340657,11899.464768029731
2025-07-01 00:00:00,2025-07-01 03:13:25.120,27573,27585,BUY,3321.445,3336.5085409994754,TP,0.16,12,True,187.79214446012256,0.018779214446012257,12087.256912489855
2025-07-01 03:30:00,2025-07-01 07:04:46.183,27587,27601,BUY,3339.065,3351.9215334937558,TP,0.19,14,True,191.13379794049945,0.019113379794049944,12278.390710430354
2025-07-01 07:30:00,2025-07-01 09:16:20.985,27603,27610,BUY,3352.145,3346.231130765924,SL,0.21,7,False,-124.19125391559965,-0.012419125391559965,12154.199456514754
2025-07-02 18:45:00,2025-07-02 19:10:53.768,27736,27737,BUY,3363.055,3355.458495603762,SL,0.16,1,False,-121.54407033980534,-0.012154407033980534,12032.655386174949
2025-07-09 18:45:00,2025-07-10 09:58:28.223,28180,28240,BUY,3321.105,3313.3536115663105,SL,0.16,60,False,-124.02221493903198,-0.012402221493903198,11908.633171235917
2025-07-11 06:45:00,2025-07-11 11:19:47.529,28320,28338,BUY,3347.585,3366.5631481835044,TP,0.13,18,True,191.04669171394096,0.019104669171394095,12099.679862949857
2025-07-11 11:45:00,2025-07-11 13:11:03.965,28340,28345,BUY,3359.685,3349.316623226212,SL,0.12,5,False,-124.42052128545582,-0.012442052128545582,11975.259341664401
2025-07-15 04:15:00,2025-07-15 04:20:05.677,28494,28494,BUY,3363.555,3358.238784869923,SL,0.23,0,False,-122.27294799176343,-0.012227294799176343,11852.986393672638
2025-07-16 11:45:00,2025-07-16 11:55:16.149,28616,28616,BUY,3360.735,3350.308812390545,SL,0.11,0,False,-114.68806370400671,-0.01146880637040067,11738.298329968631
2025-07-17 10:45:00,2025-07-18 05:08:16.158,28704,28773,BUY,3333.052,3352.2853530404504,TP,0.12,69,True,184.6401891883217,0.01846401891883217,11922.938519156953
2025-07-18 08:30:00,2025-07-18 09:37:12.163,28787,28791,BUY,3358.552,3352.320899967149,SL,0.19,4,False,-118.39090062416744,-0.011839090062416744,11804.547618532786
2025-07-21 07:45:00,2025-07-21 08:41:39.770,28876,28879,BUY,3374.195,3386.195649425764,TP,0.2,3,True,184.00995786170915,0.018400995786170916,11988.557576394494
2025-07-21 09:00:00,2025-07-21 10:40:16.342,28881,28887,BUY,3387.682,3400.6205785990114,TP,0.19,6,True,192.353535171977,0.0192353535171977,12180.911111566471
2025-07-21 11:00:00,2025-07-21 12:53:17.442,28889,28896,BUY,3400.585,3393.8673541698636,SL,0.18,7,False,-120.9176249424563,-0.01209176249424563,12059.993486624015
2025-07-22 09:45:00,2025-07-22 10:00:04.540,28976,28977,BUY,3416.805,3409.9200511695417,SL,0.18,1,False,-123.92907894824657,-0.012392907894824657,11936.064407675767
2025-07-22 10:45:00,2025-07-22 21:04:33.186,28980,29017,BUY,3426.095,3426.095,SL,0.16,37,True,112.4627844918199,0.01124627844918199,12048.527192167587
2025-07-22 22:15:00,2025-07-23 03:15:53.748,29022,29042,SELL,3422.115,3429.19354433179,SL,0.17,20,False,-120.33525364042998,-0.012033525364042999,11928.191938527158
2025-07-24 10:45:00,2025-07-24 12:32:01.896,29164,29171,BUY,3376.631,3368.102357161092,SL,0.14,7,False,-119.40099974470742,-0.011940099974470743,11808.79093878245
2025-07-25 12:00:00,2025-07-25 13:15:32.911,29261,29266,SELL,3327.515,3334.0702565941924,SL,0.18,5,False,-117.99461869546575,-0.011799461869546574,11690.796320086984
2025-07-25 14:30:00,2025-07-27 18:00:01.302,29271,29281,BUY,3338.755,3332.153295838175,SL,0.18,10,False,-118.83067491285328,-0.011883067491285329,11571.96564517413
2025-07-30 20:15:00,2025-07-31 03:45:31.516,29566,29596,BUY,3284.752,3305.0254205848973,TP,0.11,30,True,164.89048742383096,0.016489048742383095,11736.85613259796
2025-07-31 08:30:00,2025-07-31 09:55:24.824,29615,29620,BUY,3307.625,3300.4466403035626,SL,0.16,5,False,-114.85375514299814,-0.011485375514299814,11622.002377454963
2025-08-01 09:30:00,2025-08-05 07:00:01.729,29711,29885,BUY,3352.205,3352.205,SL,0.06,174,True,109.014381878977,0.0109014381878977,11731.01675933394
2025-08-06 22:00:00,2025-08-06 23:19:23.292,30033,30038,BUY,3382.775,3376.5748326602825,SL,0.19,5,False,-117.80317945463456,-0.011780317945463456,11613.213579879304
2025-08-07 03:45:00,2025-08-07 04:05:25.373,30056,30057,BUY,3395.185,3388.949286827799,SL,0.19,1,False,-118.4785502718196,-0.01184785502718196,11494.735029607484
2025-08-13 20:45:00,2025-08-13 21:35:12.646,30488,30491,BUY,3371.515,3365.1408595559064,SL,0.18,3,False,-114.7345279936817,-0.01147345279936817,11380.000501613802
2025-08-18 01:15:00,2025-08-18 01:32:11.869,30690,30691,BUY,3355.515,3349.5190741874794,SL,0.19,1,False,-113.92259043788864,-0.011392259043788865,11266.077911175913
2025-08-20 07:45:00,2025-08-20 08:32:01.379,30900,30903,BUY,3329.351,3338.98865752074,TP,0.23,3,True,170.90779336779266,0.017090779336779268,11436.985704543706
2025-08-20 09:00:00,2025-08-20 11:08:02.866,30905,30913,BUY,3343.145,3343.145,SL,0.22,8,True,104.9422263448185,0.01049422263448185,11541.927930888523
2025-08-22 11:00:00,2025-08-24 22:08:23.639,31097,31137,BUY,3374.215,3360.036247315436,SL,0.08,40,False,-113.4300214765135,-0.01134300214765135,11428.49790941201
2025-08-28 12:30:00,2025-08-28 21:36:32.628,31471,31503,BUY,3416.005,3408.613829652492,SL,0.15,32,False,-110.86755521262374,-0.011086755521262374,11317.630354199386
2025-08-29 10:30:00,2025-08-29 13:02:15.153,31555,31565,BUY,3436.155,3449.3379658131844,TP,0.17,10,True,170.4996911838506,0.01704996911838506,11488.130045383237
2025-08-29 16:15:00,2025-08-31 21:08:33.251,31578,31593,BUY,3447.155,3440.1379231143983,SL,0.16,15,False,-112.27323016963055,-0.011227323016963055,11375.856815213607
2025-08-31 22:15:00,2025-08-31 22:48:50.780,31598,31600,BUY,3458.885,3477.4895353794527,TP,0.12,2,True,178.60353964274654,0.017860353964274656,11554.460354856354
2025-08-31 23:15:00,2025-09-01 03:12:36.357,31602,31617,BUY,3474.035,3474.035,SL,0.11,15,True,107.80658880072865,0.010780658880072866,11662.266943657083
2025-09-01 22:00:00,2025-09-01 23:36:08.203,31679,31685,BUY,3498.495,3490.049108538043,SL,0.14,6,False,-118.24248046739467,-0.011824248046739467,11544.02446318969
2025-09-02 11:00:00,2025-09-02 15:11:10.408,31731,31747,BUY,3511.345,3534.883471929209,TP,0.1,16,True,180.4616181239362,0.01804616181239362,11724.486081313626
2025-09-02 16:00:00,2025-09-02 19:36:59.301,31751,31761,BUY,3537.275,3526.493584976583,SL,0.11,10,False,-118.59556525758855,-0.011859556525758855,11605.890516056037
2025-09-02 21:00:00,2025-09-03 09:15:01.165,31767,31816,BUY,3536.475,3557.1942118587804,TP,0.11,49,True,168.51625645141203,0.016851625645141203,11774.40677250745
2025-09-03 09:45:00,2025-09-03 12:44:05.690,31818,31829,BUY,3552.035,3568.9619292921566,TP,0.14,11,True,178.29698854405086,0.017829698854405086,11952.7037610515
2025-09-03 13:15:00,2025-09-03 15:22:54.743,31832,31840,BUY,3572.495,3562.96527146158,SL,0.13,8,False,-123.8864709994591,-0.01238864709994591,11828.81729005204
2025-09-08 09:30:00,2025-09-08 21:35:59.219,32093,32137,BUY,3624.335,3646.4273743329554,TP,0.11,44,True,179.6846445747038,0.01796846445747038,12008.501934626745
2025-09-08 22:30:00,2025-09-08 23:37:44.064,32141,32145,BUY,3654.065,3643.202497868344,SL,0.11,4,False,-119.48752344821743,-0.011948752344821742,11889.014411178528
2025-09-09 01:00:00,2025-09-09 02:05:32.488,32151,32155,BUY,3655.302,3644.2696027292086,SL,0.11,4,False,-121.3563699787069,-0.012135636997870689,11767.658041199822
2025-09-09 10:00:00,2025-09-09 10:06:26.237,32187,32187,BUY,3666.595,3653.7176240011026,SL,0.09,0,False,-115.89638399007436,-0.011589638399007436,11651.761657209747
2025-09-15 12:15:00,2025-09-16 10:17:18.911,32564,32648,BUY,3681.315,3701.317096355167,TP,0.12,84,True,192.0201250096039,0.01920201250096039,11843.78178221935
2025-09-17 09:15:00,2025-09-17 14:00:02.091,32736,32755,BUY,3678.875,3694.6460534540342,TP,0.15,19,True,173.4815879943735,0.017348158799437352,12017.263370213723
2025-09-19 11:15:00,2025-09-22 01:25:30.959,32928,32980,BUY,3672.665,3697.6271133276423,TP,0.1,52,True,191.3762021785933,0.01913762021785933,12208.639572392316
2025-09-22 02:00:00,2025-09-22 02:38:00.138,32983,32985,BUY,3697.405,3711.8223759528355,TP,0.17,2,True,186.4647289900014,0.01864647289900014,12395.104301382316
2025-09-22 03:00:00,2025-09-22 08:22:30.569,32987,33008,BUY,3714.805,3714.805,SL,0.15,21,True,113.31724572236249,0.01133172457223625,12508.42154710468
2025-09-22 11:45:00,2025-09-22 21:07:19.420,33022,33055,BUY,3733.455,3752.368890202478,TP,0.13,33,True,190.399828038276,0.019039982803827602,12698.821375142956
2025-09-23 02:00:00,2025-09-23 04:48:00.010,33075,33086,BUY,3753.505,3772.122355651346,TP,0.14,11,True,196.10281286084455,0.019610281286084455,12894.9241880038
2025-09-23 05:15:00,2025-09-23 09:50:42.992,33088,33106,BUY,3784.635,3774.8786367237863,SL,0.13,18,False,-126.83272259078149,-0.012683272259078148,12768.09146541302
2025-09-24 15:30:00,2025-09-24 15:41:10.336,33221,33221,SELL,3718.148,3726.8995987277517,SL,0.15,0,False,-131.27398091627356,-0.013127398091627355,12636.817484496745
2025-09-24 18:30:00,2025-09-24 21:54:47.277,33229,33242,BUY,3745.135,3735.491444105814,SL,0.13,13,False,-125.36622662442052,-0.012536622662442052,12511.451257872324
2025-09-26 10:45:00,2025-09-26 15:52:34.860,33386,33406,BUY,3776.652,3765.2440620573657,SL,0.11,20,False,-125.48731736897798,-0.012548731736897798,12385.963940503347
2025-09-28 21:15:00,2025-09-29 00:28:25.025,33424,33436,BUY,3776.635,3799.323061016487,TP,0.11,12,True,184.52956293409065,0.018452956293409064,12570.493503437438
2025-09-29 01:00:00,2025-09-29 07:57:45.853,33439,33466,BUY,3805.345,3830.899264003573,TP,0.1,27,True,195.9160240273941,0.019591602402739407,12766.409527464832
2025-09-29 08:15:00,2025-09-29 08:32:46.993,33468,33469,BUY,3824.805,3812.6344866899153,SL,0.1,1,False,-121.70513310084516,-0.012170513310084516,12644.704394363987
2025-09-30 00:00:00,2025-09-30 02:53:35.609,33527,33538,BUY,3865.105,3856.72842920389,SL,0.15,11,False,-125.64856194165259,-0.01256485619416526,12519.055832422335
2025-10-01 03:45:00,2025-10-01 04:11:18.943,33634,33635,BUY,3869.252,3886.168525195413,TP,0.15,1,True,186.08177714954536,0.018608177714954537,12705.13760957188
2025-10-01 04:30:00,2025-10-01 07:13:10.107,33637,33647,BUY,3892.125,3882.599332402177,SL,0.13,10,False,-123.8336787716994,-0.01238336787716994,12581.30393080018
2025-10-02 09:45:00,2025-10-02 09:50:45.189,33750,33750,BUY,3883.525,3874.434818802524,SL,0.14,0,False,-127.26253676466241,-0.012726253676466242,12454.041394035517
2025-10-03 09:30:00,2025-10-03 10:09:04.743,33841,33843,BUY,3881.245,3872.361950386351,SL,0.14,2,False,-124.36269459108371,-0.012436269459108371,12329.678699444434
2025-10-03 10:45:00,2025-10-05 18:59:51.832,33846,33874,BUY,3875.185,3898.2894924525494,TP,0.11,28,True,187.91653861406922,0.018791653861406923,12517.595238058504
2025-10-05 19:15:00,2025-10-05 20:24:47.253,33876,33880,BUY,3910.102,3899.390491239863,SL,0.12,4,False,-128.53810512164273,-0.012853810512164273,12389.057132936861
2025-10-05 22:15:00,2025-10-06 02:06:15.470,33888,33903,BUY,3924.245,3924.245,SL,0.1,15,True,112.76852619278498,0.011276852619278497,12501.825659129647
2025-10-06 04:15:00,2025-10-06 04:36:27.166,33912,33913,BUY,3947.575,3937.0734337723834,SL,0.12,1,False,-126.01879473139705,-0.012601879473139704,12375.80686439825
2025-10-06 11:00:00,2025-10-07 02:55:48.894,33939,33998,BUY,3955.275,3955.275,SL,0.1,59,True,117.01640508641411,0.011701640508641411,12492.823269484663
2025-10-07 22:30:00,2025-10-08 01:05:31.249,34073,34083,BUY,4004.115,4028.49770642905,TP,0.1,10,True,186.9340826227194,0.01869340826227194,12679.757352107381
2025-10-08 01:30:00,2025-10-08 02:18:05.511,34085,34088,BUY,4033.815,4022.1511281400026,SL,0.11,3,False,-128.30259045997218,-0.012830259045997218,12551.454761647408
2025-10-08 03:30:00,2025-10-08 09:36:31.270,34093,34117,BUY,4036.665,4026.329956840689,SL,0.12,24,False,-124.02051791172926,-0.012402051791172927,12427.434243735679
2025-10-08 10:45:00,2025-10-08 14:13:22.634,34122,34135,BUY,4042.655,4042.655,SL,0.11,13,True,115.97297253731158,0.011597297253731157,12543.40721627299
2025-10-12 18:45:00,2025-10-13 01:33:48.782,34334,34361,BUY,4037.625,4076.059325746977,TP,0.07,27,True,202.42078226741046,0.020242078226741046,12745.8279985404
2025-10-13 02:00:00,2025-10-13 10:53:08.622,34363,34398,BUY,4064.345,4103.288108327416,TP,0.07,35,True,205.10037052439057,0.02051003705243906,12950.92836906479
2025-10-13 12:15:00,2025-10-13 12:58:31.509,34404,34406,BUY,4116.052,4104.149088732242,SL,0.11,2,False,-130.9320239453391,-0.013093202394533909,12819.99634511945
2025-10-13 13:45:00,2025-10-13 15:06:51.406,34410,34415,BUY,4107.515,4095.145378818432,SL,0.1,5,False,-123.69621181568165,-0.012369621181568166,12696.300133303768
2025-10-13 21:30:00,2025-10-13 21:50:05.405,34437,34438,BUY,4147.252,4133.4508672653665,SL,0.09,1,False,-124.21019461170543,-0.012421019461170543,12572.089938692063
2025-10-13 23:00:00,2025-10-14 01:07:42.314,34443,34451,BUY,4146.365,4174.207107299205,TP,0.09,8,True,200.46317255427448,0.020046317255427448,12772.553111246336
2025-10-14 01:30:00,2025-10-14 01:37:01.768,34453,34453,BUY,4179.595,4165.694291350853,SL,0.09,0,False,-125.10637784232676,-0.012510637784232677,12647.44673340401
2025-10-16 12:45:00,2025-10-16 15:56:08.246,34682,34694,BUY,4271.965,4312.016370295541,TP,0.06,12,True,192.24657741859534,0.019224657741859535,12839.693310822604
2025-10-16 16:15:00,2025-10-16 18:18:27.771,34696,34700,BUY,4317.155,4363.441640505215,TP,0.06,4,True,222.17587442503427,0.022217587442503427,13061.869185247639
2025-10-16 18:45:00,2025-10-16 21:17:14.569,34702,34712,BUY,4361.225,4337.0052396951605,SL,0.05,10,False,-121.0988015241992,-0.01210988015241992,12940.770383723438
2025-10-19 18:30:00,2025-10-20 11:18:49.004,34793,34860,BUY,4260.205,4353.224898072966,TP,0.03,67,True,223.24775537511894,0.022324775537511894,13164.018139098556
2025-10-20 11:45:00,2025-10-21 01:34:23.439,34862,34913,BUY,4350.275,4321.612591378486,SL,0.05,51,False,-143.31204310756675,-0.014331204310756676,13020.70609599099
2025-10-28 20:00:00,2025-10-28 21:34:05.683,35443,35449,BUY,3975.765,3953.856911660336,SL,0.06,6,False,-131.44853003798198,-0.013144853003798198,12889.257565953008
2025-10-29 23:45:00,2025-10-30 00:26:24.958,35550,35552,BUY,3979.475,3950.862897023259,SL,0.05,2,False,-143.06051488370485,-0.014306051488370485,12746.197051069303
2025-11-03 11:00:00,2025-11-03 18:13:40.296,35775,35799,BUY,4008.875,3991.0301623905275,SL,0.07,24,False,-124.91386326630756,-0.012491386326630756,12621.283187802996
2025-11-06 02:45:00,2025-11-06 07:53:22.383,36018,36038,BUY,4005.782,4005.782,SL,0.14,20,True,120.36532686090777,0.012036532686090777,12741.648514663902
2025-11-10 01:15:00,2025-11-10 07:54:49.912,36196,36222,BUY,4068.365,4099.816576690387,TP,0.08,26,True,180.32237302488318,0.01803223730248832,12921.970887688785
2025-11-10 08:15:00,2025-11-10 09:02:17.568,36224,36227,BUY,4103.345,4090.002640188082,SL,0.1,3,False,-133.42359811918413,-0.013342359811918414,12788.5472895696
2025-11-10 13:15:00,2025-11-10 19:44:12.490,36244,36265,BUY,4105.125,4128.534910040265,TP,0.11,21,True,190.40060166082066,0.019040060166082066,12978.947891230422
2025-11-10 20:15:00,2025-11-11 00:34:20.632,36268,36285,BUY,4132.715,4132.715,SL,0.11,17,True,116.40683485608969,0.011640683485608969,13095.354726086513
2025-11-11 04:30:00,2025-11-11 07:53:53.012,36301,36314,BUY,4144.181,4134.586191857595,SL,0.14,13,False,-134.3273139936682,-0.01343273139936682,12961.027412092844
2025-11-12 11:45:00,2025-11-13 03:08:28.480,36422,36479,BUY,4193.811,4227.371722975444,TP,0.08,57,True,192.4148117258781,0.01924148117258781,13153.442223818722
2025-11-13 03:30:00,2025-11-13 05:58:57.387,36481,36490,BUY,4237.741,4222.477791922889,SL,0.09,9,False,-137.3688726939981,-0.01373688726939981,13016.073351124724
2025-11-19 05:15:00,2025-11-19 10:39:26.911,36856,36877,BUY,4111.791,4111.791,SL,0.09,21,True,127.65043993173795,0.012765043993173795,13143.723791056462
2025-11-24 14:15:00,2025-11-24 18:51:40.031,37168,37182,BUY,4117.205,4143.566473050747,TP,0.1,14,True,202.1046267223937,0.02021046267223937,13345.828417778856
2025-11-24 19:15:00,2025-11-24 20:01:45.213,37184,37187,BUY,4136.705,4124.054634274784,SL,0.11,3,False,-139.15402297737637,-0.013915402297737637,13206.67439480148
2025-11-24 21:45:00,2025-11-24 22:23:40.481,37194,37196,BUY,4152.552,4139.258504538063,SL,0.1,2,False,-132.93495461936803,-0.013293495461936802,13073.739440182111
2025-11-27 20:15:00,2025-11-27 23:29:33.068,37454,37466,BUY,4186.715,4178.897873316848,SL,0.17,12,False,-132.89115361358927,-0.013289115361358926,12940.848286568522
2025-11-28 09:45:00,2025-11-28 10:11:03.078,37508,37509,BUY,4199.585,4186.076984209881,SL,0.1,1,False,-135.08015790119316,-0.013508015790119315,12805.768128667329
2025-11-30 21:00:00,2025-11-30 21:28:34.412,37540,37541,BUY,4255.995,4241.167031038922,SL,0.09,1,False,-133.45172064970302,-0.013345172064970302,12672.316408017625
2025-12-01 03:30:00,2025-12-01 09:35:52.763,37566,37590,BUY,4249.925,4234.320273250194,SL,0.08,24,False,-124.83781399844884,-0.012483781399844884,12547.478594019176
2025-12-05 10:15:00,2025-12-05 10:39:25.740,37961,37962,BUY,4240.205,4258.16801165664,TP,0.14,1,True,189.21038944994308,0.01892103894499431,12736.68898346912
2025-12-07 18:00:00,2025-12-08 10:00:50.936,37964,38028,BUY,4204.005,4190.834999999999,SL,0.1,64,False,-131.70000000000982,-0.013170000000000983,12604.98898346911
2025-12-11 12:30:00,2025-12-12 04:02:34.348,38314,38372,BUY,4276.445,4311.6882834932,TP,0.07,58,True,185.61462639752455,0.018561462639752453,12790.603609866634
2025-12-12 04:30:00,2025-12-12 08:30:31.787,38374,38390,BUY,4313.775,4341.809155632899,TP,0.09,16,True,201.8459205568799,0.02018459205568799,12992.449530423513
2025-12-16 21:00:00,2025-12-16 21:48:00.375,38620,38623,BUY,4327.125,4313.760480468747,SL,0.1,3,False,-133.64519531252884,-0.013364519531252884,12858.804335110985
2025-12-17 09:00:00,2025-12-17 09:14:02.507,38668,38668,BUY,4342.385,4330.377681558364,SL,0.11,0,False,-132.08050285799618,-0.013208050285799617,12726.723832252988
2025-12-17 10:00:00,2025-12-17 10:53:08.297,38672,38675,BUY,4338.655,4324.393130446603,SL,0.09,3,False,-128.35682598056883,-0.012835682598056883,12598.36700627242
2025-12-21 19:30:00,2025-12-21 22:20:14.879,38890,38901,BUY,4364.265,4389.897337333302,TP,0.1,11,True,196.51458622197697,0.019651458622197696,12794.881592494396
2025-12-21 22:45:00,2025-12-22 01:59:52.900,38903,38915,BUY,4392.035,4418.965805663796,TP,0.1,12,True,206.46951008910855,0.020646951008910855,13001.351102583503
2025-12-22 02:15:00,2025-12-22 11:30:43.989,38917,38954,BUY,4413.275,4441.303467685512,TP,0.09,37,True,201.80496733569282,0.02018049673356928,13203.156069919198
2025-12-22 12:15:00,2025-12-22 13:49:32.037,38957,38963,BUY,4442.085,4429.35839283311,SL,0.1,6,False,-127.26607166890062,-0.012726607166890062,13075.889998250297
2025-12-22 16:30:00,2025-12-22 20:01:01.094,38974,38984,BUY,4448.255,4475.583571231247,TP,0.1,10,True,209.51904610622657,0.020951904610622657,13285.409044356522
2025-12-22 20:30:00,2025-12-23 00:19:37.372,38986,39001,BUY,4477.611,4477.611,SL,0.09,15,True,123.26864810047672,0.012326864810047673,13408.677692456999
2025-12-23 07:15:00,2025-12-23 08:52:41.633,39029,39035,BUY,4486.315,4473.716659637346,SL,0.11,6,False,-138.58174398918618,-0.013858174398918618,13270.095948467813
2025-12-26 09:45:00,2025-12-26 10:38:18.870,39210,39213,BUY,4521.455,4545.211733569362,TP,0.11,3,True,193.22143303080892,0.019322143303080894,13463.317381498622
2025-12-26 11:15:00,2025-12-26 12:14:45.321,39216,39219,BUY,4539.485,4527.263542073828,SL,0.11,3,False,-134.43603718788927,-0.013443603718788926,13328.881344310732
2025-12-29 09:45:00,2025-12-29 10:21:01.261,39302,39304,SELL,4373.455,4323.724273190131,TP,0.05,2,True,165.76908936623113,0.016576908936623114,13494.650433676961
2025-12-29 10:45:00,2025-12-29 20:51:00.187,39306,39342,SELL,4331.145,4355.2610533243405,SL,0.06,36,False,-144.6963199460406,-0.01446963199460406,13349.95411373092
2025-12-29 21:15:00,2025-12-30 09:47:44.179,39344,39394,BUY,4355.845,4355.845,SL,0.05,50,True,114.19623171346392,0.011419623171346392,13464.150345444385
2026-01-01 22:30:00,2026-01-02 08:33:12.089,39533,39573,BUY,4369.752,4369.752,SL,0.07,40,True,125.00233938279071,0.01250023393827907,13589.152684827175
2026-01-05 10:30:00,2026-01-06 04:51:09.362,39673,39742,BUY,4445.025,4445.025,SL,0.07,69,True,124.80246737396729,0.01248024673739673,13713.955152201142
2026-01-06 10:15:00,2026-01-06 10:37:06.189,39764,39765,BUY,4480.585,4464.805070708694,SL,0.09,1,False,-142.01936362175366,-0.014201936362175366,13571.935788579389
2026-01-08 16:00:00,2026-01-08 20:04:43.621,39971,39983,BUY,4476.505,4458.66734789329,SL,0.08,12,False,-142.70121685368213,-0.014270121685368212,13429.234571725707
2026-01-09 10:45:00,2026-01-09 11:11:25.429,40042,40043,BUY,4514.915,4503.730740741902,SL,0.12,1,False,-134.21111109717458,-0.013421111109717459,13295.023460628532
2026-01-11 18:45:00,2026-01-11 19:32:28.618,40070,40073,BUY,4542.965,4575.546509456943,TP,0.08,3,True,186.80065421980544,0.018680065421980543,13481.824114848338
2026-01-11 20:00:00,2026-01-11 21:00:00.165,40075,40079,BUY,4589.285,4569.6561609370965,SL,0.07,4,False,-137.4018734403235,-0.01374018734403235,13344.422241408014
2026-01-12 08:30:00,2026-01-12 09:27:33.185,40125,40128,BUY,4605.175,4585.910691559339,SL,0.07,3,False,-134.85015908462628,-0.01348501590846263,13209.572082323388
2026-01-20 04:15:00,2026-01-20 09:28:24.282,40650,40670,BUY,4725.605,4748.314525400948,TP,0.12,20,True,218.0114438491055,0.02180114438491055,13427.583526172493
2026-01-20 09:45:00,2026-01-20 10:25:16.922,40672,40674,BUY,4738.365,4725.477811626743,SL,0.1,2,False,-128.87188373257231,-0.012887188373257231,13298.711642439921
2026-01-20 11:30:00,2026-01-20 18:44:20.777,40679,40703,BUY,4741.535,4772.96267099897,TP,0.08,24,True,180.1853137274309,0.01801853137274309,13478.896956167351
2026-01-20 20:00:00,2026-01-20 20:24:49.041,40709,40710,BUY,4784.955,4817.162645124614,TP,0.08,1,True,184.65716538112318,0.01846571653811232,13663.554121548474
2026-01-20 20:45:00,2026-01-20 23:35:43.476,40712,40723,BUY,4819.245,4857.719564713878,TP,0.07,11,True,202.63270749309206,0.020263270749309205,13866.186829041566
2026-01-21 00:00:00,2026-01-21 02:00:00.899,40725,40733,BUY,4866.325,4845.037730690518,SL,0.07,8,False,-149.01088516636995,-0.014901088516636995,13717.175943875196
2026-01-21 03:45:00,2026-01-21 09:12:08.943,40740,40761,BUY,4861.672,4839.576222564593,SL,0.06,21,False,-132.57466461243894,-0.013257466461243895,13584.601279262757
2026-01-22 10:45:00,2026-01-22 13:03:13.305,40860,40869,BUY,4863.935,4908.937292668058,TP,0.06,9,True,216.01100480667407,0.021601100480667407,13800.612284069432
2026-01-22 13:30:00,2026-01-22 18:08:20.901,40871,40885,BUY,4910.255,4955.236648390887,TP,0.06,14,True,215.91191227625694,0.021591191227625695,14016.524196345688
2026-01-22 18:30:00,2026-01-23 03:25:28.155,40887,40922,BUY,4940.685,4918.031490017857,SL,0.06,35,False,-135.92105989285847,-0.013592105989285846,13880.60313645283
2026-01-25 19:15:00,2026-01-26 01:45:03.194,40982,41008,BUY,5039.665,5094.332391789762,TP,0.05,26,True,182.22463929920693,0.018222463929920694,14062.827775752037
2026-01-27 21:00:00,2026-01-28 02:10:27.548,41173,41193,BUY,5205.175,5274.918902215897,TP,0.04,20,True,199.9325196855703,0.01999325196855703,14262.760295437609
2026-01-28 02:30:00,2026-01-28 06:04:44.317,41195,41209,BUY,5281.475,5250.518387567759,SL,0.05,14,False,-154.78306216120475,-0.015478306216120475,14107.977233276404
2026-01-28 11:30:00,2026-01-28 13:31:16.787,41231,41239,BUY,5287.865,5287.865,SL,0.05,8,True,130.77088481167763,0.013077088481167762,14238.748118088082
2026-01-28 15:45:00,2026-01-28 18:08:31.788,41248,41253,BUY,5384.375,5456.041065163953,TP,0.04,5,True,205.4427201366665,0.02054427201366665,14444.19083822475
2026-01-28 18:30:00,2026-01-28 18:39:07.949,41255,41255,BUY,5490.985,5583.908325585575,TP,0.03,0,True,223.01598140538044,0.022301598140538045,14667.20681963013
2026-01-28 19:00:00,2026-01-28 19:01:22.294,41257,41257,BUY,5515.045,5465.8692601175,SL,0.03,0,False,-147.52721964750071,-0.014752721964750071,14519.679599982628
2026-01-28 20:15:00,2026-01-29 01:04:30.181,41262,41281,BUY,5480.825,5581.356948731919,TP,0.03,19,True,241.27667695660702,0.0241276676956607,14760.956276939236
2026-01-29 01:30:00,2026-01-29 03:05:17.550,41283,41289,BUY,5586.415,5528.910668690358,SL,0.03,6,False,-172.51299392892633,-0.017251299392892633,14588.44328301031
2026-02-03 20:30:00,2026-02-04 09:38:13.798,41631,41683,BUY,5038.045,4990.197315693669,SL,0.03,52,False,-143.54305291899254,-0.014354305291899254,14444.900230091318
2026-02-06 10:15:00,2026-02-09 10:34:54.331,41870,41963,BUY,4948.415,5054.182469623787,TP,0.03,93,True,253.8419270970895,0.02538419270970895,14698.742157188408
2026-02-18 08:30:00,2026-02-18 10:03:52.501,42589,42595,BUY,4957.105,5001.121712283306,TP,0.07,6,True,231.8213513587467,0.023182135135874672,14930.563508547155
2026-02-18 10:30:00,2026-02-18 13:38:29.143,42597,42609,BUY,5005.135,4982.447844300157,SL,0.07,12,False,-158.81008989890145,-0.015881008989890144,14771.753418648254
2026-02-20 04:30:00,2026-02-20 06:48:03.545,42757,42766,BUY,5034.622,5015.926906490784,SL,0.08,9,False,-149.5607480737308,-0.01495607480737308,14622.192670574523
2026-02-20 12:00:00,2026-02-22 18:04:36.413,42787,42807,BUY,5066.685,5117.568061864749,TP,0.06,20,True,244.23869695079483,0.024423869695079484,14866.431367525318
2026-02-22 18:30:00,2026-02-23 11:17:58.736,42809,42876,BUY,5146.742,5210.195972032378,TP,0.05,67,True,211.5132401079254,0.02115132401079254,15077.944607633242
2026-02-27 11:30:00,2026-02-27 16:51:06.904,43245,43266,BUY,5234.982,5280.515889080301,TP,0.07,21,True,239.81181582291913,0.023981181582291913,15317.756423456161
2026-03-01 18:15:00,2026-03-01 19:21:28.879,43268,43272,BUY,5349.422,5349.422,SL,0.06,4,True,134.89688516315474,0.013489688516315473,15452.653308619316
2026-03-02 02:30:00,2026-03-02 09:10:16.596,43301,43327,BUY,5409.105,5364.481034369079,SL,0.03,26,False,-133.87189689276238,-0.013387189689276238,15318.781411726553
2026-03-03 14:15:00,2026-03-08 19:13:24.746,43440,43735,BUY,5112.825,5039.356592256854,SL,0.02,295,False,-146.93681548629138,-0.014693681548629139,15171.844596240262
2026-03-09 21:15:00,2026-03-10 10:33:57.639,43836,43889,BUY,5175.945,5232.641740515676,TP,0.05,53,True,188.9891350522562,0.018898913505225618,15360.833731292518
2026-03-10 11:00:00,2026-03-10 13:17:02.644,43891,43900,BUY,5229.155,5204.377340663106,SL,0.06,9,False,-148.66595602136113,-0.014866595602136113,15212.167775271157
2026-03-12 19:30:00,2026-03-13 01:28:40.404,44101,44124,BUY,5106.845,5089.224297715075,SL,0.09,23,False,-158.58632056432361,-0.01585863205643236,15053.581454706833
2026-03-18 07:30:00,2026-03-18 08:00:15.806,44425,44427,SELL,4901.365,4868.742708053487,TP,0.09,2,True,234.88050201489477,0.023488050201489478,15288.461956721729
2026-03-18 08:30:00,2026-03-18 08:42:06.101,44429,44429,SELL,4861.335,4880.867645736872,SL,0.08,0,False,-156.26116589497542,-0.015626116589497543,15132.200790826753
2026-03-18 15:45:00,2026-03-18 19:01:20.746,44458,44467,SELL,4820.945,4845.315917087658,SL,0.06,9,False,-146.2255025259492,-0.014622550252594919,14985.975288300804
2026-03-18 21:00:00,2026-03-19 01:18:58.773,44475,44492,BUY,4850.205,4824.083667965401,SL,0.06,17,False,-156.72799220759225,-0.015672799220759225,14829.247296093212
2026-03-19 03:30:00,2026-03-19 06:42:42.216,44501,44513,SELL,4718.695,4662.516416031805,TP,0.05,12,True,187.2619465606476,0.01872619465606476,15016.50924265386
2026-03-19 07:30:00,2026-03-19 07:47:57.433,44517,44518,SELL,4606.225,4539.5161882352895,TP,0.05,1,True,222.36270588236945,0.022236270588236944,15238.871948536229
2026-03-19 08:30:00,2026-03-19 08:56:57.865,44521,44522,SELL,4576.475,4614.910861398074,SL,0.04,1,False,-153.74344559229576,-0.015374344559229576,15085.128502943933
2026-03-19 14:30:00,2026-03-20 05:55:38.951,44545,44602,BUY,4644.535,4644.535,SL,0.03,57,True,164.37865320926102,0.0164378653209261,15249.507156153195
2026-03-20 14:15:00,2026-03-22 19:15:19.584,44636,44652,SELL,4500.175,4423.127521980137,TP,0.04,16,True,220.86943699027267,0.022086943699027268,15470.376593143468
2026-03-22 19:45:00,2026-03-22 20:08:18.420,44654,44655,SELL,4362.775,4401.521265625104,SL,0.04,1,False,-154.98506250041828,-0.015498506250041828,15315.39153064305
2026-03-23 01:45:00,2026-03-23 02:36:43.991,44678,44681,SELL,4182.115,4182.115,SL,0.03,3,True,146.8447499462497,0.014684474994624969,15462.236280589299
2026-03-23 04:45:00,2026-03-23 06:07:04.410,44690,44695,BUY,4226.325,4384.649272644757,TP,0.02,5,True,306.09359377986436,0.030609359377986436,15768.329874369163
2026-03-24 19:00:00,2026-03-25 14:09:45.343,44835,44911,BUY,4547.582,4504.468436369064,SL,0.04,76,False,-172.45425452374548,-0.01724542545237455,15595.875619845418
2026-03-27 10:30:00,2026-03-27 11:40:34.803,45081,45085,BUY,4543.935,4507.169958877463,SL,0.04,4,False,-147.06016449015078,-0.014706016449015077,15448.815455355267
2026-03-31 10:30:00,2026-03-31 18:39:58.893,45257,45285,BUY,4619.795,4694.317989201223,TP,0.04,28,True,213.63256904350598,0.0213632569043506,15662.448024398773
2026-03-31 20:30:00,2026-03-31 21:06:18.743,45293,45295,BUY,4722.402,4691.205737678994,SL,0.05,2,False,-155.98131160502817,-0.015598131160502817,15506.466712793745
2026-04-01 02:45:00,2026-04-01 11:06:08.177,45318,45351,BUY,4709.182,4770.776546082423,TP,0.05,33,True,205.31515360807632,0.02053151536080763,15711.78186640182
2026-04-01 12:00:00,2026-04-01 14:21:32.478,45355,45364,BUY,4787.015,4756.350155047454,SL,0.05,9,False,-153.32422476273223,-0.015332422476273222,15558.457641639088
2026-04-07 19:00:00,2026-04-08 05:43:19.309,45655,45697,BUY,4819.172,4783.30092555435,SL,0.04,42,False,-143.48429778259742,-0.014348429778259742,15414.97334385649
2026-04-14 03:15:00,2026-04-14 03:25:20.596,46056,46056,BUY,4790.562,4770.937045934711,SL,0.08,0,False,-156.999632522311,-0.0156999632522311,15257.97371133418
2026-04-14 04:00:00,2026-04-14 06:39:02.104,46059,46069,BUY,4777.575,4757.15919519393,SL,0.07,10,False,-142.9106336424893,-0.01429106336424893,15115.063077691691
2026-04-17 09:15:00,2026-04-17 09:20:02.140,46356,46356,BUY,4883.465,4862.132903253265,SL,0.07,0,False,-149.32467722714685,-0.014932467722714685,14965.738400464545
2026-04-17 09:45:00,2026-04-17 16:44:07.630,46358,46385,BUY,4864.845,4834.314963780543,SL,0.05,27,False,-152.6501810972877,-0.015265018109728771,14813.088219367257
2026-04-28 13:30:00,2026-04-29 04:06:14.418,47017,47071,BUY,4594.095,4565.73206526997,SL,0.05,54,False,-141.81467365015124,-0.014181467365015124,14671.273545717106
2026-04-30 04:30:00,2026-05-01 02:27:41.614,47165,47248,BUY,4617.895,4595.003471035247,SL,0.06,83,False,-137.3491737885233,-0.01373491737885233,14533.924371928582
2026-05-01 08:30:00,2026-05-01 08:43:33.820,47273,47273,BUY,4603.295,4589.298180013583,SL,0.1,0,False,-139.96819986416995,-0.013996819986416994,14393.956172064412
2026-05-05 08:45:00,2026-05-05 18:03:25.349,47458,47491,BUY,4567.485,4551.363557597734,SL,0.09,33,False,-145.09298162038974,-0.014509298162038973,14248.863190444023
2026-05-05 21:00:00,2026-05-06 01:56:28.167,47503,47522,BUY,4619.115,4657.640327906721,TP,0.07,19,True,202.90006030872928,0.02029000603087293,14451.763250752752
2026-05-06 02:15:00,2026-05-06 04:50:49.935,47524,47534,BUY,4660.985,4700.291537702077,TP,0.07,10,True,207.01443189760693,0.020701443189760693,14658.77768265036
2026-05-06 05:15:00,2026-05-06 08:13:33.636,47536,47547,BUY,4696.065,4674.535544457248,SL,0.07,11,False,-150.70618879926226,-0.015070618879926227,14508.071493851097
2026-05-06 08:30:00,2026-05-06 09:54:22.668,47549,47554,SELL,4683.175,4707.423893065906,SL,0.06,5,False,-145.49335839543346,-0.014549335839543346,14362.578135455664
2026-05-06 10:30:00,2026-05-06 12:02:13.291,47557,47563,BUY,4706.105,4683.735049847705,SL,0.06,6,False,-134.21970091376534,-0.013421970091376533,14228.358434541899
2026-05-08 10:00:00,2026-05-08 10:07:49.041,47739,47739,BUY,4748.315,4729.954693638044,SL,0.08,0,False,-146.8824508956459,-0.01468824508956459,14081.475983646253
2026-05-11 10:00:00,2026-05-11 10:32:13.753,47831,47833,BUY,4736.605,4715.277117156476,SL,0.07,2,False,-149.2951799046623,-0.01492951799046623,13932.18080374159
2026-05-11 19:15:00,2026-05-11 21:34:33.711,47864,47873,BUY,4751.585,4731.713249558795,SL,0.07,9,False,-139.10225308843658,-0.013910225308843659,13793.078550653154
2026-05-15 02:15:00,2026-05-15 05:50:14.223,48168,48182,SELL,4570.785,4533.564188148983,TP,0.07,14,True,196.02960908202022,0.019602960908202023,13989.108159735173
2026-05-15 11:15:00,2026-05-17 18:00:01.586,48204,48227,BUY,4552.765,4526.758482832269,SL,0.05,23,False,-130.03258583865772,-0.013003258583865772,13859.075573896516
2026-05-20 21:45:00,2026-05-20 22:20:59.985,48518,48520,BUY,4568.285,4546.715949378944,SL,0.06,2,False,-129.41430372633477,-0.012941430372633476,13729.661270170182
2026-05-28 12:45:00,2026-05-29 10:52:23.783,49028,49112,BUY,4504.755,4555.9526935223475,TP,0.05,84,True,170.6589784078237,0.01706589784078237,13900.320248578004
2026-05-29 11:15:00,2026-05-29 11:37:32.979,49114,49115,BUY,4591.815,4571.1753026434235,SL,0.07,1,False,-144.47788149603275,-0.014447788149603276,13755.842367081972
