time,type,side,pnl,balance
2024-05-06 05:23:02.014,final,BUY,-98.38447590349915,9901.615524096502
2024-05-06 10:39:06.752,final,BUY,-100.90267119323882,9800.712852903263
2024-05-09 16:14:48.909,partial,BUY,93.13395045143369,9893.846803354698
2024-05-09 21:02:29.998,final,BUY,66.52425032245083,9960.371053677149
2024-05-10 02:37:57.105,partial,BUY,93.53139807652865,10053.902451753678
2024-05-10 02:58:46.323,final,BUY,54.66120666810047,10108.56365842178
2024-05-10 06:34:54.426,partial,BUY,95.01094039839818,10203.574598820178
2024-05-10 08:22:02.443,final,BUY,0.0,10203.574598820178
2024-05-13 09:49:39.057,final,BUY,-101.61272968337744,10101.961869136801
2024-05-14 06:36:05.809,final,BUY,-99.89789808245905,10002.063971054342
2024-05-15 04:27:55.115,partial,BUY,93.84933780912202,10095.913308863464
2024-05-15 04:38:07.877,final,BUY,62.41212120311275,10158.325430066578
2024-05-15 05:36:28.063,final,BUY,-102.81501310147907,10055.510416965099
2024-05-15 21:00:20.895,partial,BUY,94.72314820710534,10150.233565172204
2024-05-16 05:26:59.170,final,BUY,0.0,10150.233565172204
2024-05-17 09:36:58.906,final,BUY,-101.37647111983188,10048.857094052371
2024-05-17 11:05:16.323,partial,BUY,91.26430722506556,10140.121401277436
2024-05-17 11:14:27.791,final,BUY,0.0,10140.121401277436
2024-05-17 14:33:00.843,partial,BUY,93.28749485278553,10233.408896130222
2024-05-17 16:33:06.913,final,BUY,61.508238364474884,10294.917134494697
2024-05-19 21:01:30.823,partial,BUY,92.75743609596502,10387.674570590661
2024-05-20 01:34:41.987,final,BUY,54.20889122491462,10441.883461815576
2024-05-20 02:24:03.240,final,BUY,-107.88915289595661,10333.99430891962
2024-05-24 06:28:41.286,partial,BUY,99.70921527025153,10433.703524189872
2024-05-24 11:35:49.431,final,BUY,0.0,10433.703524189872
2024-05-27 14:28:20.287,final,BUY,-103.10534268326137,10330.598181506612
2024-06-04 03:39:25.704,final,BUY,-100.42647349158868,10230.171708015023
2024-06-04 09:39:58.278,final,BUY,-101.61388516087118,10128.557822854153
2024-06-05 09:46:36.671,final,BUY,-103.21549781639443,10025.342325037758
2024-06-05 10:21:24.109,partial,BUY,91.58893177768776,10116.931256815446
2024-06-05 10:23:06.552,final,BUY,56.074856190423816,10173.00611300587
2024-06-05 21:04:09.653,partial,BUY,95.2124038249508,10268.21851683082
2024-06-05 21:14:34.716,final,BUY,54.407087899971884,10322.625604730792
2024-06-06 04:36:52.794,final,BUY,-105.69880654064309,10216.92679819015
2024-06-06 12:23:34.094,final,BUY,-99.54509284092182,10117.381705349228
2024-06-07 01:48:12.136,final,BUY,-101.8153304384914,10015.566374910737
2024-06-10 21:02:44.357,final,BUY,-103.50733861990193,9912.059036290835
2024-06-12 08:30:02.519,partial,BUY,92.16439827671785,10004.223434567553
2024-06-12 08:30:08.927,final,BUY,54.85976087899872,10059.083195446552
2024-06-12 09:36:55.110,final,BUY,-96.59135211127295,9962.49184333528
2024-06-14 06:49:15.441,partial,BUY,92.05022636735339,10054.542069702633
2024-06-14 07:42:18.295,final,BUY,59.17514552187003,10113.717215224502
2024-06-14 09:30:26.513,final,BUY,-103.80839824768829,10009.908816976813
2024-06-17 08:30:07.150,final,BUY,-101.29879430303117,9908.610022673782
2024-06-20 04:02:41.006,final,BUY,-97.10452195858215,9811.5055007152
2024-06-20 10:22:33.465,partial,BUY,94.27412487326178,9905.779625588462
2024-06-20 10:49:11.570,final,BUY,59.41646525625629,9965.196090844718
2024-06-21 04:29:26.463,partial,BUY,92.80049084369124,10057.996581688409
2024-06-21 09:22:45.375,final,BUY,0.0,10057.996581688409
2024-06-25 06:08:16.962,partial,BUY,97.36506975178354,10155.361651440193
2024-06-25 08:32:20.619,final,BUY,0.0,10155.361651440193
2024-06-27 07:00:09.581,partial,BUY,93.36572342683795,10248.72737486703
2024-06-27 08:01:40.444,final,BUY,57.16268781234975,10305.89006267938
2024-06-27 08:39:50.349,partial,BUY,96.7349298716239,10402.624992551004
2024-06-27 08:40:03.373,final,BUY,59.225467268341156,10461.850459819345
2024-06-27 10:01:07.939,partial,BUY,97.4093127690926,10559.259772588437
2024-06-27 10:23:44.685,final,BUY,0.0,10559.259772588437
2024-06-27 12:50:31.162,final,BUY,-105.8343537356177,10453.42541885282
2024-06-28 08:21:00.924,final,BUY,-103.05132127721481,10350.374097575605
2024-07-01 08:39:55.085,final,BUY,-103.14627110651236,10247.227826469092
2024-07-03 03:57:18.161,partial,BUY,97.14729246792103,10344.375118937012
2024-07-03 05:35:15.435,final,BUY,0.0,10344.375118937012
2024-07-03 07:21:18.991,final,BUY,-102.0999168551957,10242.275202081817
2024-07-03 08:53:37.057,final,BUY,-104.3889448961272,10137.88625718569
2024-07-03 09:27:40.743,final,BUY,-102.22379598559293,10035.662461200096
2024-07-03 10:06:04.007,partial,BUY,95.48705300916312,10131.149514209259
2024-07-03 12:54:13.700,final,BUY,0.0,10131.149514209259
2024-07-05 03:43:18.664,partial,BUY,95.08281437561118,10226.23232858487
2024-07-05 05:33:23.135,final,BUY,0.0,10226.23232858487
2024-07-05 09:35:11.770,partial,BUY,95.41957793144937,10321.65190651632
2024-07-05 09:41:32.292,final,BUY,59.637236207157464,10381.289142723477
2024-07-07 18:58:46.301,final,BUY,-103.84921891405247,10277.439923809425
2024-07-08 19:06:08.153,final,SELL,-102.52483111474157,10174.915092694682
2024-07-10 09:47:48.029,partial,BUY,94.88430505910527,10269.799397753788
2024-07-10 09:55:15.380,final,BUY,60.24400321213034,10330.043400965918
2024-07-10 10:20:08.276,final,BUY,-103.01669883373279,10227.026702132185
2024-07-15 10:58:09.819,partial,BUY,96.31364180868232,10323.340343940867
2024-07-15 11:07:22.997,final,BUY,57.32954869564537,10380.669892636512
2024-07-15 12:52:42.802,final,BUY,-104.5359323622397,10276.133960274272
2024-07-16 07:50:28.478,final,BUY,-103.50169795873173,10172.63226231554
2024-07-16 08:52:19.553,final,BUY,-101.60773856654714,10071.024523748993
2024-07-16 10:57:51.490,partial,BUY,95.08763084552612,10166.112154594519
2024-07-16 11:07:41.810,final,BUY,58.216916844201485,10224.32907143872
2024-07-16 20:40:32.792,partial,BUY,96.29096582843863,10320.62003726716
2024-07-16 21:22:05.315,final,BUY,63.48854889787253,10384.108586165032
2024-07-16 22:39:50.667,final,BUY,-100.4774628342493,10283.631123330782
2024-07-23 07:24:45.752,partial,BUY,97.04180955930528,10380.672932890087
2024-07-23 08:31:52.369,final,BUY,0.0,10380.672932890087
2024-07-25 07:57:16.725,final,BUY,-103.3012996299585,10277.371633260129
2024-07-30 16:20:23.054,partial,BUY,95.3808210788471,10372.752454338975
2024-07-30 23:13:40.125,final,BUY,56.77429826121625,10429.526752600192
2024-07-31 09:55:43.463,partial,BUY,95.90674585996203,10525.433498460154
2024-07-31 14:44:08.026,final,BUY,54.803854777122986,10580.237353237277
2024-07-31 22:45:24.438,final,BUY,-107.17534324806456,10473.062009989211
2024-08-08 07:14:12.477,partial,BUY,97.03577129705445,10570.097781286266
2024-08-08 08:21:40.755,final,BUY,66.16075315708258,10636.258534443348
2024-08-08 09:00:37.575,final,BUY,-105.46748929708791,10530.791045146261
2024-08-08 10:24:38.861,partial,BUY,95.80883217275368,10626.599877319015
2024-08-08 10:56:00.779,final,BUY,0.0,10626.599877319015
2024-08-08 12:57:37.971,final,BUY,-108.30163371602977,10518.298243602985
2024-08-09 07:02:16.410,partial,BUY,98.19772447363721,10616.495968076622
2024-08-09 09:44:32.717,final,BUY,0.0,10616.495968076622
2024-08-12 11:09:48.004,partial,BUY,98.54110842234063,10715.037076498964
2024-08-12 11:15:21.089,final,BUY,60.33129087081943,10775.368367369783
2024-08-12 12:06:10.938,partial,BUY,101.16104412347913,10876.529411493262
2024-08-12 13:44:19.263,final,BUY,68.45484188806859,10944.984253381332
2024-08-12 19:56:21.425,partial,BUY,100.24455637033134,11045.228809751663
2024-08-12 21:12:54.477,final,BUY,0.0,11045.228809751663
2024-08-16 10:04:09.527,final,BUY,-108.14567282546797,10937.083136926194
2024-08-20 03:43:34.028,partial,BUY,103.03194259513975,11040.115079521334
2024-08-20 04:04:13.442,final,BUY,66.23482023973338,11106.349899761068
2024-08-20 11:02:09.124,final,BUY,-111.05523679904354,10995.294662962024
2024-08-23 09:47:46.839,final,BUY,-110.80245959152171,10884.492203370502
2024-08-27 21:48:34.393,final,BUY,-106.96644141343768,10777.525761957066
2024-08-28 08:56:14.764,final,SELL,-107.21837334593873,10670.307388611127
2024-08-29 08:30:38.432,final,BUY,-105.92873762864656,10564.37865098248
2024-09-05 04:23:43.240,partial,BUY,100.0375233464736,10664.416174328953
2024-09-05 04:27:49.864,final,BUY,62.52345209154283,10726.939626420497
2024-09-05 08:35:26.400,partial,BUY,101.43448037786473,10828.374106798361
2024-09-05 09:04:26.499,final,BUY,0.0,10828.374106798361
2024-09-11 06:17:14.815,final,BUY,-110.06427544489634,10718.309831353465
2024-09-12 09:45:01.195,partial,BUY,100.79531128237502,10819.105142635839
2024-09-12 10:46:41.274,final,BUY,67.49686023373442,10886.602002869573
2024-09-12 20:43:28.133,partial,BUY,97.94377458128814,10984.545777450861
2024-09-12 21:09:57.772,final,BUY,64.57831291073853,11049.1240903616
2024-09-13 12:06:32.576,partial,BUY,104.27545255195145,11153.399542913552
2024-09-15 23:06:25.765,final,BUY,63.84211380731721,11217.24165672087
2024-09-17 04:04:26.984,final,BUY,-111.71638463207636,11105.525272088793
2024-09-19 08:35:57.288,final,BUY,-114.11418077026838,10991.411091318525
2024-09-20 02:49:30.424,partial,BUY,98.70268637058997,11090.113777689116
2024-09-20 03:07:31.023,final,BUY,70.50191883613479,11160.61569652525
2024-09-20 05:56:31.831,final,BUY,-111.68533758565535,11048.930358939595
2024-09-20 09:30:07.888,final,BUY,-110.97356609966664,10937.956792839928
2024-09-20 11:43:17.553,partial,BUY,104.84458141198292,11042.80137425191
2024-09-22 22:57:43.928,final,BUY,70.94746110585311,11113.748835357765
2024-09-23 11:03:45.734,final,BUY,-110.93788967089722,11002.810945686868
2024-09-24 01:46:27.649,final,BUY,-110.9271271578218,10891.883818529046
2024-09-24 14:22:18.973,partial,BUY,101.48402550641026,10993.367844035456
2024-09-24 15:28:41.757,final,BUY,57.99087171794781,11051.358715753404
2024-09-25 01:51:20.225,final,BUY,-109.58299438983477,10941.775721363569
2024-09-26 07:01:53.437,partial,BUY,103.8360080687216,11045.61172943229
2024-09-26 07:18:01.126,final,BUY,63.57306616452206,11109.184795596811
2024-09-26 08:11:07.087,final,BUY,-109.88353656661276,10999.301259030199
2024-10-01 08:18:30.770,partial,BUY,100.89743639735842,11100.198695427556
2024-10-01 09:07:03.973,final,BUY,0.0,11100.198695427556
2024-10-01 10:00:03.158,final,BUY,-113.69853374623744,10986.500161681319
2024-10-01 14:10:51.902,final,BUY,-107.80923898935042,10878.690922691969
2024-10-04 02:50:04.900,final,BUY,-106.82748623155067,10771.863436460419
2024-10-11 08:41:33.360,final,BUY,-106.44561992294075,10665.417816537478
2024-10-11 10:32:17.565,partial,BUY,99.33094810203525,10764.748764639513
2024-10-11 11:15:23.914,final,BUY,60.81486618491817,10825.563630824432
2024-10-13 18:00:44.508,final,BUY,-106.94371589144794,10718.619914932984
2024-10-15 13:03:44.723,final,BUY,-106.93684223173341,10611.683072701251
2024-10-16 05:04:32.933,partial,BUY,98.03175735134447,10709.714830052595
2024-10-16 06:21:01.548,final,BUY,0.0,10709.714830052595
2024-10-16 09:06:04.113,partial,BUY,101.41947254457217,10811.134302597167
2024-10-16 09:50:03.962,final,BUY,0.0,10811.134302597167
2024-10-17 12:31:32.071,final,BUY,-108.94878793988939,10702.185514657278
2024-10-18 01:36:29.402,partial,BUY,99.43893149506842,10801.624446152346
2024-10-18 02:24:49.550,final,BUY,0.0,10801.624446152346
2024-10-18 09:06:23.826,final,BUY,-109.19347271865263,10692.430973433693
2024-10-20 20:36:08.886,partial,BUY,98.48062256679071,10790.911596000484
2024-10-20 22:28:59.961,final,BUY,62.067619264782934,10852.979215265266
2024-10-21 06:13:14.166,final,BUY,-106.57071284652602,10746.40850241874
2024-10-22 07:20:12.423,final,BUY,-109.00847078170408,10637.400031637037
2024-10-22 11:42:53.351,final,BUY,-105.7862178133746,10531.613813823662
2024-10-22 21:36:06.170,final,BUY,-104.73555710458959,10426.878256719072
2024-10-23 04:03:38.088,partial,BUY,97.26038380381078,10524.138640522882
2024-10-23 07:00:53.948,final,BUY,0.0,10524.138640522882
2024-10-24 02:24:29.765,partial,BUY,95.55120625654197,10619.689846779424
2024-10-24 03:15:06.772,final,BUY,68.25086161181571,10687.94070839124
2024-10-24 09:50:23.715,final,BUY,-106.19812072877448,10581.742587662466
2024-10-25 08:49:31.947,partial,BUY,100.09833057652536,10681.840918238991
2024-10-25 10:10:08.058,final,BUY,61.28469218970803,10743.125610428699
2024-10-28 22:30:13.191,final,BUY,-105.08482969536999,10638.040780733329
2024-10-29 10:25:36.585,final,BUY,-107.65943776899802,10530.38134296433
2024-10-30 02:51:54.306,final,BUY,-106.90075233783864,10423.480590626492
2024-10-31 09:39:00.737,partial,SELL,97.91390202672332,10521.394492653215
2024-10-31 09:46:58.818,final,SELL,61.71044245381609,10583.10493510703
2024-10-31 11:00:48.814,final,SELL,-104.04760278671803,10479.057332320312
2024-11-01 07:36:26.351,partial,BUY,100.27093022359404,10579.328262543906
2024-11-01 09:25:41.231,final,BUY,0.0,10579.328262543906
2024-11-07 08:23:23.151,final,SELL,-101.7967022498442,10477.531560294061
2024-11-07 15:08:21.539,partial,BUY,98.95220311908697,10576.483763413147
2024-11-07 15:15:48.131,final,BUY,65.24321084774965,10641.726974260897
2024-11-07 21:04:11.828,final,BUY,-105.76275994770367,10535.964214313193
2024-11-11 09:43:39.540,partial,SELL,100.46503216792688,10636.42924648112
2024-11-11 10:37:47.808,final,SELL,66.24068055028329,10702.669927031404
2024-11-11 15:34:34.065,final,SELL,-106.74896028148578,10595.920966749918
2024-11-12 00:23:22.998,final,BUY,-110.2191628192868,10485.701803930631
2024-11-12 08:25:21.606,partial,BUY,99.45504036557242,10585.156844296203
2024-11-12 10:29:23.250,final,BUY,0.0,10585.156844296203
2024-11-14 09:35:25.830,partial,BUY,102.07616225774736,10687.23300655395
2024-11-14 10:25:16.731,final,BUY,67.30296412598545,10754.535970679935
2024-11-18 01:04:10.365,final,BUY,-112.06788280251567,10642.46808787742
2024-11-18 09:13:11.291,partial,BUY,99.26001048327102,10741.72809836069
2024-11-18 10:57:16.970,final,BUY,65.44616075820159,10807.174259118892
2024-11-18 21:43:34.752,partial,BUY,102.225650736842,10909.399909855734
2024-11-19 04:19:55.245,final,BUY,62.5871331041908,10971.987042959925
2024-11-19 07:56:20.652,partial,BUY,104.27761539425045,11076.264658354175
2024-11-19 08:22:02.669,final,BUY,0.0,11076.264658354175
2024-11-20 20:57:19.995,final,BUY,-113.31225441862125,10962.952403935555
2024-11-21 04:38:05.734,final,BUY,-111.43411032590393,10851.51829360965
2024-11-21 07:03:23.261,final,BUY,-108.94511780717266,10742.573175802478
2024-11-21 20:54:06.450,partial,BUY,98.14834560609668,10840.721521408574
2024-11-21 21:35:45.446,final,BUY,66.4161737184113,10907.137695126985
2024-11-22 02:31:02.541,partial,BUY,102.48605873753762,11009.623753864522
2024-11-22 02:50:45.223,final,BUY,69.35146831863312,11078.975222183155
2024-11-22 04:38:59.953,partial,BUY,103.92643239177322,11182.901654574927
2024-11-22 06:00:49.702,final,BUY,66.80984939471273,11249.71150396964
2024-11-24 18:00:14.424,final,BUY,-112.42543729807765,11137.286066671562
2024-11-25 09:08:08.734,final,BUY,-116.37057296392277,11020.91549370764
2024-11-25 13:19:06.379,partial,SELL,103.64653247123353,11124.562026178874
2024-11-25 18:43:02.384,final,SELL,63.45706069667359,11188.019086875547
2024-11-27 08:51:13.899,partial,BUY,105.34678278552505,11293.365869661073
2024-11-27 10:01:27.372,final,BUY,0.0,11293.365869661073
2024-11-29 10:02:55.658,final,BUY,-114.26356288074749,11179.102306780325
2024-12-02 06:21:50.214,partial,BUY,108.60056597428083,11287.702872754606
2024-12-02 09:13:01.209,final,BUY,77.57183283877202,11365.274705593378
2024-12-06 09:10:05.913,final,BUY,-109.56750896865788,11255.70719662472
2024-12-09 12:47:32.757,final,BUY,-115.74241202979374,11139.964784594926
2024-12-10 08:19:07.341,final,BUY,-113.8550301617761,11026.10975443315
2024-12-10 09:54:19.742,partial,BUY,104.9770393637943,11131.086793796943
2024-12-10 12:54:00.317,final,BUY,62.48633295464061,11193.573126751584
2024-12-10 22:44:31.456,final,BUY,-113.04861328786775,11080.524513463715
2024-12-12 10:51:10.518,partial,SELL,105.98555008271705,11186.510063546433
2024-12-12 12:58:01.240,final,SELL,0.0,11186.510063546433
2024-12-13 03:49:38.375,final,BUY,-108.5978670408076,11077.912196505626
2024-12-19 08:15:08.764,final,BUY,-113.88511081833803,10964.027085687288
2024-12-22 19:39:52.328,final,BUY,-112.91926866298536,10851.107817024304
2024-12-24 09:54:51.903,final,BUY,-106.44788301349217,10744.659934010811
2024-12-26 12:02:44.226,final,BUY,-105.41965472906303,10639.240279281748
2024-12-30 02:01:29.977,final,BUY,-108.69151963356897,10530.54875964818
2024-12-31 07:08:09.883,final,BUY,-106.51498099861512,10424.033778649564
2025-01-01 20:30:32.710,partial,BUY,99.71548615145875,10523.749264801023
2025-01-02 03:07:18.449,final,BUY,67.47664476414229,10591.225909565164
2025-01-02 08:13:07.735,final,BUY,-107.63977890040589,10483.586130664758
2025-01-02 10:49:42.363,partial,BUY,96.42902178220837,10580.015152446967
2025-01-02 11:24:40.640,final,BUY,65.25272150675755,10645.267873953726
2025-01-02 22:20:21.427,partial,BUY,99.96859795652107,10745.236471910246
2025-01-03 00:50:50.440,final,BUY,0.0,10745.236471910246
2025-01-07 09:17:13.678,final,BUY,-109.61618592130344,10635.620285988942
2025-01-07 10:00:00.180,final,BUY,-106.90641282156683,10528.713873167375
2025-01-08 11:42:02.528,partial,BUY,99.3820987141557,10628.09597188153
2025-01-08 12:29:39.313,final,BUY,0.0,10628.09597188153
2025-01-09 09:27:24.071,final,BUY,-104.63140797581218,10523.464563905718
2025-01-10 10:15:45.642,partial,BUY,100.42090182747634,10623.885465733194
2025-01-10 10:32:50.858,final,BUY,68.46879670055206,10692.354262433746
2025-01-10 13:18:01.664,final,BUY,-106.92599033754232,10585.428272096204
2025-01-14 00:01:45.233,partial,BUY,96.29970398769797,10681.727976083901
2025-01-14 04:39:27.560,final,BUY,0.0,10681.727976083901
2025-01-15 04:44:09.981,partial,BUY,100.42589323084013,10782.153869314741
2025-01-15 08:30:24.776,final,BUY,66.21487465770042,10848.368743972442
2025-01-15 20:09:15.941,partial,BUY,100.74171756475843,10949.1104615372
2025-01-16 01:13:06.144,final,BUY,0.0,10949.1104615372
2025-01-16 05:07:38.111,partial,BUY,101.52073215539967,11050.6311936926
2025-01-16 06:34:36.672,final,BUY,63.45045759712321,11114.081651289724
2025-01-16 12:18:51.723,partial,BUY,101.53009536497537,11215.611746654698
2025-01-16 13:44:05.189,final,BUY,0.0,11215.611746654698
2025-01-21 02:38:15.599,partial,BUY,106.25695209829608,11321.868698752995
2025-01-21 03:44:21.205,final,BUY,0.0,11321.868698752995
2025-01-21 19:46:09.910,partial,BUY,104.23942200481287,11426.108120757808
2025-01-21 22:37:53.527,final,BUY,70.53795474009894,11496.646075497907
2025-01-22 00:54:12.993,partial,BUY,106.34170683369557,11602.987782331602
2025-01-22 01:09:51.408,final,BUY,0.0,11602.987782331602
2025-01-22 06:19:51.348,final,BUY,-116.65085192096696,11486.336930410635
2025-01-24 08:44:29.738,partial,BUY,108.9267655844288,11595.263695995063
2025-01-24 09:27:36.400,final,BUY,0.0,11595.263695995063
2025-01-24 10:56:36.669,final,BUY,-117.48041648902881,11477.783279506035
2025-01-28 13:43:41.452,partial,BUY,105.70534438807688,11583.488623894113
2025-01-28 20:03:01.660,final,BUY,70.29665759798627,11653.785281492099
2025-01-30 05:26:18.447,partial,BUY,108.59247296058783,11762.377754452687
2025-01-30 08:02:21.076,final,BUY,67.870295600369,11830.248050053056
2025-01-30 10:16:39.054,partial,BUY,112.13160000000897,11942.379650053066
2025-01-30 10:50:38.394,final,BUY,68.6520000000055,12011.031650053072
2025-01-30 12:00:29.337,final,BUY,-120.227440901715,11890.804209151356
2025-01-30 14:23:33.005,final,BUY,-118.66432887597966,11772.139880275376
2025-01-31 01:52:47.760,final,BUY,-119.78228939763721,11652.357590877738
2025-01-31 08:30:05.391,final,BUY,-118.50309424917988,11533.854496628559
2025-01-31 10:19:34.624,final,BUY,-115.29418843389068,11418.560308194668
2025-01-31 11:16:51.844,final,BUY,-115.23732745547706,11303.32298073919
2025-02-03 10:18:52.565,final,BUY,-114.89618604271527,11188.426794696476
2025-02-04 21:10:31.183,partial,BUY,104.96526988083552,11293.39206457731
2025-02-04 23:13:24.337,final,BUY,64.26445094745031,11357.65651552476
2025-02-05 05:32:43.667,partial,BUY,108.35636719693467,11466.012882721696
2025-02-05 06:11:15.383,final,BUY,0.0,11466.012882721696
2025-02-05 11:07:37.380,final,BUY,-111.90755559558738,11354.105327126108
2025-02-05 13:15:50.083,final,BUY,-110.98863444479548,11243.116692681313
2025-02-07 10:31:50.973,partial,BUY,103.81147526974695,11346.92816795106
2025-02-07 11:01:24.303,final,BUY,0.0,11346.92816795106
2025-02-10 05:03:53.999,partial,BUY,105.4159840281242,11452.344151979185
2025-02-10 08:19:22.674,final,BUY,64.5403983845672,11516.884550363753
2025-02-10 10:50:00.441,final,BUY,-115.14837743025737,11401.736172933495
2025-02-10 13:24:25.143,final,SELL,-115.12196483320211,11286.614208100293
2025-02-10 21:13:01.061,partial,BUY,106.66332378578475,11393.277531886077
2025-02-10 21:35:03.704,final,BUY,0.0,11393.277531886077
2025-02-13 03:14:51.891,final,BUY,-119.32143880120793,11273.95609308487
2025-02-18 00:31:26.174,partial,BUY,104.89363796314063,11378.84973104801
2025-02-18 09:31:16.065,final,BUY,56.193020337396774,11435.042751385408
2025-02-18 14:51:35.002,partial,BUY,107.6968615716074,11542.739612957015
2025-02-18 20:00:09.157,final,BUY,0.0,11542.739612957015
2025-02-18 21:44:02.262,final,BUY,-115.19881840985909,11427.540794547156
2025-02-27 15:17:06.900,final,BUY,-109.757855996952,11317.782938550205
2025-03-03 20:08:46.674,final,BUY,-111.42413749784193,11206.358801052362
2025-03-04 09:38:05.411,final,BUY,-112.42187413826468,11093.936926914097
2025-03-11 08:05:54.152,final,BUY,-109.04401073468306,10984.892916179415
2025-03-11 09:41:05.065,final,BUY,-112.60830358173462,10872.28461259768
2025-03-13 04:47:04.816,partial,BUY,98.37153304925396,10970.656145646934
2025-03-13 09:06:26.644,final,BUY,60.22746921383077,11030.883614860764
2025-03-13 11:31:01.385,partial,BUY,102.6518813054863,11133.53549616625
2025-03-13 11:43:39.811,final,BUY,58.658217888849315,11192.1937140551
2025-03-13 22:54:54.472,partial,BUY,101.2999788689861,11293.493692924087
2025-03-14 04:18:36.903,final,BUY,62.02039522591076,11355.514088149997
2025-03-14 05:36:31.320,final,BUY,-114.04551639343208,11241.468571756566
2025-03-14 08:34:15.317,final,BUY,-114.68572019902514,11126.78285155754
2025-03-18 00:23:47.018,final,BUY,-109.777098314662,11017.005753242878
2025-03-18 03:27:49.482,partial,BUY,102.98696286895436,11119.992716111832
2025-03-18 03:43:42.143,final,BUY,70.21838377428548,11190.211099886117
2025-03-18 04:31:37.829,final,BUY,-113.02089462560933,11077.190205260507
2025-03-18 08:24:52.686,partial,BUY,105.94379467309108,11183.133999933598
2025-03-18 08:39:42.725,final,BUY,0.0,11183.133999933598
2025-03-18 11:30:45.342,partial,BUY,106.56251801493197,11289.69651794853
2025-03-19 00:35:50.494,final,BUY,71.35882902785625,11361.055346976387
2025-03-25 10:11:45.389,final,BUY,-114.37409257101126,11246.681254405376
2025-03-27 05:07:25.580,partial,BUY,105.64314652145752,11352.324400926833
2025-03-27 05:15:54.729,final,BUY,63.38588791287294,11415.710288839706
2025-03-27 07:37:56.973,final,BUY,-112.71000071822527,11303.00028812148
2025-03-27 11:00:14.672,final,BUY,-111.99078168225695,11191.009506439224
2025-03-28 01:49:05.808,partial,BUY,104.81394487761804,11295.823451316843
2025-03-28 03:11:54.689,final,BUY,0.0,11295.823451316843
2025-03-30 23:06:30.145,partial,BUY,102.28297261213561,11398.106423928979
2025-03-31 01:53:46.847,final,BUY,67.439322601409,11465.545746530388
2025-03-31 02:33:30.174,final,BUY,-111.29586036992623,11354.249886160462
2025-03-31 05:47:47.646,final,BUY,-115.06550255212096,11239.18438360834
2025-03-31 09:05:01.685,final,BUY,-110.34983288118883,11128.834550727152
2025-04-02 06:39:57.618,final,BUY,-112.26374667178698,11016.570804055365
2025-04-02 20:18:17.518,final,BUY,-109.26230431435124,10907.308499741015
2025-04-09 07:22:42.765,partial,BUY,107.65474492399589,11014.96324466501
2025-04-09 08:02:30.587,final,BUY,57.672184780712996,11072.635429445723
2025-04-09 12:56:57.289,partial,BUY,104.75000867867963,11177.385438124404
2025-04-09 13:24:40.044,final,BUY,0.0,11177.385438124404
2025-04-09 23:13:03.252,partial,BUY,106.88861245499332,11284.274050579397
2025-04-10 10:06:15.048,final,BUY,45.80940533785406,11330.08345591725
2025-04-10 18:33:11.016,partial,BUY,106.22830276756667,11436.311758684817
2025-04-10 20:24:02.928,final,BUY,75.87735911969048,11512.189117804508
2025-04-11 01:44:43.413,final,BUY,-118.46147756232222,11393.727640242185
2025-04-14 06:23:41.527,final,BUY,-105.95534409292213,11287.772296149262
2025-04-15 21:02:32.789,partial,BUY,101.6943961364697,11389.466692285732
2025-04-15 21:06:26.767,final,BUY,72.63885438319267,11462.105546668925
2025-04-15 21:32:46.699,final,BUY,-112.45901172989214,11349.646534939033
2025-04-16 00:02:45.780,partial,BUY,104.9219863944423,11454.568521333475
2025-04-16 00:29:45.239,final,BUY,0.0,11454.568521333475
2025-04-16 03:49:25.273,partial,BUY,107.16214310649674,11561.73066443997
2025-04-16 04:03:19.551,final,BUY,62.62722649080978,11624.35789093078
2025-04-16 04:31:40.582,final,BUY,-113.2793026952013,11511.078588235578
2025-04-16 18:01:27.026,partial,BUY,101.37718600554703,11612.455774241125
2025-04-16 21:51:23.912,final,BUY,0.0,11612.455774241125
2025-04-21 03:02:13.965,partial,BUY,111.42470159457467,11723.8804758357
2025-04-21 07:57:48.734,final,BUY,68.21920505790331,11792.099680893603
2025-04-21 09:34:04.539,final,BUY,-120.52334916891458,11671.57633172469
2025-04-21 10:46:15.315,final,BUY,-116.39303848821419,11555.183293236474
2025-04-21 20:01:15.574,final,BUY,-111.25124252876776,11443.932050707706
2025-04-21 23:03:44.393,partial,BUY,113.76685654395229,11557.698907251659
2025-04-21 23:28:01.090,final,BUY,69.6531774758896,11627.352084727549
2025-04-22 03:05:31.748,final,BUY,-111.82713442786007,11515.524950299688
2025-04-22 23:11:44.668,final,BUY,-128.4816185104537,11387.043331789235
2025-04-25 16:54:34.631,partial,BUY,107.61705961838484,11494.66039140762
2025-04-27 18:00:18.373,final,BUY,65.88799568472587,11560.548387092345
2025-05-05 05:58:33.098,partial,BUY,102.25817340030703,11662.806560492652
2025-05-05 06:04:38.787,final,BUY,73.04155242879006,11735.848112921441
2025-05-05 15:25:24.395,partial,BUY,106.53437150076053,11842.382484422202
2025-05-05 21:01:26.011,final,BUY,76.09597964340173,11918.478464065603
2025-05-06 18:09:28.952,final,BUY,-126.2211480303995,11792.257316035204
2025-05-14 09:53:21.758,final,SELL,-121.92872854314373,11670.32858749206
2025-05-15 01:32:55.754,partial,SELL,112.19317406168412,11782.521761553744
2025-05-15 01:55:20.829,final,SELL,80.13798147263151,11862.659743026376
2025-05-15 21:19:47.996,final,BUY,-112.36996115118383,11750.289781875192
2025-05-20 18:09:18.044,partial,BUY,106.9461037686691,11857.23588564386
2025-05-20 21:00:42.460,final,BUY,57.29255559035846,11914.528441234219
2025-05-23 07:49:01.725,partial,BUY,110.26708470146431,12024.795525935684
2025-05-23 07:49:50.636,final,BUY,64.44180274760902,12089.237328683294
2025-05-23 09:01:15.303,partial,BUY,110.82561844550318,12200.062947128798
2025-05-23 09:20:45.447,final,BUY,0.0,12200.062947128798
2025-05-25 18:20:05.097,final,BUY,-124.78431475567504,12075.278632373123
2025-05-27 23:28:26.356,final,BUY,-125.35072169709885,11949.927910676024
2025-05-28 07:14:32.264,final,BUY,-122.41414060620627,11827.513770069818
2025-05-29 06:19:08.626,partial,BUY,116.08897616747736,11943.602746237295
2025-05-29 07:31:51.595,final,BUY,82.92069726248383,12026.523443499778
2025-05-29 15:38:07.696,final,BUY,-120.47573931258921,11906.047704187189
2025-06-02 08:22:12.807,partial,BUY,108.63647257306684,12014.684176760256
2025-06-02 09:46:27.488,final,BUY,69.83773236839943,12084.521909128656
2025-06-02 18:21:09.055,partial,BUY,116.07715469681388,12200.59906382547
2025-06-02 20:41:20.223,final,BUY,0.0,12200.59906382547
2025-06-05 07:29:10.274,final,BUY,-117.99293638340625,12082.606127442063
2025-06-09 11:23:04.050,partial,BUY,117.64185021733509,12200.247977659397
2025-06-09 13:00:00.162,final,BUY,75.62690371114468,12275.874881370542
2025-06-10 19:20:14.072,final,BUY,-125.3923048030183,12150.482576567523
2025-06-12 22:32:22.503,partial,BUY,118.08455886804259,12268.567135435565
2025-06-13 02:46:36.619,final,BUY,0.0,12268.567135435565
2025-06-24 03:57:18.292,final,SELL,-123.02587428624021,12145.541261149325
2025-06-26 05:13:02.273,final,BUY,-121.1675784855265,12024.373682663798
2025-06-27 10:00:00.115,final,SELL,-124.90891463406571,11899.464768029731
2025-07-01 01:35:25.991,partial,BUY,112.47443946274652,12011.939207492478
2025-07-01 03:13:25.120,final,BUY,75.31770499737604,12087.256912489855
2025-07-01 05:54:38.876,partial,BUY,113.99459697796522,12201.25150946782
2025-07-01 07:04:46.183,final,BUY,77.13920096253423,12278.390710430354
2025-07-01 09:16:20.985,final,BUY,-124.19125391559965,12154.199456514754
2025-07-02 19:10:53.768,final,BUY,-121.54407033980534,12032.655386174949
2025-07-10 09:58:28.223,final,BUY,-124.02221493903198,11908.633171235917
2025-07-11 10:49:21.681,partial,BUY,115.13409897992359,12023.76727021584
2025-07-11 11:19:47.529,final,BUY,75.91259273401738,12099.679862949857
2025-07-11 13:11:03.965,final,BUY,-124.42052128545582,11975.259341664401
2025-07-15 04:20:05.677,final,BUY,-122.27294799176343,11852.986393672638
2025-07-16 11:55:16.149,final,BUY,-114.68806370400671,11738.298329968631
2025-07-18 03:23:41.715,partial,BUY,107.70677702652046,11846.005106995151
2025-07-18 05:08:16.158,final,BUY,76.93341216180124,11922.938519156953
2025-07-18 09:37:12.163,final,BUY,-118.39090062416744,11804.547618532786
2025-07-21 08:25:11.465,partial,BUY,112.0060613071273,11916.553679839913
2025-07-21 08:41:39.770,final,BUY,72.00389655458184,11988.557576394494
2025-07-21 10:25:21.267,partial,BUY,114.72206357790718,12103.279639972401
2025-07-21 10:40:16.342,final,BUY,77.63147159406981,12180.911111566471
2025-07-21 12:53:17.442,final,BUY,-120.9176249424563,12059.993486624015
2025-07-22 10:00:04.540,final,BUY,-123.92907894824657,11936.064407675767
2025-07-22 20:24:08.663,partial,BUY,112.4627844918199,12048.527192167587
2025-07-22 21:04:33.186,final,BUY,0.0,12048.527192167587
2025-07-23 03:15:53.748,final,SELL,-120.33525364042998,11928.191938527158
2025-07-24 12:32:01.896,final,BUY,-119.40099974470742,11808.79093878245
2025-07-25 13:15:32.911,final,SELL,-117.99461869546575,11690.796320086984
2025-07-27 18:00:01.302,final,BUY,-118.83067491285328,11571.96564517413
2025-07-30 23:02:09.117,partial,BUY,104.0702256691388,11676.035870843269
2025-07-31 03:45:31.516,final,BUY,60.82026175469218,11736.85613259796
2025-07-31 09:55:24.824,final,BUY,-114.85375514299814,11622.002377454963
2025-08-04 09:46:34.815,partial,BUY,109.014381878977,11731.01675933394
2025-08-05 07:00:01.729,final,BUY,0.0,11731.01675933394
2025-08-06 23:19:23.292,final,BUY,-117.80317945463456,11613.213579879304
2025-08-07 04:05:25.373,final,BUY,-118.4785502718196,11494.735029607484
2025-08-13 21:35:12.646,final,BUY,-114.7345279936817,11380.000501613802
2025-08-18 01:32:11.869,final,BUY,-113.92259043788864,11266.077911175913
2025-08-20 08:17:54.088,partial,BUY,103.4441907226123,11369.522101898525
2025-08-20 08:32:01.379,final,BUY,67.46360264518036,11436.985704543706
2025-08-20 10:49:33.785,partial,BUY,104.9422263448185,11541.927930888523
2025-08-20 11:08:02.866,final,BUY,0.0,11541.927930888523
2025-08-24 22:08:23.639,final,BUY,-113.4300214765135,11428.49790941201
2025-08-28 21:36:32.628,final,BUY,-110.86755521262374,11317.630354199386
2025-08-29 11:17:48.843,partial,BUY,104.58486211792966,11422.215216317316
2025-08-29 13:02:15.153,final,BUY,65.91482906592093,11488.130045383237
2025-08-31 21:08:33.251,final,BUY,-112.27323016963055,11375.856815213607
2025-08-31 22:36:23.910,partial,BUY,104.18539812493654,11480.042213338544
2025-08-31 22:48:50.780,final,BUY,74.41814151781,11554.460354856354
2025-09-01 02:36:33.543,partial,BUY,107.80658880072865,11662.266943657083
2025-09-01 03:12:36.357,final,BUY,0.0,11662.266943657083
2025-09-01 23:36:08.203,final,BUY,-118.24248046739467,11544.02446318969
2025-09-02 12:37:28.520,partial,BUY,109.84620233630858,11653.870665525998
2025-09-02 15:11:10.408,final,BUY,70.61541578762763,11724.486081313626
2025-09-02 19:36:59.301,final,BUY,-118.59556525758855,11605.890516056037
2025-09-03 08:56:10.764,partial,BUY,106.35862087507067,11712.249136931108
2025-09-03 09:15:01.165,final,BUY,62.15763557634136,11774.40677250745
2025-09-03 10:24:14.353,partial,BUY,110.58927137542396,11884.996043882873
2025-09-03 12:44:05.690,final,BUY,67.70771716862691,11952.7037610515
2025-09-03 15:22:54.743,final,BUY,-123.8864709994591,11828.81729005204
2025-09-08 10:55:11.640,partial,BUY,113.40752157583765,11942.224811627879
2025-09-08 21:35:59.219,final,BUY,66.27712299886616,12008.501934626745
2025-09-08 23:37:44.064,final,BUY,-119.48752344821743,11889.014411178528
2025-09-09 02:05:32.488,final,BUY,-121.3563699787069,11767.658041199822
2025-09-09 10:06:26.237,final,BUY,-115.89638399007436,11651.761657209747
2025-09-16 04:14:08.730,partial,BUY,112.01173958893614,11763.773396798682
2025-09-16 10:17:18.911,final,BUY,80.00838542066776,11843.78178221935
2025-09-17 14:00:01.424,partial,BUY,110.39737417823652,11954.179156397586
2025-09-17 14:00:02.091,final,BUY,63.08421381613698,12017.263370213723
2025-09-21 18:23:59.952,partial,BUY,116.4898621956663,12133.753232409388
2025-09-22 01:25:30.959,final,BUY,74.88633998292698,12208.639572392316
2025-09-22 02:34:09.884,partial,BUY,114.3778492258249,12323.01742161814
2025-09-22 02:38:00.138,final,BUY,72.0868797641765,12395.104301382316
2025-09-22 05:23:27.595,partial,BUY,113.31724572236249,12508.42154710468
2025-09-22 08:22:30.569,final,BUY,0.0,12508.42154710468
2025-09-22 13:46:00.555,partial,BUY,114.74426722836446,12623.165814333044
2025-09-22 21:07:19.420,final,BUY,75.65556080991155,12698.821375142956
2025-09-23 04:38:53.477,partial,BUY,121.63339025546111,12820.454765398417
2025-09-23 04:48:00.010,final,BUY,74.46942260538344,12894.9241880038
2025-09-23 09:50:42.992,final,BUY,-126.83272259078149,12768.09146541302
2025-09-24 15:41:10.336,final,SELL,-131.27398091627356,12636.817484496745
2025-09-24 21:54:47.277,final,BUY,-125.36622662442052,12511.451257872324
2025-09-26 15:52:34.860,final,BUY,-125.48731736897798,12385.963940503347
2025-09-28 22:20:16.562,partial,BUY,116.46537988463055,12502.429320387977
2025-09-29 00:28:25.025,final,BUY,68.0641830494601,12570.493503437438
2025-09-29 07:17:39.237,partial,BUY,119.25323201667423,12689.746735454111
2025-09-29 07:57:45.853,final,BUY,76.66279201071984,12766.409527464832
2025-09-29 08:32:46.993,final,BUY,-121.70513310084516,12644.704394363987
2025-09-30 02:53:35.609,final,BUY,-125.64856194165259,12519.055832422335
2025-10-01 04:00:31.097,partial,BUY,118.4156763678925,12637.471508790228
2025-10-01 04:11:18.943,final,BUY,67.66610078165286,12705.13760957188
2025-10-01 07:13:10.107,final,BUY,-123.8336787716994,12581.30393080018
2025-10-02 09:50:45.189,final,BUY,-127.26253676466241,12454.041394035517
2025-10-03 10:09:04.743,final,BUY,-124.36269459108371,12329.678699444434
2025-10-03 11:56:32.776,partial,BUY,118.60306125642073,12448.281760700855
2025-10-05 18:59:51.832,final,BUY,69.31347735764848,12517.595238058504
2025-10-05 20:24:47.253,final,BUY,-128.53810512164273,12389.057132936861
2025-10-06 01:00:43.695,partial,BUY,112.76852619278498,12501.825659129647
2025-10-06 02:06:15.470,final,BUY,0.0,12501.825659129647
2025-10-06 04:36:27.166,final,BUY,-126.01879473139705,12375.80686439825
2025-10-06 18:15:17.817,partial,BUY,117.01640508641411,12492.823269484663
2025-10-07 02:55:48.894,final,BUY,0.0,12492.823269484663
2025-10-08 00:10:56.838,partial,BUY,113.78596333556831,12606.60923282023
2025-10-08 01:05:31.249,final,BUY,73.14811928715108,12679.757352107381
2025-10-08 02:18:05.511,final,BUY,-128.30259045997218,12551.454761647408
2025-10-08 09:36:31.270,final,BUY,-124.02051791172926,12427.434243735679
2025-10-08 12:34:00.773,partial,BUY,115.97297253731158,12543.40721627299
2025-10-08 14:13:22.634,final,BUY,0.0,12543.40721627299
2025-10-13 01:09:42.815,partial,BUY,125.55213077345684,12668.959347046446
2025-10-13 01:33:48.782,final,BUY,76.86865149395362,12745.8279985404
2025-10-13 09:24:40.864,partial,BUY,127.21415386955815,12873.042152409958
2025-10-13 10:53:08.622,final,BUY,77.88621665483242,12950.92836906479
2025-10-13 12:58:31.509,final,BUY,-130.9320239453391,12819.99634511945
2025-10-13 15:06:51.406,final,BUY,-123.69621181568165,12696.300133303768
2025-10-13 21:50:05.405,final,BUY,-124.21019461170543,12572.089938692063
2025-10-13 23:51:39.880,partial,BUY,116.9368506566593,12689.026789348722
2025-10-14 01:07:42.314,final,BUY,83.52632189761516,12772.553111246336
2025-10-14 01:37:01.768,final,BUY,-125.10637784232676,12647.44673340401
2025-10-16 15:53:32.131,partial,BUY,112.14383682751448,12759.590570231523
2025-10-16 15:56:08.246,final,BUY,80.10274059108087,12839.693310822604
2025-10-16 18:08:48.094,partial,BUY,129.60259341460332,12969.295904237208
2025-10-16 18:18:27.771,final,BUY,92.57328101043095,13061.869185247639
2025-10-16 21:17:14.569,final,BUY,-121.0988015241992,12940.770383723438
2025-10-20 08:42:47.315,partial,BUY,130.22785730215244,13070.99824102559
2025-10-20 11:18:49.004,final,BUY,93.0198980729665,13164.018139098556
2025-10-21 01:34:23.439,final,BUY,-143.31204310756675,13020.70609599099
2025-10-28 21:34:05.683,final,BUY,-131.44853003798198,12889.257565953008
2025-10-30 00:26:24.958,final,BUY,-143.06051488370485,12746.197051069303
2025-11-03 18:13:40.296,final,BUY,-124.91386326630756,12621.283187802996
2025-11-06 06:51:47.287,partial,BUY,120.36532686090777,12741.648514663902
2025-11-06 07:53:22.383,final,BUY,0.0,12741.648514663902
2025-11-10 07:14:57.013,partial,BUY,117.41921964410939,12859.067734308011
2025-11-10 07:54:49.912,final,BUY,62.9031533807738,12921.970887688785
2025-11-10 09:02:17.568,final,BUY,-133.42359811918413,12788.5472895696
2025-11-10 18:46:46.135,partial,BUY,120.17087154002701,12908.718161109628
2025-11-10 19:44:12.490,final,BUY,70.22973012079365,12978.947891230422
2025-11-10 22:35:00.247,partial,BUY,116.40683485608969,13095.354726086513
2025-11-11 00:34:20.632,final,BUY,0.0,13095.354726086513
2025-11-11 07:53:53.012,final,BUY,-134.3273139936682,12961.027412092844
2025-11-12 23:06:23.627,partial,BUY,125.2933657749898,13086.320777867833
2025-11-13 03:08:28.480,final,BUY,67.1214459508883,13153.442223818722
2025-11-13 05:58:57.387,final,BUY,-137.3688726939981,13016.073351124724
2025-11-19 10:15:46.812,partial,BUY,127.65043993173795,13143.723791056462
2025-11-19 10:39:26.911,final,BUY,0.0,13143.723791056462
2025-11-24 16:42:25.965,partial,BUY,123.02020757015268,13266.743998626614
2025-11-24 18:51:40.031,final,BUY,79.08441915224103,13345.828417778856
2025-11-24 20:01:45.213,final,BUY,-139.15402297737637,13206.67439480148
2025-11-24 22:23:40.481,final,BUY,-132.93495461936803,13073.739440182111
2025-11-27 23:29:33.068,final,BUY,-132.89115361358927,12940.848286568522
2025-11-28 10:11:03.078,final,BUY,-135.08015790119316,12805.768128667329
2025-11-30 21:28:34.412,final,BUY,-133.45172064970302,12672.316408017625
2025-12-01 09:35:52.763,final,BUY,-124.83781399844884,12547.478594019176
2025-12-05 10:32:33.009,partial,BUY,117.35834282338129,12664.836936842557
2025-12-05 10:39:25.740,final,BUY,71.85204662656179,12736.68898346912
2025-12-08 10:00:50.936,final,BUY,-131.70000000000982,12604.98898346911
2025-12-12 03:38:44.304,partial,BUY,115.12805941112339,12720.117042880232
2025-12-12 04:02:34.348,final,BUY,70.48656698640116,12790.603609866634
2025-12-12 06:02:49.330,partial,BUY,117.74345365818152,12908.347063524816
2025-12-12 08:30:31.787,final,BUY,84.10246689869837,12992.449530423513
2025-12-16 21:48:00.375,final,BUY,-133.64519531252884,12858.804335110985
2025-12-17 09:14:02.507,final,BUY,-132.08050285799618,12726.723832252988
2025-12-17 10:53:08.297,final,BUY,-128.35682598056883,12598.36700627242
2025-12-21 20:40:04.509,partial,BUY,119.6175742220721,12717.98458049449
2025-12-21 22:20:14.879,final,BUY,76.89701199990486,12794.881592494396
2025-12-22 01:46:00.175,partial,BUY,125.67709309771907,12920.558685592114
2025-12-22 01:59:52.900,final,BUY,80.79241699138947,13001.351102583503
2025-12-22 10:52:24.304,partial,BUY,117.71956427915494,13119.070666862659
2025-12-22 11:30:43.989,final,BUY,84.08540305653787,13203.156069919198
2025-12-22 13:49:32.037,final,BUY,-127.26607166890062,13075.889998250297
2025-12-22 19:15:48.784,partial,BUY,127.5333324124849,13203.423330662781
2025-12-22 20:01:01.094,final,BUY,81.98571369374167,13285.409044356522
2025-12-22 21:43:33.851,partial,BUY,123.26864810047672,13408.677692456999
2025-12-23 00:19:37.372,final,BUY,0.0,13408.677692456999
2025-12-23 08:52:41.633,final,BUY,-138.58174398918618,13270.095948467813
2025-12-26 10:32:47.170,partial,BUY,121.9512323227228,13392.047180790536
2025-12-26 10:38:18.870,final,BUY,71.27020070808612,13463.317381498622
2025-12-26 12:14:45.321,final,BUY,-134.43603718788927,13328.881344310732
2025-12-29 10:02:27.662,partial,SELL,116.03836255636178,13444.919706867093
2025-12-29 10:21:01.261,final,SELL,49.73072680986934,13494.650433676961
2025-12-29 20:51:00.187,final,SELL,-144.6963199460406,13349.95411373092
2025-12-30 05:31:31.558,partial,BUY,114.19623171346392,13464.150345444385
2025-12-30 09:47:44.179,final,BUY,0.0,13464.150345444385
2026-01-02 03:47:00.339,partial,BUY,125.00233938279071,13589.152684827175
2026-01-02 08:33:12.089,final,BUY,0.0,13589.152684827175
2026-01-06 00:30:00.865,partial,BUY,124.80246737396729,13713.955152201142
2026-01-06 04:51:09.362,final,BUY,0.0,13713.955152201142
2026-01-06 10:37:06.189,final,BUY,-142.01936362175366,13571.935788579389
2026-01-08 20:04:43.621,final,BUY,-142.70121685368213,13429.234571725707
2026-01-09 11:11:25.429,final,BUY,-134.21111109717458,13295.023460628532
2026-01-11 19:26:29.084,partial,BUY,121.6376353059204,13416.661095934453
2026-01-11 19:32:28.618,final,BUY,65.16301891388503,13481.824114848338
2026-01-11 21:00:00.165,final,BUY,-137.4018734403235,13344.422241408014
2026-01-12 09:27:33.185,final,BUY,-134.85015908462628,13209.572082323388
2026-01-20 09:00:47.784,partial,BUY,127.17334224531258,13336.7454245687
2026-01-20 09:28:24.282,final,BUY,90.8381016037929,13427.583526172493
2026-01-20 10:25:16.922,final,BUY,-128.87188373257231,13298.711642439921
2026-01-20 13:01:40.383,partial,BUY,117.32997172949106,13416.041614169411
2026-01-20 18:44:20.777,final,BUY,62.85534199793983,13478.896956167351
2026-01-20 20:14:03.229,partial,BUY,120.24187513189534,13599.138831299246
2026-01-20 20:24:49.041,final,BUY,64.41529024922784,13663.554121548474
2026-01-20 22:04:02.904,partial,BUY,125.68357806533615,13789.23769961381
2026-01-20 23:35:43.476,final,BUY,76.9491294277559,13866.186829041566
2026-01-21 02:00:00.899,final,BUY,-149.01088516636995,13717.175943875196
2026-01-21 09:12:08.943,final,BUY,-132.57466461243894,13584.601279262757
2026-01-22 12:34:05.898,partial,BUY,126.00641947055881,13710.607698733316
2026-01-22 13:03:13.305,final,BUY,90.00458533611527,13800.612284069432
2026-01-22 16:43:35.915,partial,BUY,125.94861549448268,13926.560899563914
2026-01-22 18:08:20.901,final,BUY,89.96329678177426,14016.524196345688
2026-01-23 03:25:28.155,final,BUY,-135.92105989285847,13880.60313645283
2026-01-25 20:32:12.532,partial,BUY,127.55724750944452,14008.160383962275
2026-01-26 01:45:03.194,final,BUY,54.66739178976241,14062.827775752037
2026-01-28 00:07:30.072,partial,BUY,130.18861746967337,14193.016393221711
2026-01-28 02:10:27.548,final,BUY,69.74390221589692,14262.760295437609
2026-01-28 06:04:44.317,final,BUY,-154.78306216120475,14107.977233276404
2026-01-28 13:24:29.850,partial,BUY,130.77088481167763,14238.748118088082
2026-01-28 13:31:16.787,final,BUY,0.0,14238.748118088082
2026-01-28 18:01:10.715,partial,BUY,133.77665497271337,14372.524773060795
2026-01-28 18:08:31.788,final,BUY,71.66606516395314,14444.19083822475
2026-01-28 18:38:46.949,partial,BUY,130.09265581980526,14574.283494044554
2026-01-28 18:39:07.949,final,BUY,92.92332558557518,14667.20681963013
2026-01-28 19:01:22.294,final,BUY,-147.52721964750071,14519.679599982628
2026-01-28 20:42:30.240,partial,BUY,140.7447282246877,14660.424328207317
2026-01-29 01:04:30.181,final,BUY,100.53194873191933,14760.956276939236
2026-01-29 03:05:17.550,final,BUY,-172.51299392892633,14588.44328301031
2026-02-04 09:38:13.798,final,BUY,-143.54305291899254,14444.900230091318
2026-02-08 18:28:30.310,partial,BUY,148.0744574733022,14592.97468756462
2026-02-09 10:34:54.331,final,BUY,105.76746962378729,14698.742157188408
2026-02-18 09:46:40.581,partial,BUY,143.78792679213404,14842.530083980542
2026-02-18 10:03:52.501,final,BUY,88.03342456661267,14930.563508547155
2026-02-18 13:38:29.143,final,BUY,-158.81008989890145,14771.753418648254
2026-02-20 06:48:03.545,final,BUY,-149.5607480737308,14622.192670574523
2026-02-20 16:47:19.359,partial,BUY,142.47257322129698,14764.66524379582
2026-02-22 18:04:36.413,final,BUY,101.76612372949785,14866.431367525318
2026-02-23 09:44:37.802,partial,BUY,148.05926807554715,15014.490635600865
2026-02-23 11:17:58.736,final,BUY,63.45397203237826,15077.944607633242
2026-02-27 16:37:39.891,partial,BUY,148.74403766231637,15226.688645295559
2026-02-27 16:51:06.904,final,BUY,91.06777816060276,15317.756423456161
2026-03-01 18:41:33.821,partial,BUY,134.89688516315474,15452.653308619316
2026-03-01 19:21:28.879,final,BUY,0.0,15452.653308619316
2026-03-02 09:10:16.596,final,BUY,-133.87189689276238,15318.781411726553
2026-03-08 19:13:24.746,final,BUY,-146.93681548629138,15171.844596240262
2026-03-10 08:18:58.588,partial,BUY,132.29239453657965,15304.136990776842
2026-03-10 10:33:57.639,final,BUY,56.69674051567654,15360.833731292518
2026-03-10 13:17:02.644,final,BUY,-148.66595602136113,15212.167775271157
2026-03-13 01:28:40.404,final,BUY,-158.58632056432361,15053.581454706833
2026-03-18 07:38:26.377,partial,SELL,137.01362617535688,15190.59508088219
2026-03-18 08:00:15.806,final,SELL,97.8668758395379,15288.461956721729
2026-03-18 08:42:06.101,final,SELL,-156.26116589497542,15132.200790826753
2026-03-18 19:01:20.746,final,SELL,-146.2255025259492,14985.975288300804
2026-03-19 01:18:58.773,final,BUY,-156.72799220759225,14829.247296093212
2026-03-19 05:20:27.719,partial,SELL,131.0833625924533,14960.330658685665
2026-03-19 06:42:42.216,final,SELL,56.178583968194296,15016.50924265386
2026-03-19 07:44:40.903,partial,SELL,155.6538941176586,15172.163136771518
2026-03-19 07:47:57.433,final,SELL,66.70881176471084,15238.871948536229
2026-03-19 08:56:57.865,final,SELL,-153.74344559229576,15085.128502943933
2026-03-19 22:11:20.815,partial,BUY,164.37865320926102,15249.507156153195
2026-03-20 05:55:38.951,final,BUY,0.0,15249.507156153195
2026-03-22 19:03:28.907,partial,SELL,143.8219589704098,15393.329115123604
2026-03-22 19:15:19.584,final,SELL,77.04747801986287,15470.376593143468
2026-03-22 20:08:18.420,final,SELL,-154.98506250041828,15315.39153064305
2026-03-23 02:20:11.514,partial,SELL,146.8447499462497,15462.236280589299
2026-03-23 02:36:43.991,final,SELL,0.0,15462.236280589299
2026-03-23 06:05:47.709,partial,BUY,147.76932113510736,15610.005601724406
2026-03-23 06:07:04.410,final,BUY,158.324272644757,15768.329874369163
2026-03-25 14:09:45.343,final,BUY,-172.45425452374548,15595.875619845418
2026-03-27 11:40:34.803,final,BUY,-147.06016449015078,15448.815455355267
2026-03-31 14:38:22.245,partial,BUY,139.10957984228295,15587.92503519755
2026-03-31 18:39:58.893,final,BUY,74.52298920122303,15662.448024398773
2026-03-31 21:06:18.743,final,BUY,-155.98131160502817,15506.466712793745
2026-04-01 07:33:02.822,partial,BUY,143.7206075256531,15650.187320319397
2026-04-01 11:06:08.177,final,BUY,61.59454608242322,15711.78186640182
2026-04-01 14:21:32.478,final,BUY,-153.32422476273223,15558.457641639088
2026-04-08 05:43:19.309,final,BUY,-143.48429778259742,15414.97334385649
2026-04-14 03:25:20.596,final,BUY,-156.999632522311,15257.97371133418
2026-04-14 06:39:02.104,final,BUY,-142.9106336424893,15115.063077691691
2026-04-17 09:20:02.140,final,BUY,-149.32467722714685,14965.738400464545
2026-04-17 16:44:07.630,final,BUY,-152.6501810972877,14813.088219367257
2026-04-29 04:06:14.418,final,BUY,-141.81467365015124,14671.273545717106
2026-05-01 02:27:41.614,final,BUY,-137.3491737885233,14533.924371928582
2026-05-01 08:43:33.820,final,BUY,-139.96819986416995,14393.956172064412
2026-05-05 18:03:25.349,final,BUY,-145.09298162038974,14248.863190444023
2026-05-05 23:07:09.300,partial,BUY,125.84940449528723,14374.71259493931
2026-05-06 01:56:28.167,final,BUY,77.05065581344206,14451.763250752752
2026-05-06 04:50:23.045,partial,BUY,128.40135649345183,14580.164607246204
2026-05-06 04:50:49.935,final,BUY,78.6130754041551,14658.77768265036
2026-05-06 08:13:33.636,final,BUY,-150.70618879926226,14508.071493851097
2026-05-06 09:54:22.668,final,SELL,-145.49335839543346,14362.578135455664
2026-05-06 12:02:13.291,final,BUY,-134.21970091376534,14228.358434541899
2026-05-08 10:07:49.041,final,BUY,-146.8824508956459,14081.475983646253
2026-05-11 10:32:13.753,final,BUY,-149.2951799046623,13932.18080374159
2026-05-11 21:34:33.711,final,BUY,-139.10225308843658,13793.078550653154
2026-05-15 05:15:52.515,partial,SELL,121.5879853799861,13914.666536033139
2026-05-15 05:50:14.223,final,SELL,74.44162370203412,13989.108159735173
2026-05-17 18:00:01.586,final,BUY,-130.03258583865772,13859.075573896516
2026-05-20 22:20:59.985,final,BUY,-129.41430372633477,13729.661270170182
2026-05-29 05:50:31.239,partial,BUY,119.46128488547627,13849.122555055657
2026-05-29 10:52:23.783,final,BUY,51.19769352234743,13900.320248578004
2026-05-29 11:37:32.979,final,BUY,-144.47788149603275,13755.842367081972
