threshold,min_strength,vol_multiplier,reward_risk,kalman_gate,initial_balance,final_balance,net_profit,total_return_pct,closed_trades,cashflows,win_rate_pct,loss_rate_pct,profit_factor,expectancy,avg_win,avg_loss,payoff_ratio,largest_win,largest_loss,max_consecutive_wins,max_consecutive_losses,max_drawdown_money,max_drawdown_pct,max_drawdown_bars,sharpe_ratio,period_sharpe_ratio,sortino_ratio,deflated_sharpe_probability,deflated_sharpe_z,dsr_trials,recovery_factor,mean_cashflow,std_cashflow,score,rank_source
0.6,0.3,2.5,2.5,True,10000.0,11326.685612113048,1326.6856121130477,13.266856121130477,77,113,46.75324675324675,53.246753246753244,1.29776324321077,17.2296832741954,160.61640525498703,-108.67085309918264,1.4780081381011547,212.74936560373152,-115.51254343929644,4,4,-658.63523193736,-5.924896954472272,3771,1.2287554923275088,0.007900045364602256,0.5617492923303281,0.08395644659258039,-1.378941170030816,81,2.014294935621092,11.740580638168545,99.20322700227204,1.9650641615144515,IS_VALIDATION
0.6,0.4,2.5,2.5,True,10000.0,11326.685612113048,1326.6856121130477,13.266856121130477,77,113,46.75324675324675,53.246753246753244,1.29776324321077,17.2296832741954,160.61640525498703,-108.67085309918264,1.4780081381011547,212.74936560373152,-115.51254343929644,4,4,-658.63523193736,-5.924896954472272,3771,1.2287554923275088,0.007900045364602256,0.5617492923303281,0.08395644659258039,-1.378941170030816,81,2.014294935621092,11.740580638168545,99.20322700227204,1.9650641615144515,IS_VALIDATION
0.6,0.35,2.5,2.5,True,10000.0,11326.685612113048,1326.6856121130477,13.266856121130477,77,113,46.75324675324675,53.246753246753244,1.29776324321077,17.2296832741954,160.61640525498703,-108.67085309918264,1.4780081381011547,212.74936560373152,-115.51254343929644,4,4,-658.63523193736,-5.924896954472272,3771,1.2287554923275088,0.007900045364602256,0.5617492923303281,0.08395644659258039,-1.378941170030816,81,2.014294935621092,11.740580638168545,99.20322700227204,1.9650641615144515,IS_VALIDATION
0.6,0.4,3.0,2.0,True,10000.0,11088.904446867084,1088.9044468670836,10.889044468670829,74,112,51.35135135135135,48.64864864864865,1.2806977115541116,14.714924957663357,130.74164238092607,-107.75772121133618,1.2132925688407372,165.53117681613395,-114.20879889003551,4,4,-648.7939822938824,-5.978053459911541,5338,1.1657523353656085,0.0074949787738768925,0.5311668220947225,0.07498920323993584,-1.4396077474431674,81,1.6783516441030206,9.722361132741861,86.89022858453832,1.6217687412070596,IS_VALIDATION
0.6,0.3,3.0,2.0,True,10000.0,11088.904446867084,1088.9044468670836,10.889044468670829,74,112,51.35135135135135,48.64864864864865,1.2806977115541116,14.714924957663357,130.74164238092607,-107.75772121133618,1.2132925688407372,165.53117681613395,-114.20879889003551,4,4,-648.7939822938824,-5.978053459911541,5338,1.1657523353656085,0.0074949787738768925,0.5311668220947225,0.07498920323993584,-1.4396077474431674,81,1.6783516441030206,9.722361132741861,86.89022858453832,1.6217687412070596,IS_VALIDATION
0.6,0.35,3.0,2.0,True,10000.0,11088.904446867084,1088.9044468670836,10.889044468670829,74,112,51.35135135135135,48.64864864864865,1.2806977115541116,14.714924957663357,130.74164238092607,-107.75772121133618,1.2132925688407372,165.53117681613395,-114.20879889003551,4,4,-648.7939822938824,-5.978053459911541,5338,1.1657523353656085,0.0074949787738768925,0.5311668220947225,0.07498920323993584,-1.4396077474431674,81,1.6783516441030206,9.722361132741861,86.89022858453832,1.6217687412070596,IS_VALIDATION
0.6,0.4,2.5,2.0,True,10000.0,11112.04518526233,1112.04518526233,11.120451852623292,85,128,50.588235294117645,49.411764705882355,1.239195000229996,13.08288453249804,133.9804812636453,-110.6932264065337,1.210376511852554,172.098042676073,-117.84463657416173,4,4,-942.2694261302495,-8.312068646874385,8527,1.121812305599112,0.007212474865943374,0.4627335329653796,0.07020353243623269,-1.474276852645583,81,1.1801775101940033,8.68785300986198,89.25447878582716,1.6123869524116206,IS_VALIDATION
0.6,0.3,2.5,2.0,True,10000.0,11112.04518526233,1112.04518526233,11.120451852623292,85,128,50.588235294117645,49.411764705882355,1.239195000229996,13.08288453249804,133.9804812636453,-110.6932264065337,1.210376511852554,172.098042676073,-117.84463657416173,4,4,-942.2694261302495,-8.312068646874385,8527,1.121812305599112,0.007212474865943374,0.4627335329653796,0.07020353243623269,-1.474276852645583,81,1.1801775101940033,8.68785300986198,89.25447878582716,1.6123869524116206,IS_VALIDATION
0.6,0.35,2.5,2.0,True,10000.0,11112.04518526233,1112.04518526233,11.120451852623292,85,128,50.588235294117645,49.411764705882355,1.239195000229996,13.08288453249804,133.9804812636453,-110.6932264065337,1.210376511852554,172.098042676073,-117.84463657416173,4,4,-942.2694261302495,-8.312068646874385,8527,1.121812305599112,0.007212474865943374,0.4627335329653796,0.07020353243623269,-1.474276852645583,81,1.1801775101940033,8.68785300986198,89.25447878582716,1.6123869524116206,IS_VALIDATION
0.6,0.35,3.0,2.5,True,10000.0,11163.770602500586,1163.7706025005864,11.637706025005867,69,100,44.927536231884055,55.072463768115945,1.278911907747346,16.8662406159505,172.13899513142243,-109.80363806772398,1.5676984675612629,211.91671081721603,-116.57886226378557,3,7,-802.6617086674851,-7.095742782970866,9252,1.1572281883419464,0.007440174422155207,0.5996725214446436,0.07413566638598294,-1.445664475914383,81,1.4498892745644807,11.63770602500584,102.00428991414815,1.25943322941218,IS_VALIDATION
0.6,0.4,3.0,2.5,True,10000.0,11163.770602500586,1163.7706025005864,11.637706025005867,69,100,44.927536231884055,55.072463768115945,1.278911907747346,16.8662406159505,172.13899513142243,-109.80363806772398,1.5676984675612629,211.91671081721603,-116.57886226378557,3,7,-802.6617086674851,-7.095742782970866,9252,1.1572281883419464,0.007440174422155207,0.5996725214446436,0.07413566638598294,-1.445664475914383,81,1.4498892745644807,11.63770602500584,102.00428991414815,1.25943322941218,IS_VALIDATION
0.6,0.3,3.0,2.5,True,10000.0,11163.770602500586,1163.7706025005864,11.637706025005867,69,100,44.927536231884055,55.072463768115945,1.278911907747346,16.8662406159505,172.13899513142243,-109.80363806772398,1.5676984675612629,211.91671081721603,-116.57886226378557,3,7,-802.6617086674851,-7.095742782970866,9252,1.1572281883419464,0.007440174422155207,0.5996725214446436,0.07413566638598294,-1.445664475914383,81,1.4498892745644807,11.63770602500584,102.00428991414815,1.25943322941218,IS_VALIDATION
0.6,0.3,2.0,2.5,True,10000.0,10396.000604423381,396.00060442338145,3.9600060442338103,88,125,42.04545454545455,57.95454545454546,1.0724119268301842,4.500006868447582,158.5059816635522,-107.22981798290282,1.4781894126578214,202.36194961632577,-116.0040737964794,4,6,-1248.445459595494,-11.193852706356283,8527,0.4207018744624772,0.0027048211902038198,0.1593798445380787,0.018371605386295894,-2.0886059319339902,81,0.31719495744066284,3.168004835387098,98.60835135708915,0.8332477799511369,IS_VALIDATION
0.6,0.4,2.0,2.5,True,10000.0,10396.000604423381,396.00060442338145,3.9600060442338103,88,125,42.04545454545455,57.95454545454546,1.0724119268301842,4.500006868447582,158.5059816635522,-107.22981798290282,1.4781894126578214,202.36194961632577,-116.0040737964794,4,6,-1248.445459595494,-11.193852706356283,8527,0.4207018744624772,0.0027048211902038198,0.1593798445380787,0.018371605386295894,-2.0886059319339902,81,0.31719495744066284,3.168004835387098,98.60835135708915,0.8332477799511369,IS_VALIDATION
0.6,0.35,2.0,2.5,True,10000.0,10396.000604423381,396.00060442338145,3.9600060442338103,88,125,42.04545454545455,57.95454545454546,1.0724119268301842,4.500006868447582,158.5059816635522,-107.22981798290282,1.4781894126578214,202.36194961632577,-116.0040737964794,4,6,-1248.445459595494,-11.193852706356283,8527,0.4207018744624772,0.0027048211902038198,0.1593798445380787,0.018371605386295894,-2.0886059319339902,81,0.31719495744066284,3.168004835387098,98.60835135708915,0.8332477799511369,IS_VALIDATION
0.6,0.4,2.5,1.5,True,10000.0,10093.654743641626,93.65474364162583,0.9365474364162685,95,144,51.578947368421055,48.421052631578945,1.0192281764515272,0.9858394067539465,101.31343067860196,-105.88485564369284,0.9568264513626582,121.60435214459102,-113.22610873451615,5,5,-1512.5625911719126,-13.94031985965031,8955,0.1634280705143441,0.001050729114925178,0.05754116259377391,0.010348572227257739,-2.313463952640851,81,0.06191792933941559,0.6503801641779501,75.87026880033748,0.5123661782898935,IS_VALIDATION
0.6,0.35,2.5,1.5,True,10000.0,10093.654743641626,93.65474364162583,0.9365474364162685,95,144,51.578947368421055,48.421052631578945,1.0192281764515272,0.9858394067539465,101.31343067860196,-105.88485564369284,0.9568264513626582,121.60435214459102,-113.22610873451615,5,5,-1512.5625911719126,-13.94031985965031,8955,0.1634280705143441,0.001050729114925178,0.05754116259377391,0.010348572227257739,-2.313463952640851,81,0.06191792933941559,0.6503801641779501,75.87026880033748,0.5123661782898935,IS_VALIDATION
0.6,0.3,2.5,1.5,True,10000.0,10093.654743641626,93.65474364162583,0.9365474364162685,95,144,51.578947368421055,48.421052631578945,1.0192281764515272,0.9858394067539465,101.31343067860196,-105.88485564369284,0.9568264513626582,121.60435214459102,-113.22610873451615,5,5,-1512.5625911719126,-13.94031985965031,8955,0.1634280705143441,0.001050729114925178,0.05754116259377391,0.010348572227257739,-2.313463952640851,81,0.06191792933941559,0.6503801641779501,75.87026880033748,0.5123661782898935,IS_VALIDATION
0.6,0.4,2.0,2.0,True,10000.0,10011.93478479792,11.934784797920656,0.11934784797920095,95,137,44.21052631578947,55.78947368421052,1.0021216303296425,0.125629313662396,134.21962562325115,-106.13753757318152,1.2645820573207394,160.42189799245497,-115.64964639648129,4,5,-1618.57463251646,-14.72470017813157,8345,0.08006944488485275,0.0005147909823057443,0.027566310363399377,0.00851818372501857,-2.385921924824736,81,0.007373638853690169,0.0871152175031236,88.28509632062651,0.4266195374877738,IS_VALIDATION
0.6,0.3,2.0,2.0,True,10000.0,10011.93478479792,11.934784797920656,0.11934784797920095,95,137,44.21052631578947,55.78947368421052,1.0021216303296425,0.125629313662396,134.21962562325115,-106.13753757318152,1.2645820573207394,160.42189799245497,-115.64964639648129,4,5,-1618.57463251646,-14.72470017813157,8345,0.08006944488485275,0.0005147909823057443,0.027566310363399377,0.00851818372501857,-2.385921924824736,81,0.007373638853690169,0.0871152175031236,88.28509632062651,0.4266195374877738,IS_VALIDATION
0.6,0.35,2.0,2.0,True,10000.0,10011.93478479792,11.934784797920656,0.11934784797920095,95,137,44.21052631578947,55.78947368421052,1.0021216303296425,0.125629313662396,134.21962562325115,-106.13753757318152,1.2645820573207394,160.42189799245497,-115.64964639648129,4,5,-1618.57463251646,-14.72470017813157,8345,0.08006944488485275,0.0005147909823057443,0.027566310363399377,0.00851818372501857,-2.385921924824736,81,0.007373638853690169,0.0871152175031236,88.28509632062651,0.4266195374877738,IS_VALIDATION
0.65,0.35,2.5,2.5,True,10000.0,10655.809834047534,655.8098340475335,6.558098340475338,17,27,58.82352941176471,41.17647058823529,1.872213374844564,38.57704906161974,140.77013470209596,-107.41307328191773,1.3105493623911948,197.47876693269546,-114.77464325139978,4,4,-475.85508799742456,-4.3736599870342925,9252,1.4106239514140992,0.009069333384998279,0.2629389915624886,0.1273415404456767,-1.1390481282890443,81,1.3781713185151083,24.28925311287169,92.54376426440679,-0.7118695559013366,IS_VALIDATION
0.65,0.4,2.5,2.5,True,10000.0,10655.809834047534,655.8098340475335,6.558098340475338,17,27,58.82352941176471,41.17647058823529,1.872213374844564,38.57704906161974,140.77013470209596,-107.41307328191773,1.3105493623911948,197.47876693269546,-114.77464325139978,4,4,-475.85508799742456,-4.3736599870342925,9252,1.4106239514140992,0.009069333384998279,0.2629389915624886,0.1273415404456767,-1.1390481282890443,81,1.3781713185151083,24.28925311287169,92.54376426440679,-0.7118695559013366,IS_VALIDATION
0.65,0.3,2.5,2.5,True,10000.0,10655.809834047534,655.8098340475335,6.558098340475338,17,27,58.82352941176471,41.17647058823529,1.872213374844564,38.57704906161974,140.77013470209596,-107.41307328191773,1.3105493623911948,197.47876693269546,-114.77464325139978,4,4,-475.85508799742456,-4.3736599870342925,9252,1.4106239514140992,0.009069333384998279,0.2629389915624886,0.1273415404456767,-1.1390481282890443,81,1.3781713185151083,24.28925311287169,92.54376426440679,-0.7118695559013366,IS_VALIDATION
0.65,0.35,2.5,2.0,True,10000.0,10637.719494808214,637.7194948082142,6.377194948082132,18,29,61.111111111111114,38.88888888888889,1.83905825971962,35.42886082267891,127.06922430600247,-108.57742465111525,1.1703098016397582,160.4772319951125,-114.77464325139978,4,4,-501.5522688764995,-4.583282165229707,9252,1.5239324254019062,0.009797828264807077,0.2255474277718193,0.1454930549208323,-1.0559608320485303,81,1.2714915959541677,21.990327407180008,82.1381046651234,-0.7262140144231348,IS_VALIDATION
0.65,0.3,2.5,2.0,True,10000.0,10637.719494808214,637.7194948082142,6.377194948082132,18,29,61.111111111111114,38.88888888888889,1.83905825971962,35.42886082267891,127.06922430600247,-108.57742465111525,1.1703098016397582,160.4772319951125,-114.77464325139978,4,4,-501.5522688764995,-4.583282165229707,9252,1.5239324254019062,0.009797828264807077,0.2255474277718193,0.1454930549208323,-1.0559608320485303,81,1.2714915959541677,21.990327407180008,82.1381046651234,-0.7262140144231348,IS_VALIDATION
0.65,0.4,2.5,2.0,True,10000.0,10637.719494808214,637.7194948082142,6.377194948082132,18,29,61.111111111111114,38.88888888888889,1.83905825971962,35.42886082267891,127.06922430600247,-108.57742465111525,1.1703098016397582,160.4772319951125,-114.77464325139978,4,4,-501.5522688764995,-4.583282165229707,9252,1.5239324254019062,0.009797828264807077,0.2255474277718193,0.1454930549208323,-1.0559608320485303,81,1.2714915959541677,21.990327407180008,82.1381046651234,-0.7262140144231348,IS_VALIDATION
0.65,0.4,2.0,2.5,True,10000.0,10685.55965831708,685.5596583170809,6.855596583170809,18,28,55.55555555555556,44.44444444444444,1.7975101057878906,38.08664768428204,154.51847004847696,-107.45313027096161,1.4380080846303125,197.61149866063855,-115.03060287530789,4,4,-495.1604026737605,-4.527907292302889,9252,1.405311708333937,0.009035179347369863,0.22840855493560572,0.12892420843447056,-1.1314911723250585,81,1.3845203586862058,24.48427351132417,94.64297920785994,-0.7329879202661664,IS_VALIDATION
0.65,0.35,2.0,2.5,True,10000.0,10685.55965831708,685.5596583170809,6.855596583170809,18,28,55.55555555555556,44.44444444444444,1.7975101057878906,38.08664768428204,154.51847004847696,-107.45313027096161,1.4380080846303125,197.61149866063855,-115.03060287530789,4,4,-495.1604026737605,-4.527907292302889,9252,1.405311708333937,0.009035179347369863,0.22840855493560572,0.12892420843447056,-1.1314911723250585,81,1.3845203586862058,24.48427351132417,94.64297920785994,-0.7329879202661664,IS_VALIDATION
0.65,0.3,2.0,2.5,True,10000.0,10685.55965831708,685.5596583170809,6.855596583170809,18,28,55.55555555555556,44.44444444444444,1.7975101057878906,38.08664768428204,154.51847004847696,-107.45313027096161,1.4380080846303125,197.61149866063855,-115.03060287530789,4,4,-495.1604026737605,-4.527907292302889,9252,1.405311708333937,0.009035179347369863,0.22840855493560572,0.12892420843447056,-1.1314911723250585,81,1.3845203586862058,24.48427351132417,94.64297920785994,-0.7329879202661664,IS_VALIDATION
0.65,0.35,3.0,2.0,True,10000.0,10374.541397364617,374.5413973646173,3.7454139736461833,17,27,58.82352941176471,41.17647058823529,1.5062738223596241,22.031846903800883,111.43414439460582,-105.68572094020615,1.0543916756517369,156.30075127871717,-109.96848174700695,4,4,-483.5723820285675,-4.537132650868108,9252,0.9258539356333606,0.005952598493492273,0.16644135718459185,0.0518114456203777,-1.6275379696553496,81,0.7745301660806818,13.87190360609685,81.42678570897039,-1.4274062004535606,IS_VALIDATION
0.65,0.3,3.0,2.0,True,10000.0,10374.541397364617,374.5413973646173,3.7454139736461833,17,27,58.82352941176471,41.17647058823529,1.5062738223596241,22.031846903800883,111.43414439460582,-105.68572094020615,1.0543916756517369,156.30075127871717,-109.96848174700695,4,4,-483.5723820285675,-4.537132650868108,9252,0.9258539356333606,0.005952598493492273,0.16644135718459185,0.0518114456203777,-1.6275379696553496,81,0.7745301660806818,13.87190360609685,81.42678570897039,-1.4274062004535606,IS_VALIDATION
0.65,0.4,3.0,2.0,True,10000.0,10374.541397364617,374.5413973646173,3.7454139736461833,17,27,58.82352941176471,41.17647058823529,1.5062738223596241,22.031846903800883,111.43414439460582,-105.68572094020615,1.0543916756517369,156.30075127871717,-109.96848174700695,4,4,-483.5723820285675,-4.537132650868108,9252,0.9258539356333606,0.005952598493492273,0.16644135718459185,0.0518114456203777,-1.6275379696553496,81,0.7745301660806818,13.87190360609685,81.42678570897039,-1.4274062004535606,IS_VALIDATION
0.65,0.4,3.0,1.5,True,10000.0,10336.445257881735,336.4452578817345,3.364452578817345,19,30,57.89473684210527,42.10526315789473,1.3991964894609126,17.707645151669944,107.2046737866781,-105.3507692214663,1.0175974468806637,118.24089069631428,-109.96848174700695,4,4,-558.5570605457597,-5.222354642660502,9252,0.9175444770166501,0.005899174439286865,0.12829016740160315,0.04994574333863654,-1.6453799256357056,81,0.6023471577872415,11.214841929390964,73.81497114032389,-1.53164139610499,IS_VALIDATION
0.65,0.3,3.0,1.5,True,10000.0,10336.445257881735,336.4452578817345,3.364452578817345,19,30,57.89473684210527,42.10526315789473,1.3991964894609126,17.707645151669944,107.2046737866781,-105.3507692214663,1.0175974468806637,118.24089069631428,-109.96848174700695,4,4,-558.5570605457597,-5.222354642660502,9252,0.9175444770166501,0.005899174439286865,0.12829016740160315,0.04994574333863654,-1.6453799256357056,81,0.6023471577872415,11.214841929390964,73.81497114032389,-1.53164139610499,IS_VALIDATION
0.65,0.35,3.0,1.5,True,10000.0,10336.445257881735,336.4452578817345,3.364452578817345,19,30,57.89473684210527,42.10526315789473,1.3991964894609126,17.707645151669944,107.2046737866781,-105.3507692214663,1.0175974468806637,118.24089069631428,-109.96848174700695,4,4,-558.5570605457597,-5.222354642660502,9252,0.9175444770166501,0.005899174439286865,0.12829016740160315,0.04994574333863654,-1.6453799256357056,81,0.6023471577872415,11.214841929390964,73.81497114032389,-1.53164139610499,IS_VALIDATION
0.7,0.35,3.0,2.5,True,10000.0,10174.374090892949,174.37409089294852,1.7437409089294809,4,6,50.0,50.0,1.83180775207803,43.59352272323714,192.00338699734678,-104.81634155087251,1.83180775207803,194.3782933504185,-106.99636061870946,2,2,-243.94068310174407,-2.341460095932674,9252,0.7401848197935309,0.004758874886884547,0.04170923705587176,0.04017155021003948,-1.7486987836321268,81,0.7148216881077587,29.062348482158097,105.60287596834745,-1.736616692532933,IS_VALIDATION
0.7,0.3,3.0,2.5,True,10000.0,10174.374090892949,174.37409089294852,1.7437409089294809,4,6,50.0,50.0,1.83180775207803,43.59352272323714,192.00338699734678,-104.81634155087251,1.83180775207803,194.3782933504185,-106.99636061870946,2,2,-243.94068310174407,-2.341460095932674,9252,0.7401848197935309,0.004758874886884547,0.04170923705587176,0.04017155021003948,-1.7486987836321268,81,0.7148216881077587,29.062348482158097,105.60287596834745,-1.736616692532933,IS_VALIDATION
0.7,0.4,3.0,2.5,True,10000.0,10174.374090892949,174.37409089294852,1.7437409089294809,4,6,50.0,50.0,1.83180775207803,43.59352272323714,192.00338699734678,-104.81634155087251,1.83180775207803,194.3782933504185,-106.99636061870946,2,2,-243.94068310174407,-2.341460095932674,9252,0.7401848197935309,0.004758874886884547,0.04170923705587176,0.04017155021003948,-1.7486987836321268,81,0.7148216881077587,29.062348482158097,105.60287596834745,-1.736616692532933,IS_VALIDATION
0.65,0.4,2.0,2.0,True,10000.0,10240.975437536308,240.97543753630816,2.4097543753630823,19,28,47.368421052631575,52.63157894736842,1.2278651822731954,12.682917765069018,144.27895310830422,-105.75351404384267,1.364294646970217,154.51596919826102,-110.99444137091115,2,4,-544.3608920238476,-5.165849287518705,9252,0.5750903130896128,0.003697431743353147,0.07377577050264032,0.025858046334787756,-1.94548949642042,81,0.4426758811427464,8.60626562629683,88.91132226687638,-1.7997790969855425,IS_VALIDATION
0.65,0.3,2.0,2.0,True,10000.0,10240.975437536308,240.97543753630816,2.4097543753630823,19,28,47.368421052631575,52.63157894736842,1.2278651822731954,12.682917765069018,144.27895310830422,-105.75351404384267,1.364294646970217,154.51596919826102,-110.99444137091115,2,4,-544.3608920238476,-5.165849287518705,9252,0.5750903130896128,0.003697431743353147,0.07377577050264032,0.025858046334787756,-1.94548949642042,81,0.4426758811427464,8.60626562629683,88.91132226687638,-1.7997790969855425,IS_VALIDATION
0.65,0.35,2.0,2.0,True,10000.0,10240.975437536308,240.97543753630816,2.4097543753630823,19,28,47.368421052631575,52.63157894736842,1.2278651822731954,12.682917765069018,144.27895310830422,-105.75351404384267,1.364294646970217,154.51596919826102,-110.99444137091115,2,4,-544.3608920238476,-5.165849287518705,9252,0.5750903130896128,0.003697431743353147,0.07377577050264032,0.025858046334787756,-1.94548949642042,81,0.4426758811427464,8.60626562629683,88.91132226687638,-1.7997790969855425,IS_VALIDATION
0.7,0.3,2.5,2.5,True,10000.0,10168.94251197224,168.94251197224003,1.6894251197224097,4,6,50.0,50.0,1.7904011371280137,42.23562799306001,191.34263055556096,-106.87137456944095,1.7904011371280137,191.99163944190786,-109.78444137090413,2,2,-255.67474913888145,-2.4526056231596365,9252,0.6797568566459784,0.004370365005840664,0.03629541822732799,0.0342209560250439,-1.8220861686840837,81,0.6607712045919371,28.15708532870667,106.04730600900795,-1.8084237077717018,IS_VALIDATION
0.7,0.4,2.5,2.5,True,10000.0,10168.94251197224,168.94251197224003,1.6894251197224097,4,6,50.0,50.0,1.7904011371280137,42.23562799306001,191.34263055556096,-106.87137456944095,1.7904011371280137,191.99163944190786,-109.78444137090413,2,2,-255.67474913888145,-2.4526056231596365,9252,0.6797568566459784,0.004370365005840664,0.03629541822732799,0.0342209560250439,-1.8220861686840837,81,0.6607712045919371,28.15708532870667,106.04730600900795,-1.8084237077717018,IS_VALIDATION
0.7,0.35,2.5,2.5,True,10000.0,10168.94251197224,168.94251197224003,1.6894251197224097,4,6,50.0,50.0,1.7904011371280137,42.23562799306001,191.34263055556096,-106.87137456944095,1.7904011371280137,191.99163944190786,-109.78444137090413,2,2,-255.67474913888145,-2.4526056231596365,9252,0.6797568566459784,0.004370365005840664,0.03629541822732799,0.0342209560250439,-1.8220861686840837,81,0.6607712045919371,28.15708532870667,106.04730600900795,-1.8084237077717018,IS_VALIDATION
0.65,0.3,3.0,2.5,True,10000.0,10274.600361354238,274.600361354238,2.7460036135423804,15,22,46.666666666666664,53.333333333333336,1.3312848945422329,18.306690756949365,157.64218097878006,-103.61186318715248,1.521468450905409,194.50000071166448,-106.99636061870946,2,4,-481.036256255371,-4.653777463317913,9252,0.6391141023229314,0.004109060291518479,0.12544270117094836,0.02918330489831233,-1.8929342801123963,81,0.5708516931589851,12.481834607010933,97.0894484068699,-1.820964734215679,IS_VALIDATION
0.65,0.35,3.0,2.5,True,10000.0,10274.600361354238,274.600361354238,2.7460036135423804,15,22,46.666666666666664,53.333333333333336,1.3312848945422329,18.306690756949365,157.64218097878006,-103.61186318715248,1.521468450905409,194.50000071166448,-106.99636061870946,2,4,-481.036256255371,-4.653777463317913,9252,0.6391141023229314,0.004109060291518479,0.12544270117094836,0.02918330489831233,-1.8929342801123963,81,0.5708516931589851,12.481834607010933,97.0894484068699,-1.820964734215679,IS_VALIDATION
0.65,0.4,3.0,2.5,True,10000.0,10274.600361354238,274.600361354238,2.7460036135423804,15,22,46.666666666666664,53.333333333333336,1.3312848945422329,18.306690756949365,157.64218097878006,-103.61186318715248,1.521468450905409,194.50000071166448,-106.99636061870946,2,4,-481.036256255371,-4.653777463317913,9252,0.6391141023229314,0.004109060291518479,0.12544270117094836,0.02918330489831233,-1.8929342801123963,81,0.5708516931589851,12.481834607010933,97.0894484068699,-1.820964734215679,IS_VALIDATION
0.65,0.35,2.0,1.5,True,10000.0,10186.1500789987,186.15007899870034,1.861500789987014,20,31,55.00000000000001,45.0,1.194320336442333,9.30750394993495,104.00952508197025,-106.4394107669971,0.9771711843619088,115.30947689869548,-111.91997298486471,2,4,-530.9805666332104,-5.062450312110448,9250,0.5298620062084796,0.0034066451073167976,0.055484097446121074,0.023119746857707915,-1.993200524455071,81,0.3505779508636682,6.004841258022549,75.10340362950885,-1.8251256305823529,IS_VALIDATION
0.65,0.4,2.0,1.5,True,10000.0,10186.1500789987,186.15007899870034,1.861500789987014,20,31,55.00000000000001,45.0,1.194320336442333,9.30750394993495,104.00952508197025,-106.4394107669971,0.9771711843619088,115.30947689869548,-111.91997298486471,2,4,-530.9805666332104,-5.062450312110448,9250,0.5298620062084796,0.0034066451073167976,0.055484097446121074,0.023119746857707915,-1.993200524455071,81,0.3505779508636682,6.004841258022549,75.10340362950885,-1.8251256305823529,IS_VALIDATION
0.65,0.3,2.0,1.5,True,10000.0,10186.1500789987,186.15007899870034,1.861500789987014,20,31,55.00000000000001,45.0,1.194320336442333,9.30750394993495,104.00952508197025,-106.4394107669971,0.9771711843619088,115.30947689869548,-111.91997298486471,2,4,-530.9805666332104,-5.062450312110448,9250,0.5298620062084796,0.0034066451073167976,0.055484097446121074,0.023119746857707915,-1.993200524455071,81,0.3505779508636682,6.004841258022549,75.10340362950885,-1.8251256305823529,IS_VALIDATION
0.65,0.35,2.5,1.5,True,10000.0,10186.169915490524,186.16991549052364,1.8616991549052386,19,29,52.63157894736842,47.368421052631575,1.1962258528791285,9.798416604764672,113.49231646620635,-105.41702768572608,1.0766032675912156,117.58728122523642,-110.22258914106506,4,4,-565.23000122968,-5.372930900481683,9252,0.5247377928522514,0.00337369997036736,0.05698792996476789,0.0228769255102985,-1.9976570739474264,81,0.3293701945853965,6.419652258294093,77.04944566398527,-1.893300906426847,IS_VALIDATION
0.65,0.3,2.5,1.5,True,10000.0,10186.169915490524,186.16991549052364,1.8616991549052386,19,29,52.63157894736842,47.368421052631575,1.1962258528791285,9.798416604764672,113.49231646620635,-105.41702768572608,1.0766032675912156,117.58728122523642,-110.22258914106506,4,4,-565.23000122968,-5.372930900481683,9252,0.5247377928522514,0.00337369997036736,0.05698792996476789,0.0228769255102985,-1.9976570739474264,81,0.3293701945853965,6.419652258294093,77.04944566398527,-1.893300906426847,IS_VALIDATION
0.65,0.4,2.5,1.5,True,10000.0,10186.169915490524,186.16991549052364,1.8616991549052386,19,29,52.63157894736842,47.368421052631575,1.1962258528791285,9.798416604764672,113.49231646620635,-105.41702768572608,1.0766032675912156,117.58728122523642,-110.22258914106506,4,4,-565.23000122968,-5.372930900481683,9252,0.5247377928522514,0.00337369997036736,0.05698792996476789,0.0228769255102985,-1.9976570739474264,81,0.3293701945853965,6.419652258294093,77.04944566398527,-1.893300906426847,IS_VALIDATION
0.7,0.35,3.0,2.0,True,10000.0,10096.670736094007,96.67073609400722,0.9667073609400667,4,6,50.0,50.0,1.461143437481489,24.16768402350159,153.15170959787568,-104.81634155087251,1.461143437481489,155.1286346803331,-106.99636061870946,2,2,-243.94068310174407,-2.3590547329619773,9252,0.46856699381600425,0.003012560701144844,0.02326073889203006,0.020977864321485056,-2.0339590079840675,81,0.39628787976168484,16.11178934900106,95.00997233973754,-2.2542059823801144,IS_VALIDATION
0.7,0.4,3.0,2.0,True,10000.0,10096.670736094007,96.67073609400722,0.9667073609400667,4,6,50.0,50.0,1.461143437481489,24.16768402350159,153.15170959787568,-104.81634155087251,1.461143437481489,155.1286346803331,-106.99636061870946,2,2,-243.94068310174407,-2.3590547329619773,9252,0.46856699381600425,0.003012560701144844,0.02326073889203006,0.020977864321485056,-2.0339590079840675,81,0.39628787976168484,16.11178934900106,95.00997233973754,-2.2542059823801144,IS_VALIDATION
0.7,0.3,3.0,2.0,True,10000.0,10096.670736094007,96.67073609400722,0.9667073609400667,4,6,50.0,50.0,1.461143437481489,24.16768402350159,153.15170959787568,-104.81634155087251,1.461143437481489,155.1286346803331,-106.99636061870946,2,2,-243.94068310174407,-2.3590547329619773,9252,0.46856699381600425,0.003012560701144844,0.02326073889203006,0.020977864321485056,-2.0339590079840675,81,0.39628787976168484,16.11178934900106,95.00997233973754,-2.2542059823801144,IS_VALIDATION
0.7,0.4,2.5,2.0,True,10000.0,10093.822560690265,93.82256069026516,0.9382256069026429,4,6,50.0,50.0,1.4441354092711445,23.455640172566774,152.53510444445058,-105.62382409931703,1.4441354092711445,152.9553115535289,-107.28934043065631,2,2,-252.22664819863348,-2.437903040147255,9252,0.4286814615167305,0.002756124399111546,0.022487176177572243,0.01903932981000813,-2.074007012255757,81,0.37197719337085283,15.637093448377849,94.94728484315856,-2.285384852706886,IS_VALIDATION
0.7,0.3,2.5,2.0,True,10000.0,10093.822560690265,93.82256069026516,0.9382256069026429,4,6,50.0,50.0,1.4441354092711445,23.455640172566774,152.53510444445058,-105.62382409931703,1.4441354092711445,152.9553115535289,-107.28934043065631,2,2,-252.22664819863348,-2.437903040147255,9252,0.4286814615167305,0.002756124399111546,0.022487176177572243,0.01903932981000813,-2.074007012255757,81,0.37197719337085283,15.637093448377849,94.94728484315856,-2.285384852706886,IS_VALIDATION
0.7,0.35,2.5,2.0,True,10000.0,10093.822560690265,93.82256069026516,0.9382256069026429,4,6,50.0,50.0,1.4441354092711445,23.455640172566774,152.53510444445058,-105.62382409931703,1.4441354092711445,152.9553115535289,-107.28934043065631,2,2,-252.22664819863348,-2.437903040147255,9252,0.4286814615167305,0.002756124399111546,0.022487176177572243,0.01903932981000813,-2.074007012255757,81,0.37197719337085283,15.637093448377849,94.94728484315856,-2.285384852706886,IS_VALIDATION
0.7,0.35,3.0,1.5,True,10000.0,10018.967381295073,18.96738129507321,0.18967381295074137,4,6,50.0,50.0,1.0904791228849795,4.741845323767684,114.30003219840788,-104.81634155087251,1.0904791228849795,115.87897601025041,-106.99636061870946,2,2,-243.94068310174407,-2.3769157978526745,9252,0.11349714177663973,0.0007297078828024168,0.005101982103788715,0.009218973028079515,-2.3567038222832,81,0.07775407141564081,3.161230215845123,84.47529974776505,-2.764371134746559,IS_VALIDATION
0.7,0.4,3.0,1.5,True,10000.0,10018.967381295073,18.96738129507321,0.18967381295074137,4,6,50.0,50.0,1.0904791228849795,4.741845323767684,114.30003219840788,-104.81634155087251,1.0904791228849795,115.87897601025041,-106.99636061870946,2,2,-243.94068310174407,-2.3769157978526745,9252,0.11349714177663973,0.0007297078828024168,0.005101982103788715,0.009218973028079515,-2.3567038222832,81,0.07775407141564081,3.161230215845123,84.47529974776505,-2.764371134746559,IS_VALIDATION
0.7,0.3,3.0,1.5,True,10000.0,10018.967381295073,18.96738129507321,0.18967381295074137,4,6,50.0,50.0,1.0904791228849795,4.741845323767684,114.30003219840788,-104.81634155087251,1.0904791228849795,115.87897601025041,-106.99636061870946,2,2,-243.94068310174407,-2.3769157978526745,9252,0.11349714177663973,0.0007297078828024168,0.005101982103788715,0.009218973028079515,-2.3567038222832,81,0.07775407141564081,3.161230215845123,84.47529974776505,-2.764371134746559,IS_VALIDATION
0.7,0.4,2.5,1.5,True,10000.0,10016.207508468038,16.207508468038213,0.1620750846803798,4,6,50.0,50.0,1.0767227877150147,4.051877117009976,113.727578333337,-105.62382409931703,1.0767227877150147,113.91898366514533,-107.28934043065631,2,2,-252.22664819863348,-2.4563301896899055,9252,0.09292896092474291,0.0005974687491326737,0.004374009753129445,0.008780970847764951,-2.374726835255234,81,0.06425771655687419,2.701251411339984,84.53958528624229,-2.7870177465363035,IS_VALIDATION
0.7,0.35,2.5,1.5,True,10000.0,10016.207508468038,16.207508468038213,0.1620750846803798,4,6,50.0,50.0,1.0767227877150147,4.051877117009976,113.727578333337,-105.62382409931703,1.0767227877150147,113.91898366514533,-107.28934043065631,2,2,-252.22664819863348,-2.4563301896899055,9252,0.09292896092474291,0.0005974687491326737,0.004374009753129445,0.008780970847764951,-2.374726835255234,81,0.06425771655687419,2.701251411339984,84.53958528624229,-2.7870177465363035,IS_VALIDATION
0.7,0.3,2.5,1.5,True,10000.0,10016.207508468038,16.207508468038213,0.1620750846803798,4,6,50.0,50.0,1.0767227877150147,4.051877117009976,113.727578333337,-105.62382409931703,1.0767227877150147,113.91898366514533,-107.28934043065631,2,2,-252.22664819863348,-2.4563301896899055,9252,0.09292896092474291,0.0005974687491326737,0.004374009753129445,0.008780970847764951,-2.374726835255234,81,0.06425771655687419,2.701251411339984,84.53958528624229,-2.7870177465363035,IS_VALIDATION
0.6,0.4,3.0,1.5,True,10000.0,9883.880779596342,-116.11922040365789,-1.1611922040365763,89,134,50.56179775280899,49.43820224719101,0.9745610733174345,-1.3047103416141077,98.85573613792712,-103.74153060478126,0.9529041605770471,119.69670085471407,-110.19965818326588,4,5,-1348.9022362869528,-12.640620743520941,9252,-0.08193086899927284,-0.000526758647995546,-0.031840436840877465,0.005755854116433556,-2.526769335188273,81,-0.08608423744873664,-0.866561346295935,74.97527795109133,-5.5786612294947595,IS_VALIDATION
0.6,0.35,3.0,1.5,True,10000.0,9883.880779596342,-116.11922040365789,-1.1611922040365763,89,134,50.56179775280899,49.43820224719101,0.9745610733174345,-1.3047103416141077,98.85573613792712,-103.74153060478126,0.9529041605770471,119.69670085471407,-110.19965818326588,4,5,-1348.9022362869528,-12.640620743520941,9252,-0.08193086899927284,-0.000526758647995546,-0.031840436840877465,0.005755854116433556,-2.526769335188273,81,-0.08608423744873664,-0.866561346295935,74.97527795109133,-5.5786612294947595,IS_VALIDATION
0.6,0.3,3.0,1.5,True,10000.0,9883.880779596342,-116.11922040365789,-1.1611922040365763,89,134,50.56179775280899,49.43820224719101,0.9745610733174345,-1.3047103416141077,98.85573613792712,-103.74153060478126,0.9529041605770471,119.69670085471407,-110.19965818326588,4,5,-1348.9022362869528,-12.640620743520941,9252,-0.08193086899927284,-0.000526758647995546,-0.031840436840877465,0.005755854116433556,-2.526769335188273,81,-0.08608423744873664,-0.866561346295935,74.97527795109133,-5.5786612294947595,IS_VALIDATION
0.6,0.3,2.0,1.5,True,10000.0,9373.842135795257,-626.1578642047425,-6.261578642047427,103,153,48.54368932038835,51.45631067961165,0.8817026882798669,-6.079202565094648,93.33856604671207,-99.86955031208213,0.9346048495766588,111.0690747837076,-107.8501557854151,5,5,-1378.7165800700677,-13.563648823586904,8949,-0.628936115777249,-0.004043622899023983,-0.19269477879214605,0.0013377641721974858,-3.0027491871954384,81,-0.4541599580770404,-4.0925350601617545,72.38178961776661,-5.943693058659324,IS_VALIDATION
0.6,0.35,2.0,1.5,True,10000.0,9373.842135795257,-626.1578642047425,-6.261578642047427,103,153,48.54368932038835,51.45631067961165,0.8817026882798669,-6.079202565094648,93.33856604671207,-99.86955031208213,0.9346048495766588,111.0690747837076,-107.8501557854151,5,5,-1378.7165800700677,-13.563648823586904,8949,-0.628936115777249,-0.004043622899023983,-0.19269477879214605,0.0013377641721974858,-3.0027491871954384,81,-0.4541599580770404,-4.0925350601617545,72.38178961776661,-5.943693058659324,IS_VALIDATION
0.6,0.4,2.0,1.5,True,10000.0,9373.842135795257,-626.1578642047425,-6.261578642047427,103,153,48.54368932038835,51.45631067961165,0.8817026882798669,-6.079202565094648,93.33856604671207,-99.86955031208213,0.9346048495766588,111.0690747837076,-107.8501557854151,5,5,-1378.7165800700677,-13.563648823586904,8949,-0.628936115777249,-0.004043622899023983,-0.19269477879214605,0.0013377641721974858,-3.0027491871954384,81,-0.4541599580770404,-4.0925350601617545,72.38178961776661,-5.943693058659324,IS_VALIDATION
0.7,0.3,2.0,1.5,True,10000.0,9967.978790840314,-32.021209159685895,-0.3202120915968609,4,6,50.0,50.0,0.8467081182612002,-8.005302289921314,88.43461716467047,-104.44522174451309,0.8467081182612002,112.10024649799661,-105.50029305291511,1,1,-144.1214556576815,-1.4252376078608733,10783,-0.1832917099898428,-0.0011784385363213738,-0.0046106656898599685,0.004450802425600951,-2.6158101042593347,81,-0.2221821103149481,-5.336868193280876,80.75703753584197,-9.090018564069803,IS_VALIDATION
0.7,0.35,2.0,1.5,True,10000.0,9967.978790840314,-32.021209159685895,-0.3202120915968609,4,6,50.0,50.0,0.8467081182612002,-8.005302289921314,88.43461716467047,-104.44522174451309,0.8467081182612002,112.10024649799661,-105.50029305291511,1,1,-144.1214556576815,-1.4252376078608733,10783,-0.1832917099898428,-0.0011784385363213738,-0.0046106656898599685,0.004450802425600951,-2.6158101042593347,81,-0.2221821103149481,-5.336868193280876,80.75703753584197,-9.090018564069803,IS_VALIDATION
0.7,0.4,2.0,1.5,True,10000.0,9967.978790840314,-32.021209159685895,-0.3202120915968609,4,6,50.0,50.0,0.8467081182612002,-8.005302289921314,88.43461716467047,-104.44522174451309,0.8467081182612002,112.10024649799661,-105.50029305291511,1,1,-144.1214556576815,-1.4252376078608733,10783,-0.1832917099898428,-0.0011784385363213738,-0.0046106656898599685,0.004450802425600951,-2.6158101042593347,81,-0.2221821103149481,-5.336868193280876,80.75703753584197,-9.090018564069803,IS_VALIDATION
0.7,0.4,2.0,2.5,True,10000.0,9877.262961947541,-122.73703805245896,-1.227370380524595,4,5,25.0,75.0,0.6068776447072599,-30.684259513114526,189.4737441633268,-104.07026073859497,1.8206329341217797,189.4737441633268,-106.95827986651439,1,3,-312.210782215785,-3.064052080163843,10783,-0.5173136013135555,-0.003325967569318152,-0.025051005518303873,0.0019700628686292717,-2.882915936737302,81,-0.39312235529274275,-24.54740761049162,109.73583384892555,-9.475854607593616,IS_VALIDATION
0.7,0.3,2.0,2.5,True,10000.0,9877.262961947541,-122.73703805245896,-1.227370380524595,4,5,25.0,75.0,0.6068776447072599,-30.684259513114526,189.4737441633268,-104.07026073859497,1.8206329341217797,189.4737441633268,-106.95827986651439,1,3,-312.210782215785,-3.064052080163843,10783,-0.5173136013135555,-0.003325967569318152,-0.025051005518303873,0.0019700628686292717,-2.882915936737302,81,-0.39312235529274275,-24.54740761049162,109.73583384892555,-9.475854607593616,IS_VALIDATION
0.7,0.35,2.0,2.5,True,10000.0,9877.262961947541,-122.73703805245896,-1.227370380524595,4,5,25.0,75.0,0.6068776447072599,-30.684259513114526,189.4737441633268,-104.07026073859497,1.8206329341217797,189.4737441633268,-106.95827986651439,1,3,-312.210782215785,-3.064052080163843,10783,-0.5173136013135555,-0.003325967569318152,-0.025051005518303873,0.0019700628686292717,-2.882915936737302,81,-0.39312235529274275,-24.54740761049162,109.73583384892555,-9.475854607593616,IS_VALIDATION
0.7,0.4,2.0,2.0,True,10000.0,9838.576213114873,-161.4237868851269,-1.6142378688512649,4,5,25.0,75.0,0.48296536801359485,-40.35594672128151,150.78699533065887,-104.07026073859497,1.4488961040407846,150.78699533065887,-106.95827986651439,1,3,-312.210782215785,-3.0757298164112923,10783,-0.7617686801677691,-0.0048976441352536725,-0.03325146842873598,0.0009594397125046269,-3.102508646259592,81,-0.5170346319864078,-32.28475737702521,98.89013326983499,-9.65235126350262,IS_VALIDATION
0.7,0.35,2.0,2.0,True,10000.0,9838.576213114873,-161.4237868851269,-1.6142378688512649,4,5,25.0,75.0,0.48296536801359485,-40.35594672128151,150.78699533065887,-104.07026073859497,1.4488961040407846,150.78699533065887,-106.95827986651439,1,3,-312.210782215785,-3.0757298164112923,10783,-0.7617686801677691,-0.0048976441352536725,-0.03325146842873598,0.0009594397125046269,-3.102508646259592,81,-0.5170346319864078,-32.28475737702521,98.89013326983499,-9.65235126350262,IS_VALIDATION
0.7,0.3,2.0,2.0,True,10000.0,9838.576213114873,-161.4237868851269,-1.6142378688512649,4,5,25.0,75.0,0.48296536801359485,-40.35594672128151,150.78699533065887,-104.07026073859497,1.4488961040407846,150.78699533065887,-106.95827986651439,1,3,-312.210782215785,-3.0757298164112923,10783,-0.7617686801677691,-0.0048976441352536725,-0.03325146842873598,0.0009594397125046269,-3.102508646259592,81,-0.5170346319864078,-32.28475737702521,98.89013326983499,-9.65235126350262,IS_VALIDATION
